id_reserva,fecha_reserva,destino,nombre_tour,tipo_tour,pax_adultos,pax_ninos,pais_origen,idioma_guia,precio_unitario,ingreso_total,duracion_horas,calificacion,metodo_pago,estado_reserva,id_guia,temporada,mes,anio,email_contacto
RES05530,2021-05-02,Playa del Carmen,Xcaret,Privado,2,1.0,España,Frances,1327.64,3319.1,5.0,2.7,Tarjeta credito,Confirmada,,Media,5,2021,cliente417@outlook.com
RES00711,2021-08-15,Cancun,Laguna Nichupte,Grupal,18,1.0,Mexico,Español,883.19,16339.02,10.3,5.0,Transferencia,Completada,G014,Alta,8,2021,cliente732@hotmail.com
RES04924,2023-10-02,Bacalar,Fuerte de San Felipe,Grupal,7,3.0,Reino Unido,Español,832.0,7072.0,9.5,3.0,Efectivo,Completada,,Media,10,2023,cliente9207@gmail.com
RES02154,2021-11-01,Tulum,Sian Ka'an,Privado,2,1.0,Mexico,Español,1470.93,3677.33,3.0,4.8,Tarjeta credito,Confirmada,G020,Media,11,2021,cliente2190@gmail.com
RES01273,2021-12-25,Chichen Itza,Valladolid + Chichen Itza,Grupal,18,8.0,Estados Unidos,Frances,1358.71,29891.62,4.0,4.0,Paypal,Pendiente,G032,Alta,12,2021,cliente2840@icloud.com
RES02317,2022-05-31,Playa del Carmen,Quinta Avenida + Cozumel,Privado,3,0.0,Canada,Español,1213.44,-3640.32,4.9,5.0,Paypal,Completada,G022,Media,5,2022,cliente9091@icloud.com
RES02095,2023-05-17,Chichen Itza,Chichen Itza + Cenote Ik Kil,Grupal,15,6.0,,Aleman,1209.1,21763.8,2.5,,Efectivo,Completada,G032,Media,5,2023,cliente5873@icloud.com
RES03128,2024-03-31,Holbox,Avistamiento Tiburon Ballena,Privado,1,0.0,Canada,Ingles,,2073.94,9.7,4.2,Tarjeta credito,Completada,G036,Alta,3,2024,cliente2795@gmail.com
RES00743,2021-08-25,Tulum,Cenote Dos Ojos,Grupal,10,1.0,Mexico,Español,1203.65,12638.33,4.3,4.7,Tarjeta debito,Completada,G033,Alta,8,2021,cliente7164@outlook.com
RES00297,2022-08-12,Holbox,Punta Mosquito,Grupal,13,1.0,Canada,Español,1212.94,16374.69,8.7,5.0,Efectivo,Completada,G018,Alta,8,2022,cliente8093@icloud.com
RES03695,2022-05-27,Bacalar,Fuerte de San Felipe,Privado,4,0.0,Estados Unidos,Frances,45000.0,5752.92,8.7,1.0,Tarjeta credito,Completada,G025,Media,5,2022,cliente9371@hotmail.com
RES01143,2024-02-10,Bacalar,Laguna de los 7 Colores,Grupal,11,0.0,Mexico,Ingles,752.53,8277.83,6.1,4.7,Paypal,Completada,G021,Baja,2,2024,cliente9280@yahoo.com
RES00409,2023-10-11,Uxmal,Ruta Puuc,Grupal,16,6.0,Italia,Español,1094.39,20793.41,9.9,4.9,Tarjeta credito,Confirmada,G024,Media,10,2023,cliente9653@outlook.com
RES05286,2022-12-01,Chichen Itza,Chichen Itza + Cenote Ik Kil,Grupal,7,2.0,Reino Unido,Español,1381.47,11051.76,7.6,2.9,Tarjeta credito,Confirmada,G011,Alta,12,2022,cliente9972@hotmail.com
RES03950,2021-07-30,Holbox,Tour Isla Holbox,Privado,2,1.0,Estados Unidos,Aleman,1822.0,4555.0,8.5,5.0,Efectivo,Completada,G011,Alta,7,2021,cliente5352@yahoo.com
RES01621,2022-06-04,Holbox,Tour Isla Holbox,grupal,5,2.0,Canada,Español,1141.25,6847.5,8.8,5.0,Paypal,Confirmada,G003,Media,6,2022,cliente5498@icloud.com
RES02054,2021-05-26,Bacalar,Fuerte de San Felipe,Grupal,5,,Reino Unido,Ingles,981.14,5886.84,8.5,3.7,Tarjeta credito,Completada,,Media,5,2021,cliente3756@gmail.com
RES05594,2022-03-26,Bacalar,Laguna de los 7 Colores,Grupal,20,,Mexico,Español,1181.49,25402.03,7.0,3.8,Tarjeta credito,Completada,G018,Alta,3,2022,usuario.dominio.com
RES05759,2024-03-31,Bacalar,Fuerte de San Felipe,Grupal,7,,Argentina,Frances,1060.8,9016.8,10.2,4.1,Crypto,Completada,G022,Alta,3,2024,cliente1055@icloud.com
RES00866,2023-12-16,Holbox,Punta Mosquito,grupo,8,3.0,Suecia,Español,1280.68,12166.46,9.3,4.6,Paypal,Completada,G020,Alta,12,2023,
RES00806,2023-04-29,Chichen Itza,Valladolid + Chichen Itza,Privado,2,0.0,Estados Unidos,Español,2328.09,4656.18,8.1,5.0,Efectivo,Completada,G015,Alta,4,2023,cliente2545@gmail.com
RES00656,2024-02-09,Akumal,Cenote Yalku,Grupal,17,7.0,Mexico,Frances,678.72,13913.76,2.7,1.1,Tarjeta credito,Completada,G034,Baja,2,2024,cliente5635@icloud.com
RES04818,2021-08-18,Tulum,Sian Ka'an,Grupal,19,1.0,Argentina,Italiano,1049.8,20471.1,6.8,1.7,Tarjeta credito,Completada,G003,Alta,8,2021,cliente8832@hotmail.com
RES02516,2023-02-23,Cozumel,Snorkel El Cielo,Grupal,19,9.0,Estados Unidos,Frances,909.73,21378.65,5.0,4.7,TARJETA CREDITO,Confirmada,G024,Baja,2,2023,cliente1367@hotmail.com
RES05671,2021-04-26,Uxmal,Ruta Puuc,Grupal,12,3.0,Colombia,Español,1169.98,15794.73,3.9,5.0,Tarjeta credito,Completada,G027,Alta,4,2021,cliente4397@hotmail.com
RES00024,2023-12-15,Uxmal,Ruta Puuc,Grupal,20,10.0,Mexico,Ingles,1241.72,31043.0,8.2,5.0,Tarjeta credito,Completada,G035,Alta,12,2023,cliente273@hotmail.com
RES01422,2021-05-08,Bacalar,Kayak Canales,Privado,2,0.0,Estados Unidos,Español,1407.38,2814.76,4.8,5.0,Tarjeta credito,Confirmada,G033,Media,5,2021,cliente6631@icloud.com
RES05655,2024-02-03,Merida,Izamal + Merida,Privado,1,0.0,Canada,Ingles,892.17,892.17,2.7,4.6,Efectivo,Completada,G017,Baja,2,2024,cliente5491@gmail.com
RES05256,2021-09-03,Bacalar,Kayak Canales,Grupal,6,,Holanda,Aleman,744.59,5212.13,3.1,4.6,Efectivo,Completada,G022,Baja,9,2021,cliente5654@gmail.com
RES02437,2022-05-27,Akumal,Cenote Yalku,Grupal,12,2.0,Italia,Ingles,797.3,10364.9,6.4,3.0,Transferencia,Cancelada,G013,Media,5,2022,
RES04161,2023-12-31,Chichen Itza,Valladolid + Chichen Itza,Grupal,18,1.0,Canada,Ingles,1488.67,27540.4,8.6,4.3,Tarjeta debito,Completada,G017,Alta,12,2023,cliente9493@icloud.com
RES01631,2021-06-29,Holbox,Tour Isla Holbox,Grupal,8,3.0,Japon,Español,1086.94,10325.93,,4.8,Transferencia,Confirmada,,Media,6,2021,cliente1547@yahoo.com
RES02518,2024-01-17,Chichen Itza,Valladolid + Chichen Itza,Grupal,12,6.0,Brasil,Italiano,1100.59,16508.85,3.9,5.0,Tarjeta debito,Pendiente,G007,Baja,1,2024,sinArroba.com
RES03586,2021-09-05,Playa del Carmen,Quinta Avenida + Cozumel,Privado,4,2.0,Mexico,Italiano,1096.55,5482.75,10.0,5.0,,Cancelada,G027,Baja,9,2021,cliente5831@hotmail.com
RES02858,2022-09-28,Akumal,Snorkel Tortugas Akumal,Grupal,11,0.0,Alemania,Español,746.68,8213.48,7.8,3.1,Tarjeta debito,Completada,G034,Baja,9,2022,cliente9283@icloud.com
RES05386,2022-01-05,Akumal,Snorkel Tortugas Akumal,Privado,1,0.0,Canada,Español,1015.14,1015.14,7.8,3.7,Efectivo,Completada,G021,Baja,1,2022,cliente6301@hotmail.com
RES05635,2021-03-12,Uxmal,Ruta Puuc,Privado,3,0.0,Estados Unidos,Frances,1767.55,5302.65,6.3,,Efectivo,Completada,G014,Alta,3,2021,cliente6800@hotmail.com
RES04490,2023-12-24,Tulum,Cenote Gran Cenote,Grupal,20,0.0,España,Español,1152.09,23041.8,6.6,3.7,Tarjeta debito,Completada,G028,Alta,12,2023,
RES04743,2021-02-06,Merida,Haciendas del Mayab,Grupal,20,7.0,Reino Unido,Español,616.07,14477.65,4.3,4.7,Tarjeta debito,Completada,G008,Baja,2,2021,cliente7430@outlook.com
RES02967,2023-04-17,Bacalar,Fuerte de San Felipe,Grupal,4,1.0,Estados Unidos,Ingles,1144.85,5151.82,10.0,3.9,Tarjeta debito,Completada,G028,Alta,4,2023,cliente5403@gmail.com
RES00255,2021-02-23,Tulum,Cenote Gran Cenote,Privado,4,0.0,Estados Unidos,Español,1170.18,4680.72,6.9,3.9,Tarjeta credito,Pendiente,G029,Baja,2,2021,cliente4615@icloud.com
RES02550,2021-05-20,Cozumel,Buceo Arrecife Palancar,Privado,1,0.0,Canada,Frances,1593.21,1593.21,5.4,5.0,Tarjeta credito,Completada,G028,Media,5,2021,cliente7163@hotmail.com
RES01194,2021-05-21,Cancun,Isla Mujeres,Privado,-3,0.0,Italia,Frances,1084.59,3253.77,9.2,4.4,Efectivo,Completada,G033,Media,5,2021,cliente5052@outlook.com
RES00222,2022-06-08,Merida,Izamal + Merida,Privado,3,0.0,Mexico,Ingles,1007.89,3023.67,5.5,2.8,Efectivo,Confirmada,G005,Media,6,2022,cliente8334@outlook.com
RES01742,2021-02-04,Bacalar,Fuerte de San Felipe,Grupal,5,1.0,Brasil,Frances,725.24,3988.82,8.2,2.7,Tarjeta debito,Completada,G032,Baja,2,2021,cliente3114@icloud.com
RES04249,2021-12-18,Merida,Izamal + Merida,Grupal,7,0.0,Mexico,Español,829.02,5803.14,7.4,2.6,Efectivo,Completada,,Alta,12,2021,cliente653@hotmail.com
RES04221,2021-03-24,Chichen Itza,Valladolid + Chichen Itza,Privado,1,0.0,Mexico,Frances,2247.76,2247.76,6.0,4.8,Tarjeta credito,Cancelada,G011,Alta,3,2021,sinArroba.com
RES01162,2023-08-08,Tulum,Cenote Dos Ojos,Grupal,18,2.0,Mexico,Portugues,1049.05,19931.95,,4.2,Efectivo,Completada,G024,Alta,8,2023,cliente2179@hotmail.com
RES01401,2022-04-22,Chichen Itza,Chichen Itza + Cenote Ik Kil,Grupal,11,1.0,Estados Unidos,Italiano,1561.13,17953.0,4.9,4.8,Tarjeta debito,Completada,G036,Alta,4,2022,
RES04352,2021-03-29,Uxmal,Ruta Puuc,Grupal,20,9.0,Reino Unido,Aleman,,28476.1,8.0,4.3,Tarjeta credito,Confirmada,G021,Alta,3,2021,cliente1090@icloud.com
RES00882,2024-01-11,Cancun,Zona Hotelera Tour,Grupal,9,3.0,Belgica,,636.34,6681.57,5.0,3.9,Tarjeta debito,Confirmada,G024,Baja,1,2024,cliente1350@hotmail.com
RES05673,2022-07-16,Akumal,Snorkel Tortugas Akumal,Privado,1,0.0,Japon,Italiano,1506.34,1506.34,5.6,5.0,Tarjeta debito,Cancelada,,Alta,7,2022,cliente3146@gmail.com
RES04796,2022-02-17,Chichen Itza,Valladolid + Chichen Itza,Grupal,12,1.0,Mexico,Ingles,969.45,12118.12,6.8,4.2,Tarjeta debito,Pendiente,G029,Baja,2,2022,@dominio.com
RES00566,2021-10-21,Uxmal,Uxmal + Kabah,Privado,4,1.0,Colombia,Portugues,1604.32,7219.44,8.8,4.7,Tarjeta credito,Confirmada,G023,Media,10,2021,us er@gmail.com
RES00756,2024-01-05,Merida,Centro Historico Merida,Privado,1,0.0,,Aleman,972.26,972.26,4.7,2.8,Tarjeta credito,Completada,G009,Baja,1,2024,cliente4630@yahoo.com
RES02500,2021-07-05,Holbox,Avistamiento Tiburon Ballena,Privado,1,0.0,Japon,Aleman,2071.12,2071.12,8.8,4.8,Efectivo,Completada,G002,Alta,7,2021,cliente5649@yahoo.com
RES03694,2022-01-12,Cancun,Snorkel Arrecife,Grupal,4,0.0,Italia,Español,633.28,2533.12,7.9,5.0,Efectivo,Completada,G028,Baja,1,2022,usuario.dominio.com
RES01877,2022-12-21,Cozumel,Buceo Arrecife Palancar,Grupal,8,4.0,Canada,Ingles,1227.22,12272.2,8.6,3.8,Tarjeta credito,Completada,G040,Alta,12,2022,cliente8304@yahoo.com
RES00080,2022-07-03,Akumal,Cenote Yalku,Privado,3,1.0,Mexico,Ingles,1495.44,5234.04,4.5,4.9,Transferencia,Confirmada,G040,Alta,7,2022,cliente431@gmail.com
RES02338,2023-04-05,Chichen Itza,Chichen Itza + Cenote Ik Kil,Grupal,11,1.0,Mexico,Italiano,1576.09,18125.03,9.7,5.0,Efectivo,Completada,G017,Alta,4,2023,cliente7107@icloud.com
RES05591,2024-03-30,Cancun,Laguna Nichupte,Privado,3,1.0,Mexico,Ingles,1293.21,4526.24,9.8,,Efectivo,Completada,G038,Alta,3,2024,cliente5997@icloud.com
RES02804,2021-11-27,Cancun,Snorkel Arrecife,Privado,4,1.0,Mexico,Ingles,1101.28,4955.76,6.5,3.8,Tarjeta credito,Completada,G001,Media,11,2021,cliente9533@gmail.com
RES00764,2021-06-20,Bacalar,Laguna de los 7 Colores,Grupal,11,3.0,Mexico,Ingles,943.76,11797.0,10.1,3.8,Tarjeta debito,Confirmada,G021,Media,6,2021,cliente1485@hotmail.com
RES01600,2022-07-06,Tulum,Cenote Gran Cenote,Grupal,4,0.0,Mexico,Español,1157.24,4628.96,5.1,,Tarjeta debito,Completada,G020,Alta,7,2022,usuario@
RES02289,2023-11-19,Holbox,Tour Isla Holbox,Grupal,20,3.0,Francia,Ingles,994.59,21383.69,4.0,4.9,Tarjeta credito,Confirmada,G028,Media,11,2023,cliente4992@outlook.com
RES05262,2023-04-14,Merida,Izamal + Merida,Grupal,4,1.0,Brasil,Ingles,920.91,4144.1,,5.0,Tarjeta debito,Completada,G040,Alta,4,2023,cliente8426@outlook.com
RES05026,2023-04-13,Playa del Carmen,Xel-Ha,Grupal,4,2.0,,Español,978.44,4892.2,9.0,5.0,Tarjeta debito,Completada,G039,Alta,4,2023,cliente6724@icloud.com
RES01884,2021-03-15,Cozumel,Snorkel El Cielo,Grupal,14,5.0,Belgica,Aleman,1277.1,21072.15,9.3,4.9,Tarjeta credito,Completada,G031,Alta,3,2021,cliente6041@gmail.com
RES04733,2023-09-16,Cancun,Zona Hotelera Tour,Grupal,9,0.0,Italia,Español,691.46,6223.14,7.2,1.7,Efectivo,Completada,,Baja,9,2023,cliente6502@outlook.com
RES02192,2023-08-03,Cancun,Laguna Nichupte,Grupal,14,4.0,Francia,Ingles,910.84,14573.44,5.1,4.9,Paypal,Completada,G035,Alta,8,2023,cliente1715@hotmail.com
RES05624,2021-08-17,Cancun,Zona Hotelera Tour,Grupal,12,1.0,Mexico,Italiano,939.38,11742.25,4.7,4.1,Efectivo,Pendiente,G009,Alta,8,2021,cliente7613@hotmail.com
RES02300,2023-10-01,Merida,Haciendas del Mayab,Grupal,12,0.0,Mexico,Español,754.51,9054.12,6.8,5.0,Tarjeta credito,Completada,G006,Media,10,2023,cliente5069@hotmail.com
RES00168,2023-11-23,Cancun,Laguna Nichupte,Grupal,19,7.0,Mexico,Frances,787.96,17729.1,8.5,4.1,Tarjeta credito,Completada,G011,Media,11,2023,cliente2875@yahoo.com
RES03251,2021-03-10,Holbox,Avistamiento Tiburon Ballena,Grupal,7,1.0,Brasil,Ingles,1334.26,10006.95,8.2,4.9,,Completada,G031,Alta,3,2021,cliente9238@icloud.com
RES05252,2023-04-07,Merida,Centro Historico Merida,Grupal,11,4.0,Canada,Español,914.12,11883.56,6.4,4.1,Efectivo,Completada,G039,Alta,4,2023,cliente1698@hotmail.com
RES03451,2021-02-15,Holbox,Punta Mosquito,grupo,13,4.0,Mexico,Español,862.01,12930.15,3.0,4.1,Efectivo,Cancelada,G001,Baja,2,2021,cliente7026@hotmail.com
RES01510,2022-05-26,Chichen Itza,Valladolid + Chichen Itza,Grupal,8,3.0,Mexico,Español,,10859.74,3.8,4.6,Tarjeta credito,Pendiente,G005,Media,5,2022,
RES04662,2021-06-01,Tulum,Ruinas de Tulum,Grupal,4,2.0,,Español,924.32,4621.6,5.1,5.0,Tarjeta credito,Pendiente,G018,Media,6,2021,cliente3509@outlook.com
RES03168,2022-06-12,Cancun,Zona Hotelera Tour,Grupal,4,1.0,Brasil,Español,784.94,3532.23,2.9,5.0,Transferencia,Pendiente,G021,Media,6,2022,cliente4949@outlook.com
RES00229,2021-11-09,Akumal,Snorkel Tortugas Akumal,Grupal,18,3.0,,Ingles,847.39,16524.1,2.8,5.0,Tarjeta debito,Completada,G038,Media,11,2021,cliente3375@yahoo.com
RES00531,2023-09-03,Cancun,Zona Hotelera Tour,Grupal,19,1.0,Francia,Italiano,655.52,12782.64,4.6,5.0,,Completada,G011,Baja,9,2023,
RES02378,2022-09-05,Cozumel,Snorkel El Cielo,Privado,3,1.0,Estados Unidos,Ingles,1443.23,5051.31,7.2,1.9,Efectivo,Completada,G017,Baja,9,2022,cliente7739@hotmail.com
RES01372,2021-08-12,Bacalar,Kayak Canales,Grupal,16,0.0,Estados Unidos,Frances,1126.52,18024.32,2.7,4.2,Crypto,Confirmada,G015,Alta,8,2021,cliente5314@hotmail.com
RES04869,2022-07-21,Cozumel,Buceo Arrecife Palancar,Grupal,15,2.0,Canada,Ingles,1269.28,20308.48,,1.9,Efectivo,Pendiente,G022,Alta,7,2022,cliente7527@outlook.com
RES00085,2023-11-23,Chichen Itza,Chichen Itza + Cenote Ik Kil,Grupal,11,1.0,Estados Unidos,Aleman,1135.27,13055.6,7.7,5.0,Transferencia,Confirmada,G027,Media,11,2023,cliente7274@yahoo.com
RES03927,2023-09-23,Chichen Itza,Valladolid + Chichen Itza,Grupal,20,2.0,Italia,Español,1117.1,23459.1,4.4,4.8,,Completada,G020,Baja,9,2023,cliente1148@hotmail.com
RES01023,2023-05-26,Uxmal,Ruta Puuc,Privado,1,0.0,Japon,Frances,1479.68,1479.68,2.5,4.1,Efectivo,Completada,G038,Media,5,2023,cliente4295@gmail.com
RES04819,2022-04-25,Uxmal,Ruta Puuc,Grupal,14,0.0,Australia,Ingles,1171.14,16395.96,3.5,4.8,Tarjeta credito,Completada,G019,Alta,4,2022,cliente8630@hotmail.com
RES00677,2022-03-08,Playa del Carmen,Quinta Avenida + Cozumel,Privado,2,0.0,Estados Unidos,Español,1643.33,3286.66,6.5,3.7,EFECTIVO,Completada,G036,Alta,3,2022,cliente5192@hotmail.com
RES05904,2021-09-08,Merida,Haciendas del Mayab,Privado,1,0.0,Brasil,Español,900.71,900.71,3.7,3.7,Tarjeta credito,Cancelada,G026,Baja,9,2021,cliente1504@outlook.com
RES05820,2022-07-30,Akumal,Snorkel Tortugas Akumal,Grupal,15,2.0,Alemania,Ingles,973.65,15578.4,4.0,5.0,Tarjeta credito,Completada,G023,Alta,7,2022,cliente702@yahoo.com
RES01449,2021-12-25,Uxmal,Uxmal + Kabah,Grupal,5,2.0,Canada,Ingles,1285.41,7712.46,8.0,,Tarjeta credito,Completada,G039,Alta,12,2021,cliente3788@gmail.com
RES01658,2022-03-10,Uxmal,Ruta Puuc,Grupal,13,4.0,Estados Unidos,Español,1260.36,18905.4,4.5,4.8,Tarjeta debito,Completada,G025,Alta,3,2022,cliente9524@gmail.com
RES01696,2023-09-04,Chichen Itza,Chichen Itza + Cenote Ik Kil,Privado,1,0.0,Mexico,Portugues,1537.93,1537.93,9.3,5.0,Efectivo,Completada,G036,Baja,9,2023,cliente6887@outlook.com
RES01670,2023-04-26,Cozumel,Snorkel El Cielo,Grupal,19,6.0,Brasil,Ingles,1402.61,30857.42,10.3,4.1,EFECTIVO,Completada,G022,Alta,4,2023,sinArroba.com
RES05206,2023-11-04,Akumal,Snorkel Tortugas Akumal,Grupal,10,5.0,Estados Unidos,Español,838.43,10480.38,3.4,5.0,Efectivo,Confirmada,G029,Media,11,2023,cliente1082@yahoo.com
RES04328,2022-11-26,Tulum,Cenote Gran Cenote,Privado,2,0.0,Estados Unidos,Frances,1407.79,2815.58,8.1,4.9,Tarjeta credito,Confirmada,G017,Media,11,2022,cliente7028@hotmail.com
RES01617,2022-08-31,Cancun,Isla Mujeres,Grupal,18,5.0,Brasil,Ingles,951.86,19513.13,9.4,5.0,Efectivo,Completada,G008,Alta,8,2022,cliente8716@outlook.com
RES01098,2021-02-17,Akumal,Cenote Yalku,Privado,1,0.0,Reino Unido,Ingles,1075.01,1075.01,4.5,5.0,Efectivo,Confirmada,G017,Baja,2,2021,cliente2617@outlook.com
RES03516,2023-11-18,Akumal,Snorkel Tortugas Akumal,Grupal,6,3.0,Brasil,Aleman,737.73,5532.98,9.4,,Paypal,Cancelada,G012,Media,11,2023,cliente9526@outlook.com
RES03104,2022-03-04,Uxmal,Ruta Puuc,Privado,2,0.0,Alemania,Frances,1865.2,3730.4,5.9,4.1,Paypal,Completada,G022,Alta,3,2022,cliente8501@icloud.com
RES04636,2022-12-22,Cozumel,Snorkel El Cielo,Grupal,15,2.0,Estados Unidos,Italiano,1439.4,23030.4,8.6,4.2,Tarjeta credito,Completada,G004,Alta,12,2022,cliente7768@hotmail.com
RES04571,2022-02-16,Cozumel,Buceo Arrecife Palancar,Grupal,5,0.0,Alemania,Ingles,1017.66,5088.3,3.2,3.4,Tarjeta debito,Completada,G035,Baja,2,2022,
RES00038,2021-06-26,Bacalar,Fuerte de San Felipe,Grupal,18,8.0,Estados Unidos,Portugues,830.66,18274.52,6.2,5.0,Tarjeta credito,Completada,G006,Media,6,2021,cliente5417@gmail.com
RES01499,2023-02-04,Cancun,Isla Mujeres,Privado,1,0.0,Estados Unidos,Ingles,892.91,892.91,8.8,4.2,Tarjeta debito,Completada,G009,Baja,2,2023,cliente4199@icloud.com
RES03647,2023-04-24,Cancun,Laguna Nichupte,Privado,1,,España,Ingles,1317.84,1317.84,7.9,3.7,Tarjeta debito,Completada,G039,Alta,4,2023,cliente4803@gmail.com
RES01455,2023-07-14,Holbox,Tour Isla Holbox,Grupal,17,5.0,Mexico,Español,1348.62,26298.09,4.5,4.9,Efectivo,Pendiente,G036,Alta,7,2023,cliente2314@yahoo.com
RES02457,2022-06-21,Cancun,Zona Hotelera Tour,Grupal,4,2.0,Estados Unidos,Español,742.9,3714.5,9.7,,Efectivo,Completada,G011,Media,6,2022,cliente9049@icloud.com
RES00692,2023-07-19,Merida,Izamal + Merida,Grupal,16,3.0,Estados Unidos,Español,843.87,14767.73,7.8,4.9,Tarjeta credito,Completada,G037,Alta,7,2023,cliente4871@icloud.com
RES02196,2023-09-14,Playa del Carmen,Quinta Avenida + Cozumel,Grupal,5,2.0,Polonia,Español,692.18,4153.08,3.5,4.9,Transferencia,Completada,G038,Baja,9,2023,cliente2578@gmail.com
RES03492,2021-06-11,Bacalar,Laguna de los 7 Colores,Grupal,12,6.0,Mexico,Italiano,838.16,12572.4,3.6,5.0,Efectivo,Confirmada,G034,Media,6,2021,cliente7533@outlook.com
RES00707,2023-04-20,Cozumel,Snorkel El Cielo,Grupal,11,4.0,Estados Unidos,Español,1232.42,16021.46,9.9,3.9,Efectivo,Completada,G018,Alta,4,2023,cliente2089@gmail.com
RES01221,2021-02-16,Playa del Carmen,Quinta Avenida + Cozumel,Grupal,19,2.0,Estados Unidos,Español,692.13,13842.6,6.3,3.1,Tarjeta credito,Completada,G030,Baja,2,2021,cliente3645@gmail.com
RES05963,2023-11-11,Bacalar,Fuerte de San Felipe,Privado,1,0.0,Estados Unidos,Italiano,1355.1,1355.1,4.5,2.2,Tarjeta credito,Confirmada,G015,Media,11,2023,cliente4509@yahoo.com
RES02451,2023-11-15,Merida,Centro Historico Merida,Grupal,20,8.0,,Frances,743.22,17837.28,,4.7,Tarjeta credito,Completada,G006,Media,11,2023,cliente3001@gmail.com
RES01407,2024-01-05,Chichen Itza,Valladolid + Chichen Itza,Grupal,9,1.0,Canada,Español,1011.28,9607.16,4.1,5.0,Efectivo,Completada,G004,Baja,1,2024,cliente9115@icloud.com
RES04767,2023-08-26,Tulum,Cenote Dos Ojos,Grupal,17,5.0,Mexico,Portugues,1174.06,22894.17,4.1,4.7,Tarjeta credito,Completada,G033,Alta,8,2023,cliente4514@yahoo.com
RES05207,2021-03-02,Akumal,Cenote Yalku,Grupal,9,4.0,Estados Unidos,Español,999.6,10995.6,4.2,4.0,Tarjeta credito,Confirmada,,Alta,3,2021,cliente668@icloud.com
RES04601,2023-08-24,Holbox,Punta Mosquito,Grupal,11,0.0,Estados Unidos,Español,1172.08,12892.88,8.2,2.9,Tarjeta debito,Confirmada,G021,Alta,8,2023,cliente3265@outlook.com
RES01893,2021-10-28,Bacalar,Fuerte de San Felipe,Grupal,8,0.0,Mexico,Portugues,850.28,-6802.24,8.8,5.0,Transferencia,Completada,G038,Media,10,2021,cliente2641@icloud.com
RES01515,2021-12-13,Cozumel,Buceo Arrecife Palancar,Grupal,6,,Canada,Frances,1442.09,10094.63,5.9,1.2,Tarjeta credito,Completada,G016,Alta,12,2021,cliente8213@outlook.com
RES04029,2021-08-27,Cancun,Laguna Nichupte,Privado,4,0.0,Italia,Español,1427.61,5710.44,8.5,4.9,Efectivo,Completada,G035,Alta,8,2021,cliente4402@yahoo.com
RES00507,2023-09-18,Playa del Carmen,Xel-Ha,Grupal,6,2.0,Suecia,Frances,693.93,4857.51,6.8,-1.0,Tarjeta credito,Cancelada,,Baja,9,2023,cliente2440@outlook.com
RES03754,2023-07-09,Playa del Carmen,Xcaret,Privado,1,0.0,Mexico,Español,1504.69,1504.69,4.4,4.3,Tarjeta debito,Cancelada,G021,Alta,7,2023,cliente3427@outlook.com
RES01567,2022-08-13,Merida,Centro Historico Merida,Privado,3,0.0,Mexico,Español,1353.43,4060.29,6.4,5.0,Efectivo,Cancelada,G010,Alta,8,2022,cliente1595@yahoo.com
RES03341,2023-09-28,Tulum,Ruinas de Tulum,Privado,1,0.0,Colombia,Aleman,1253.72,1253.72,9.9,3.2,,Completada,,Baja,9,2023,cliente2815@hotmail.com
RES00094,2022-02-08,Chichen Itza,Valladolid + Chichen Itza,Grupal,15,2.0,Canada,Español,1053.77,16860.32,8.5,4.9,Efectivo,Completada,G022,Baja,2,2022,cliente9452@icloud.com
RES04646,2021/10/17,Chichen Itza,Chichen Itza + Cenote Ik Kil,Grupal,18,1.0,Canada,Frances,1143.7,21158.45,6.2,4.1,,Completada,G011,Media,10,2021,
RES02120,2023-12-18,Uxmal,Uxmal + Kabah,Privado,4,0.0,Reino Unido,Ingles,1856.17,7424.68,9.1,4.3,Efectivo,Completada,G004,Alta,12,2023,cliente1351@yahoo.com
RES02324,2022-09-25,Holbox,Punta Mosquito,Privado,3,0.0,Mexico,Ingles,1456.92,4370.76,3.1,,Tarjeta credito,Completada,G001,Baja,9,2022,
RES04926,2021-04-05,Cozumel,Tour Isla Cozumel,Privado,4,0.0,Mexico,Español,1850.9,7403.6,7.0,5.0,Efectivo,Completada,G027,Alta,4,2021,cliente2425@hotmail.com
RES03888,2021-07-05,Cozumel,Tour Isla Cozumel,Grupal,13,6.0,Estados Unidos,Español,1300.86,20813.76,6.2,3.7,Transferencia,Completada,G021,Alta,7,2021,cliente1017@yahoo.com
RES03025,2024-01-05,Merida,Centro Historico Merida,Grupal,18,0.0,Holanda,Español,605.12,10892.16,,4.4,Efectivo,Cancelada,G018,Baja,1,2024,cliente7194@icloud.com
RES01739,2022-08-28,Bacalar,Laguna de los 7 Colores,Grupal,12,5.0,Francia,Español,1058.16,15343.32,4.8,4.8,Transferencia,Completada,G038,Alta,8,2022,cliente6656@gmail.com
RES02307,2021-06-07,Merida,Centro Historico Merida,Grupal,12,6.0,Mexico,Italiano,676.98,10154.7,6.2,1.0,Efectivo,Pendiente,G016,Media,6,2021,cliente8168@yahoo.com
RES01700,2022-08-04,Cancun,Isla Mujeres,Grupal,6,3.0,Estados Unidos,Italiano,898.11,6735.82,8.1,5.0,,Pendiente,G035,Alta,8,2022,cliente401@hotmail.com
RES02210,2023-03-17,Chichen Itza,Valladolid + Chichen Itza,Privado,2,0.0,Estados Unidos,Español,1998.78,3997.56,200.0,4.7,Tarjeta credito,Completada,G037,Alta,3,2023,cliente9618@icloud.com
RES02381,2022-04-10,Playa del Carmen,Quinta Avenida + Cozumel,Privado,3,1.0,Mexico,Ingles,1601.71,5605.99,5.3,3.0,Tarjeta credito,Completada,G013,Alta,4,2022,cliente9665@gmail.com
RES03873,2023-02-13,Tulum,Sian Ka'an,Privado,2,0.0,Colombia,Español,1251.09,2502.18,6.3,5.0,Tarjeta debito,Completada,G014,Baja,2,2023,@dominio.com
RES00784,2021-03-03,,Izamal + Merida,Grupal,17,5.0,Canada,Ingles,804.38,15685.41,7.3,4.2,Tarjeta credito,Confirmada,G039,Alta,3,2021,
RES00536,2023-02-21,Bacalar,Laguna de los 7 Colores,Grupal,8,4.0,Mexico,Español,767.62,7676.2,3.4,4.3,Transferencia,Confirmada,G038,Baja,2,2023,cliente286@outlook.com
RES04146,2023-10-21,Bacalar,Fuerte de San Felipe,Privado,3,1.0,Francia,Español,1333.15,4666.03,5.3,4.0,Tarjeta debito,Cancelada,G005,Media,10,2023,cliente2325@gmail.com
RES01781,2022-05-03,Playa del Carmen,Xel-Ha,Privado,1,0.0,Mexico,,1250.68,1250.68,,5.0,Efectivo,Cancelada,G027,Media,5,2022,cliente1913@outlook.com
RES05833,2022-02-26,Bacalar,Kayak Canales,Grupal,7,2.0,Mexico,Aleman,756.77,6054.16,9.9,4.8,Tarjeta credito,Completada,G036,Baja,2,2022,cliente5555@outlook.com
RES01195,2023-10-05,Uxmal,Ruta Puuc,Grupal,17,2.0,Reino Unido,Aleman,944.66,17003.88,10.1,5.0,Tarjeta debito,Completada,G014,Media,10,2023,cliente9271@hotmail.com
RES03606,2023-09-16,Akumal,Cenote Yalku,Grupal,9,2.0,Estados Unidos,Español,646.58,6465.8,4.7,4.3,Tarjeta debito,Pendiente,G015,Baja,9,2023,cliente7931@hotmail.com
RES05785,2021-01-18,Tulum,Cenote Gran Cenote,Privado,4,2.0,Estados Unidos,Español,1171.38,5856.9,10.4,5.0,Tarjeta credito,Completada,G013,Baja,1,2021,cliente9473@yahoo.com
RES01596,2021-10-31,Akumal,Snorkel Tortugas Akumal,Grupal,5,0.0,Estados Unidos,Ingles,775.43,3877.15,6.1,3.7,Efectivo,Completada,G021,Media,10,2021,cliente9098@yahoo.com
RES01738,2021-03-08,Merida,Izamal + Merida,Grupal,20,6.0,Mexico,Frances,782.68,18001.64,7.3,3.3,Paypal,Completada,G025,Alta,3,2021,cliente9470@gmail.com
RES01534,2023-07-21,Holbox,Avistamiento Tiburon Ballena,Grupal,9,0.0,Mexico,Español,1298.61,11687.49,3.7,4.8,Paypal,Completada,G033,Alta,7,2023,cliente7846@gmail.com
RES05523,2022-09-04,Cozumel,Snorkel El Cielo,Grupal,6,1.0,Canada,Español,869.85,5654.03,7.0,4.8,Efectivo,Completada,G006,Baja,9,2022,cliente8696@hotmail.com
RES04054,2023-07-17,Uxmal,Uxmal + Kabah,Privado,1,0.0,Canada,Portugues,1706.65,1706.65,3.6,4.6,,Completada,G030,Alta,7,2023,cliente7621@yahoo.com
RES05303,2021-02-25,Holbox,Tour Isla Holbox,Privado,3,0.0,Estados Unidos,Ingles,1255.22,3765.66,9.7,4.9,Tarjeta debito,Completada,G036,Baja,2,2021,cliente4622@outlook.com
RES00264,2022-05-24,Playa del Carmen,Xcaret,Grupal,15,4.0,Mexico,Ingles,784.77,13341.09,8.3,2.8,Paypal,Completada,G019,Media,5,2022,cliente2931@icloud.com
RES00626,2023-06-18,Merida,Centro Historico Merida,Grupal,8,3.0,Belgica,Italiano,672.44,6388.18,6.8,4.1,Tarjeta debito,Cancelada,G036,Media,6,2023,cliente1622@yahoo.com
RES03205,2022-03-11,Chichen Itza,Valladolid + Chichen Itza,Grupal,4,1.0,Estados Unidos,Aleman,1325.9,5966.55,2.6,3.7,Transferencia,Completada,G003,Alta,3,2022,
RES04906,2021-09-20,Cozumel,Snorkel El Cielo,Grupal,13,2.0,Mexico,Ingles,931.54,13041.56,9.8,3.2,Tarjeta debito,Cancelada,G004,Baja,9,2021,cliente6667@hotmail.com
RES00178,2023-10-13,Merida,Centro Historico Merida,Grupal,5,0.0,Italia,Ingles,691.63,3458.15,3.5,5.0,Tarjeta credito,Completada,G006,Media,10,2023,cliente9599@gmail.com
RES01173,2022-02-04,Akumal,Cenote Yalku,Grupal,-11,0.0,Mexico,Italiano,677.68,7454.48,7.0,5.0,Paypal,Completada,G024,Baja,2,2022,cliente1836@hotmail.com
RES02942,2023-05-11,Chichen Itza,Chichen Itza + Cenote Ik Kil,Privado,3,0.0,Estados Unidos,Español,1683.03,5049.09,4.0,4.9,Transferencia,Completada,G023,Media,5,2023,cliente6149@gmail.com
RES05170,2022-07-20,Bacalar,Fuerte de San Felipe,Grupal,7,1.0,Mexico,Español,1077.0,8077.5,4.3,4.1,Transferencia,Completada,G039,Alta,7,2022,cliente7430@gmail.com
RES02827,2021-09-01,Chichen Itza,Chichen Itza + Cenote Ik Kil,Privado,4,2.0,Francia,Español,1491.71,7458.55,9.2,4.4,Tarjeta debito,Completada,,Baja,9,2021,cliente5076@icloud.com
RES00157,2022-09-07,Tulum,Cenote Gran Cenote,Privado,4,0.0,Italia,Español,1217.0,4868.0,6.6,5.0,Transferencia,Cancelada,G021,Baja,9,2022,cliente3044@gmail.com
RES03619,2021-01-05,Cancun,Zona Hotelera Tour,Grupal,10,3.0,Japon,Español,692.56,7964.44,8.2,3.1,Transferencia,Completada,G010,Baja,1,2021,cliente2053@icloud.com
RES02143,2022-02-16,Uxmal,Uxmal + Kabah,Privado,3,0.0,Francia,Portugues,1308.98,3926.94,6.7,5.0,Tarjeta credito,Completada,G025,Baja,2,2022,cliente9182@hotmail.com
RES01544,2023-11-01,Playa del Carmen,Quinta Avenida + Cozumel,Privado,1,0.0,Colombia,Español,1330.49,1330.49,2.9,4.7,Efectivo,Completada,G017,Media,11,2023,cliente9937@outlook.com
RES01774,2021-08-16,Holbox,Punta Mosquito,Grupal,6,,Mexico,,1381.61,9671.27,10.2,3.9,,Completada,G010,Alta,8,2021,cliente9927@outlook.com
RES00032,2022-05-12,Cozumel,Tour Isla Cozumel,Privado,3,,,Español,1538.14,5383.49,4.0,4.7,Efectivo,Confirmada,G011,Media,5,2022,cliente1471@hotmail.com
RES01673,2024-01-07,Cancun,Laguna Nichupte,Grupal,13,3.0,Reino Unido,,668.31,9690.49,5.0,3.3,Tarjeta debito,Cancelada,G016,Baja,1,2024,cliente289@icloud.com
RES04136,2022-09-29,Cancun,Laguna Nichupte,Grupal,5,1.0,Mexico,Español,598.57,3292.14,,4.2,Tarjeta debito,Completada,G030,Baja,9,2022,cliente8454@icloud.com
RES05610,2022-09-05,Uxmal,Ruta Puuc,Grupal,7,3.0,Australia,Español,882.37,7500.15,5.0,4.9,Tarjeta debito,Completada,G010,Baja,9,2022,sinArroba.com
RES03765,2021-01-13,Chichen Itza,Chichen Itza + Cenote Ik Kil,Grupal,19,4.0,España,,1007.23,21151.83,7.3,3.7,,Completada,G029,Baja,1,2021,cliente8493@icloud.com
RES05997,2021-12-18,Cozumel,Snorkel El Cielo,Grupal,10,,Italia,Italiano,1223.81,14073.81,6.4,5.0,Efectivo,Cancelada,G002,Alta,12,2021,cliente4287@yahoo.com
RES00309,2022-06-23,,Isla Mujeres,Grupal,5,2.0,Holanda,Italiano,725.54,4353.24,9.8,,Tarjeta debito,Cancelada,G029,Media,6,2022,cliente1773@hotmail.com
RES00811,2021-03-11,Holbox,Punta Mosquito,Grupal,-5,0.0,Estados Unidos,Español,1343.33,6716.65,9.7,4.9,Tarjeta credito,Completada,G017,Alta,3,2021,cliente2328@hotmail.com
RES04305,2023-02-10,Playa del Carmen,Quinta Avenida + Cozumel,Grupal,10,0.0,,Portugues,732.83,7328.3,9.3,4.7,Tarjeta credito,Completada,G001,Baja,2,2023,cliente9519@icloud.com
RES00809,2023-10-02,Holbox,Tour Isla Holbox,Grupal,13,3.0,Mexico,Ingles,1094.77,15874.16,3.0,3.6,Paypal,Completada,G028,Media,10,2023,cliente5037@hotmail.com
RES01184,2022-07-11,Holbox,Avistamiento Tiburon Ballena,Privado,1,0.0,Estados Unidos,Español,1761.85,1761.85,6.7,5.0,Tarjeta debito,Completada,G010,Alta,7,2022,cliente302@yahoo.com
RES02145,2021-02-18,Tulum,Cenote Gran Cenote,Grupal,6,2.0,Estados Unidos,Español,780.96,5466.72,7.5,3.7,Paypal,Completada,G039,Baja,2,2021,cliente6735@hotmail.com
RES04384,2021-02-01,Bacalar,Laguna de los 7 Colores,Grupal,7,0.0,Alemania,Español,803.52,5624.64,,4.8,Tarjeta debito,Completada,G003,Baja,2,2021,cliente441@icloud.com
RES04833,2023-10-03,Uxmal,Ruta Puuc,Grupal,5,1.0,Mexico,Español,1072.78,5900.29,4.4,5.0,Efectivo,Pendiente,G021,Media,10,2023,cliente2536@yahoo.com
RES03199,2022-11-21,Playa del Carmen,Quinta Avenida + Cozumel,Grupal,12,5.0,Mexico,Español,804.81,11669.74,,4.3,Transferencia,Confirmada,G035,Media,11,2022,cliente5489@hotmail.com
RES02938,2021-04-30,Uxmal,Uxmal + Kabah,Grupal,5,1.0,Estados Unidos,Español,1278.18,7029.99,9.7,3.7,Tarjeta debito,Pendiente,G031,Alta,4,2021,cliente6394@outlook.com
RES05852,2024-03-29,Uxmal,Uxmal + Kabah,Grupal,8,4.0,Canada,Ingles,1311.22,13112.2,4.1,5.0,Tarjeta debito,Completada,G017,Alta,3,2024,cliente1242@hotmail.com
RES04863,2022-02-17,Playa del Carmen,Xel-Ha,Grupal,9,2.0,Mexico,Español,741.17,7411.7,2.6,3.8,Tarjeta debito,Confirmada,G030,Baja,2,2022,@dominio.com
RES03406,2023-07-24,Akumal,Cenote Yalku,Grupal,10,4.0,Canada,Ingles,1054.71,12656.52,6.6,3.6,Transferencia,Cancelada,,Alta,7,2023,usuario.dominio.com
RES05187,2023-11-12,Uxmal,Ruta Puuc,Grupal,19,8.0,Canada,,1016.96,23390.08,5.9,5.0,Transferencia,Pendiente,G021,Media,11,2023,cliente1600@yahoo.com
RES03353,2023-02-02,Bacalar,Laguna de los 7 Colores,Grupal,16,1.0,Mexico,Español,826.58,13638.57,5.5,1.0,Efectivo,Completada,G037,Baja,2,2023,cliente657@outlook.com
RES04481,2021-05-04,Cancun,Snorkel Arrecife,Grupal,10,0.0,Estados Unidos,Portugues,765.26,7652.6,7.0,5.0,,Confirmada,G033,Media,5,2021,cliente2946@icloud.com
RES00539,2021-05-08,Bacalar,Kayak Canales,Grupal,15,3.0,Mexico,Español,984.01,16236.16,9.8,2.6,Efectivo,Confirmada,G005,Media,5,2021,cliente1284@gmail.com
RES02623,2023-10-22,Playa del Carmen,Xel-Ha,Grupal,6,3.0,Mexico,Ingles,841.33,6309.98,4.3,5.0,Efectivo,Completada,G032,Media,10,2023,
RES01087,2022-12-04,Tulum,Cenote Dos Ojos,Privado,3,0.0,Canada,,1610.38,4831.14,8.3,,Efectivo,Completada,G006,Alta,12,2022,cliente6519@yahoo.com
RES04398,2024-03-04,Merida,Izamal + Merida,Privado,4,2.0,Mexico,Frances,1234.83,6174.15,3.0,3.0,Paypal,Completada,G019,Alta,3,2024,cliente2132@yahoo.com
RES03752,2023-08-19,Merida,Centro Historico Merida,Grupal,20,3.0,Japon,Español,839.26,18044.09,5.8,3.9,Transferencia,Completada,G039,Alta,8,2023,cliente6286@yahoo.com
RES00081,2022-01-12,Akumal,Cenote Yalku,Privado,4,2.0,Estados Unidos,,1088.58,5442.9,3.5,,Tarjeta debito,Completada,G004,Baja,1,2022,cliente3946@hotmail.com
RES03246,2021-01-27,Akumal,Cenote Yalku,Privado,3,0.0,Mexico,Español,964.95,2894.85,6.4,,Efectivo,Completada,G014,Baja,1,2021,
RES01972,2023-02-19,Chichen Itza,Valladolid + Chichen Itza,Grupal,6,1.0,Mexico,Italiano,1037.02,6740.63,3.2,2.9,Tarjeta credito,Completada,G015,Baja,2,2023,cliente5774@icloud.com
RES03860,2021-03-22,Akumal,Cenote Yalku,Grupal,17,6.0,Brasil,Español,1028.91,20578.2,7.9,4.1,Tarjeta credito,Confirmada,G009,Alta,3,2021,cliente7151@yahoo.com
RES00502,2022-02-17,Holbox,Punta Mosquito,Grupal,16,7.0,Mexico,Español,952.9,18581.55,2.8,4.7,Efectivo,Completada,G008,Baja,2,2022,cliente5693@outlook.com
RES03134,2021-12-14,Akumal,Cenote Yalku,Privado,1,0.0,Canada,Portugues,1495.94,1495.94,2.6,4.3,Tarjeta credito,Completada,G033,Alta,12,2021,cliente3343@yahoo.com
RES01952,2023-11-21,Chichen Itza,Valladolid + Chichen Itza,Grupal,17,,Mexico,Español,99999.0,24735.17,8.0,3.7,,Completada,G034,Media,11,2023,cliente5780@gmail.com
RES03711,2021-01-11,Chichen Itza,Chichen Itza + Cenote Ik Kil,Grupal,11,0.0,Estados Unidos,Ingles,967.16,10638.76,3.2,3.8,Tarjeta credito,Confirmada,G036,Baja,1,2021,cliente2633@gmail.com
RES04087,2021-12-06,Bacalar,Fuerte de San Felipe,Grupal,18,6.0,Francia,Ingles,1023.67,21497.07,10.4,5.0,Efctivo,Cancelada,G027,Alta,12,2021,
RES05972,2023-11-12,Uxmal,Ruta Puuc,Privado,2,0.0,Estados Unidos,Español,1585.51,3171.02,8.4,1.7,Efectivo,Completada,G012,Media,11,2023,cliente8473@outlook.com
RES01506,2023-07-24,Playa del Carmen,Quinta Avenida + Cozumel,Grupal,12,6.0,Mexico,Español,1080.6,16209.0,2.7,3.8,Efectivo,Completada,G030,Alta,7,2023,cliente2199@outlook.com
RES01224,2021-11-12,Akumal,Cenote Yalku,Privado,2,1.0,Canada,Ingles,1200.92,3002.3,4.6,4.9,tarjeta credito,Completada,G018,Media,11,2021,cliente729@icloud.com
RES01655,2023-10-31,Bacalar,Fuerte de San Felipe,Privado,3,0.0,Estados Unidos,Frances,1417.1,4251.3,4.9,3.7,Tarjeta debito,Completada,G039,Media,10,2023,cliente2307@gmail.com
RES03661,2022-06-04,Cancun,Zona Hotelera Tour,Grupal,6,1.0,Mexico,Español,823.88,5355.22,,5.0,Tarjeta debito,Completada,G031,Media,6,2022,
RES04007,2023-06-28,Cozumel,Buceo Arrecife Palancar,Privado,1,0.0,Mexico,Español,1592.77,1592.77,6.5,4.0,Crypto,Completada,G015,Media,6,2023,cliente3665@gmail.com
RES05454,2022-04-08,Bacalar,Fuerte de San Felipe,Grupal,18,4.0,Alemania,Italiano,1130.26,22605.2,2.5,4.1,Transferencia,Completada,G018,Alta,4,2022,cliente1394@outlook.com
RES00158,2021-08-29,Playa del Carmen,Xcaret,Grupal,5,2.0,Argentina,Español,1056.7,6340.2,5.6,4.7,,Completada,,Alta,8,2021,cliente5963@hotmail.com
RES03373,2023-02-08,Bacalar,Kayak Canales,Grupal,19,9.0,Canada,Ingles,743.23,17465.9,8.1,3.7,Paypal,Completada,G006,Baja,2,2023,cliente4591@gmail.com
RES05346,2022-09-10,Merida,Centro Historico Merida,Grupal,17,2.0,Francia,Español,575.55,10359.9,7.7,3.8,TARJETA CREDITO,Completada,G014,Baja,9,2022,cliente1872@outlook.com
RES00788,2021-04-22,Cozumel,Buceo Arrecife Palancar,Grupal,12,0.0,Francia,Ingles,1395.03,16740.36,8.3,4.1,Efctivo,Cancelada,G022,Alta,4,2021,cliente537@gmail.com
RES00234,2023-07-31,Cancun,Isla Mujeres,Privado,1,0.0,Canada,Frances,1355.1,1355.1,5.0,3.0,Efectivo,Completada,G030,Alta,7,2023,cliente369@outlook.com
RES00470,2021-04-24,Bacalar,Laguna de los 7 Colores,Privad0,1,0.0,Mexico,Italiano,1562.09,1562.09,9.0,5.0,Efectivo,Completada,G020,Alta,4,2021,cliente5116@outlook.com
RES05978,2021-02-20,Bacalar,Kayak Canales,Grupal,18,9.0,Alemania,Español,840.37,18908.33,9.2,4.2,Tarjeta credito,Completada,G006,Baja,2,2021,cliente1839@hotmail.com
RES05966,2024-03-06,Uxmal,Ruta Puuc,Grupal,12,3.0,Mexico,Español,1315.33,17756.95,5.0,5.0,Tarjeta debito,Completada,G033,Alta,3,2024,cliente4140@outlook.com
RES04880,2021-10-18,Merida,Izamal + Merida,Grupal,7,1.0,Mexico,Portugues,765.79,5743.42,,,Tarjeta credito,Completada,G003,Media,10,2021,cliente1503@icloud.com
RES01164,2021-03-19,Playa del Carmen,Quinta Avenida + Cozumel,Privado,4,1.0,Mexico,Ingles,1679.58,7558.11,5.3,3.3,Transferencia,Cancelada,G010,Alta,3,2021,cliente496@yahoo.com
RES05877,2021-05-11,Uxmal,Uxmal + Kabah,Grupal,15,1.0,Mexico,Aleman,1066.32,16527.96,8.7,5.0,Efectivo,Completada,G040,Media,5,2021,cliente5433@yahoo.com
RES05871,2022-12-18,Tulum,Sian Ka'an,Privado,2,0.0,Francia,Italiano,1866.01,3732.02,10.0,4.7,Tarjeta debito,Completada,,Alta,12,2022,cliente7166@outlook.com
RES05720,2023-05-25,Cancun,Laguna Nichupte,Grupal,19,9.0,Mexico,Español,693.98,16308.53,5.1,1.0,Tarjeta debito,Completada,G036,Media,5,2023,cliente5545@outlook.com
RES01003,2022-04-01,Cozumel,Tour Isla Cozumel,Grupal,10,1.0,Mexico,Español,1348.12,14155.26,8.2,4.6,Efectivo,Completada,G009,Alta,4,2022,cliente3940@gmail.com
RES03086,2022-07-08,Akumal,Snorkel Tortugas Akumal,Grupal,7,2.0,Estados Unidos,Español,1049.06,8392.48,3.9,4.0,Crypto,Completada,G034,Alta,7,2022,cliente3490@outlook.com
RES04856,2023-06-03,Tulum,Sian Ka'an,Grupal,18,9.0,Brasil,Español,910.07,20476.58,4.7,4.1,Efectivo,Completada,G023,Media,6,2023,cliente5768@yahoo.com
RES01048,2022-07-26,Uxmal,Uxmal + Kabah,Grupal,20,4.0,Japon,Español,1254.67,27602.74,9.9,4.1,Efectivo,Completada,G030,Alta,7,2022,@dominio.com
RES00402,2023-02-01,Merida,Centro Historico Merida,Grupal,8,2.0,Mexico,Ingles,642.84,5785.56,7.8,,Paypal,Completada,G023,Baja,2,2023,cliente9598@icloud.com
RES00997,2023-02-03,,Punta Mosquito,Grupal,16,6.0,España,Frances,976.33,18550.27,7.8,5.0,Efectivo,Completada,G038,Baja,2,2023,sinArroba.com
RES02413,2022-12-20,Bacalar,Fuerte de San Felipe,Privado,4,2.0,Reino Unido,Ingles,1635.74,8178.7,10.1,4.1,Tarjeta debito,Completada,G005,Alta,12,2022,
RES03194,2023-07-10,Bacalar,Laguna de los 7 Colores,Grupal,17,0.0,Estados Unidos,Italiano,1139.22,19366.74,3.4,3.6,T. Credito,Cancelada,G013,Alta,7,2023,cliente5590@icloud.com
RES01965,2022-06-04,Merida,Centro Historico Merida,Privado,3,1.0,Canada,Ingles,1043.23,3651.31,8.7,3.1,Paypal,Completada,G003,Media,6,2022,cliente5294@outlook.com
RES02349,2022-12-14,Cozumel,Snorkel El Cielo,Grupal,20,8.0,Colombia,Aleman,1325.39,31809.36,8.6,4.7,Tarjeta credito,Completada,G007,Alta,12,2022,cliente5657@hotmail.com
RES01733,2021-09-14,Merida,Centro Historico Merida,Privado,1,0.0,Mexico,Español,974.08,974.08,5.0,3.2,Efectivo,Completada,G030,Baja,9,2021,cliente6602@outlook.com
RES03834,2023-07-06,Uxmal,Ruta Puuc,Grupal,17,3.0,,,1201.29,22223.86,5.0,3.8,Tarjeta debito,Completada,G008,Alta,7,2023,@dominio.com
RES05600,2023-01-11,Cozumel,Buceo Arrecife Palancar,Grupal,18,3.0,Francia,Ingles,880.03,17160.58,2.6,5.0,,Pendiente,G034,Baja,1,2023,cliente6398@gmail.com
RES05697,2023-02-05,Merida,Izamal + Merida,Grupal,13,0.0,,Ingles,612.98,7968.74,,4.6,Efectivo,Pendiente,G034,Baja,2,2023,usuario.dominio.com
RES02708,2021-12-24,Bacalar,Kayak Canales,Grupal,17,3.0,Suecia,,1012.89,18738.47,10.3,4.3,Efectivo,Cancelada,G029,Alta,12,2021,cliente6210@gmail.com
RES05143,2023-10-10,Chichen Itza,Valladolid + Chichen Itza,Grupal,19,,Estados Unidos,Aleman,1298.43,25319.39,7.3,,Tarjeta credito,Pendiente,G032,Media,10,2023,cliente7641@outlook.com
RES00562,2023-01-23,Akumal,Cenote Yalku,Grupal,18,7.0,Canada,Español,687.9,14789.85,8.7,3.6,Efectivo,Completada,G038,Baja,1,2023,cliente9717@yahoo.com
RES02620,2024-02-23,Merida,Centro Historico Merida,Grupal,20,3.0,Estados Unidos,Español,594.66,12785.19,,4.8,Tarjeta credito,Cancelada,G033,Baja,2,2024,cliente638@outlook.com
RES01729,2021-05-07,Cancun,Snorkel Arrecife,Grupal,13,2.0,Mexico,Frances,741.02,10374.28,8.6,3.9,,Completada,G029,Media,5,2021,cliente9373@hotmail.com
RES02573,19/12/2021,Holbox,Avistamiento Tiburon Ballena,Grupal,6,0.0,Estados Unidos,Ingles,1259.71,7558.26,4.5,1.3,Tarjeta credito,Completada,G030,Alta,12,2021,
RES04960,2021-11-02,Chichen Itza,Valladolid + Chichen Itza,Grupal,10,2.0,Estados Unidos,Español,1162.06,12782.66,7.2,5.0,Tarjeta debito,Completada,G026,Media,11,2021,
RES00684,2023-10-18,Playa del Carmen,Xcaret,Grupal,19,5.0,Canada,Español,821.56,17663.54,10.4,5.0,Efectivo,Pendiente,G019,Media,10,2023,cliente3756@icloud.com
RES00320,2024-03-30,Merida,Izamal + Merida,Grupal,17,2.0,Mexico,Frances,778.48,14012.64,9.8,5.0,Tarjeta debito,Completada,G034,Alta,3,2024,cliente7922@outlook.com
RES02418,2024-03-31,Playa del Carmen,Xcaret,Privado,2,1.0,Italia,,1528.19,3820.48,2.9,,Tarjeta debito,Confirmada,G016,Alta,3,2024,cliente1462@icloud.com
RES04140,2022-06-15,Cancun,Snorkel Arrecife,Privado,1,,Mexico,Ingles,1222.73,1222.73,10.2,1.0,Efectivo,Completada,G021,Media,6,2022,cliente9548@gmail.com
RES01076,2021-03-31,Akumal,Cenote Yalku,Privado,2,0.0,Estados Unidos,Español,1424.64,2849.28,9.0,5.0,,Completada,G010,Alta,3,2021,cliente6624@hotmail.com
RES04128,2022-12-18,Cozumel,Snorkel El Cielo,Privado,3,0.0,,Portugues,1861.44,5584.32,8.8,4.1,Tarjeta debito,Completada,G011,Alta,12,2022,cliente7358@gmail.com
RES04540,2023-03-07,Cozumel,Tour Isla Cozumel,Privado,4,2.0,Mexico,Ingles,1891.45,9457.25,5.1,4.3,Tarjeta credito,Pendiente,G007,Alta,3,2023,cliente3008@icloud.com
RES04196,2021-07-24,Tulum,Cenote Dos Ojos,Grupal,10,1.0,Holanda,Español,1175.54,12343.17,2.7,3.2,Paypal,Confirmada,G015,Alta,7,2021,cliente1351@icloud.com
RES02043,2022-04-13,Holbox,Punta Mosquito,Grupal,15,1.0,Canada,Aleman,1191.68,18471.04,2.6,4.0,Tarjeta debito,Completada,G013,Alta,4,2022,cliente2260@hotmail.com
RES04794,2023-02-16,Akumal,Cenote Yalku,Grupal,15,,Mexico,Español,648.74,10055.47,3.5,1.1,Efectivo,Completada,G016,Baja,2,2023,cliente8753@outlook.com
RES01075,2021-08-23,Merida,Centro Historico Merida,Grupal,8,2.0,Mexico,Español,840.95,7568.55,2.9,4.0,,Completada,G022,Alta,8,2021,usuario@
RES03850,2021-01-10,Cozumel,Snorkel El Cielo,Privado,1,0.0,Italia,Frances,1295.76,1295.76,9.3,4.8,Efectivo,Completada,G021,Baja,1,2021,cliente5640@yahoo.com
RES04429,2022-01-18,Cancun,Zona Hotelera Tour,Grupal,6,0.0,Estados Unidos,Español,698.05,4188.3,6.4,4.0,Tarjeta credito,Completada,G031,Baja,1,2022,cliente9278@yahoo.com
RES00051,2021-03-31,Chichen Itza,Valladolid + Chichen Itza,Grupal,19,7.0,Mexico,,1424.28,32046.3,4.7,4.0,Crypto,Completada,G013,Alta,3,2021,cliente1134@outlook.com
RES02810,2021-05-24,Cozumel,Tour Isla Cozumel,Grupal,9,1.0,Holanda,Español,1056.33,10035.13,5.0,5.0,Efectivo,Completada,G038,Media,5,2021,cliente1173@outlook.com
RES03443,2023-06-25,Chichen Itza,Valladolid + Chichen Itza,Grupal,8,1.0,,Español,1298.12,11034.02,2.7,5.0,Transferencia,Completada,G034,Media,6,2023,cliente2799@icloud.com
RES03412,2023-08-01,Cozumel,Buceo Arrecife Palancar,Grupal,17,2.0,Mexico,Ingles,1315.01,23670.18,7.6,5.0,Tarjeta debito,Completada,G039,Alta,8,2023,cliente9390@hotmail.com
RES03635,2022-05-02,Cozumel,Tour Isla Cozumel,Privado,3,1.0,Mexico,Ingles,1665.39,5828.87,5.7,5.0,Tarjeta debito,Completada,G033,Media,5,2022,
RES04123,2023-04-25,Cozumel,Buceo Arrecife Palancar,Grupal,13,6.0,Mexico,Portugues,1432.16,22914.56,7.0,,Transferencia,Completada,G008,Alta,4,2023,cliente8095@yahoo.com
RES04852,2022-09-24,Holbox,Punta Mosquito,Privado,2,1.0,Estados Unidos,Frances,1269.17,3172.93,3.7,3.2,Tarjeta debito,Pendiente,G005,Baja,9,2022,
RES03505,2022-06-22,Merida,Izamal + Merida,Grupal,17,6.0,Estados Unidos,Ingles,721.73,14434.6,3.9,4.7,Efectivo,Confirmada,G018,Media,6,2022,cliente2430@icloud.com
RES04841,2023-11-05,Cozumel,Buceo Arrecife Palancar,Grupal,20,8.0,Reino Unido,Español,1063.34,25520.16,6.0,5.0,Tarjeta debito,Completada,G038,Media,11,2023,cliente4833@gmail.com
RES03897,2024-01-01,Chichen Itza,Chichen Itza + Cenote Ik Kil,Grupal,15,3.0,Estados Unidos,Portugues,1057.59,17450.23,8.1,3.9,Tarjeta debito,Completada,G039,Baja,1,2024,cliente3159@yahoo.com
RES02821,2022-12-20,Holbox,Punta Mosquito,Privado,3,1.0,Estados Unidos,Español,1887.87,6607.55,5.0,5.0,Tarjeta credito,Completada,G005,Alta,12,2022,cliente7735@outlook.com
RES01917,2021-02-02,Akumal,Snorkel Tortugas Akumal,Grupal,18,7.0,Alemania,Ingles,665.65,14311.48,7.0,1.7,Efectivo,Confirmada,G030,Baja,2,2021,
RES02115,2021-09-09,Bacalar,Laguna de los 7 Colores,Privado,1,0.0,Mexico,Español,1072.55,1072.55,3.3,4.8,Tarjeta credito,Cancelada,G013,Baja,9,2021,cliente8040@outlook.com
RES04507,2022-07-24,Tulum,Cenote Dos Ojos,Grupal,15,4.0,Polonia,Español,1123.93,19106.81,9.1,5.0,Tarjeta debito,Cancelada,G025,Alta,7,2022,cliente3041@gmail.com
RES05316,2021-10-31,Cancun,Isla Mujeres,Grupal,5,1.0,Mexico,Español,816.2,4489.1,2.6,4.6,Tarjeta debito,Confirmada,G026,Media,10,2021,cliente2512@gmail.com
RES01508,2023-02-17,Tulum,Ruinas de Tulum,Grupal,18,6.0,Mexico,Ingles,884.8,18580.8,3.8,4.8,Transferencia,Completada,G040,Baja,2,2023,cliente7651@outlook.com
RES00466,2022-03-21,Cancun,Isla Mujeres,Grupal,19,2.0,Mexico,Español,879.59,17591.8,7.6,5.0,Efectivo,Completada,,Alta,3,2022,cliente5993@gmail.com
RES04122,2023-05-21,Chichen Itza,Chichen Itza + Cenote Ik Kil,Grupal,18,1.0,,Español,1186.88,21957.28,7.1,4.8,Tarjeta credito,Completada,,Media,5,2023,cliente3633@yahoo.com
RES02019,2022-08-11,Chichen Itza,Valladolid + Chichen Itza,Privado,1,0.0,Mexico,Español,2194.86,2194.86,8.4,1.3,Transferencia,Cancelada,G027,Alta,8,2022,cliente3141@outlook.com
RES01872,2022-10-27,Tulum,Ruinas de Tulum,Grupal,-15,2.0,Suecia,Ingles,911.98,14591.68,10.2,5.0,Efectivo,Completada,G002,Media,10,2022,cliente4369@icloud.com
RES04858,2021-12-04,Akumal,Snorkel Tortugas Akumal,Privado,1,,Argentina,Ingles,1362.55,1362.55,6.1,4.8,Efectivo,Pendiente,G038,Alta,12,2021,cliente9950@yahoo.com
RES03155,2022-12-04,Merida,Izamal + Merida,Privado,2,1.0,Estados Unidos,Español,,2961.8,7.3,3.2,Efectivo,Completada,G010,Alta,12,2022,
RES04236,2023-12-15,Chichen Itza,Valladolid + Chichen Itza,Grupal,8,1.0,Canada,Ingles,1341.36,11401.56,7.1,4.9,Efectivo,Completada,G001,Alta,12,2023,cliente6149@icloud.com
RES00240,2024-01-28,Bacalar,Kayak Canales,Grupal,7,3.0,Alemania,Español,757.06,6435.01,4.5,5.0,Efectivo,Completada,G029,Baja,1,2024,cliente4691@hotmail.com
RES00200,2021-10-12,Bacalar,Kayak Canales,Grupal,8,1.0,Estados Unidos,Frances,958.13,8144.1,6.8,2.3,Efectivo,Completada,G037,Media,10,2021,cliente5861@yahoo.com
RES00927,2021-04-12,Uxmal,Ruta Puuc,Grupal,18,1.0,Mexico,Español,1286.51,23800.44,3.6,3.3,Tarjeta debito,Completada,,Alta,4,2021,sinArroba.com
RES00347,2021-01-28,Chichen Itza,Valladolid + Chichen Itza,Privado,1,0.0,Mexico,Portugues,1489.02,1489.02,9.0,4.9,,Completada,G006,Baja,1,2021,cliente5812@icloud.com
RES05447,2022-04-14,Chichen Itza,Chichen Itza + Cenote Ik Kil,Grupal,6,1.0,Canada,Español,1508.69,9806.49,7.9,4.4,,Completada,G001,Alta,4,2022,usuario@
RES02315,2021-10-13,Uxmal,Uxmal + Kabah,Grupal,20,7.0,Canada,Español,1089.35,25599.72,4.1,5.0,Efectivo,Completada,G018,Media,10,2021,cliente7393@gmail.com
RES02663,2022-02-09,Chichen Itza,Chichen Itza + Cenote Ik Kil,Privado,2,0.0,Estados Unidos,Español,1640.88,3281.76,3.8,4.8,Tarjeta debito,Completada,G039,Baja,2,2022,cliente7927@hotmail.com
RES01766,2021-05-26,Cozumel,Snorkel El Cielo,Privado,2,0.0,Mexico,Español,1549.05,3098.1,10.4,2.8,Efectivo,Confirmada,G019,Media,5,2021,
RES04404,2023-03-29,Chichen Itza,Chichen Itza + Cenote Ik Kil,Grupal,5,2.0,Italia,Aleman,1434.04,8604.24,3.8,5.0,Tarjeta credito,Cancelada,G010,Alta,3,2023,cliente5794@icloud.com
RES02319,2021-05-27,Bacalar,Kayak Canales,Grupal,13,1.0,Mexico,Ingles,858.0,11583.0,2.9,4.7,Transferencia,Pendiente,G021,Media,5,2021,cliente8984@hotmail.com
RES02829,2022-08-17,Holbox,Tour Isla Holbox,Privado,2,1.0,España,Español,1936.47,4841.18,5.4,4.7,Efectivo,Completada,G026,Alta,8,2022,cliente5362@outlook.com
RES00102,2023-04-25,Merida,Izamal + Merida,Grupal,14,4.0,Alemania,Italiano,815.31,13044.96,5.6,3.6,,Confirmada,G029,Alta,4,2023,cliente5404@icloud.com
RES04344,2021-11-13,Cozumel,Tour Isla Cozumel,Privado,1,0.0,Estados Unidos,,1807.05,1807.05,7.5,3.0,Efectivo,Completada,G021,Media,11,2021,cliente606@icloud.com
RES00372,2023-07-08,Merida,Haciendas del Mayab,Privado,4,2.0,,Español,1221.46,6107.3,5.3,4.2,Tarjeta credito,Completada,G040,Alta,7,2023,cliente5814@outlook.com
RES05668,2024-01-16,Cancun,Isla Mujeres,Grupal,8,1.0,Estados Unidos,Ingles,678.72,5769.12,4.9,5.0,Paypal,Completada,G032,Baja,1,2024,cliente9134@outlook.com
RES02084,2021-05-19,Cancun,Zona Hotelera Tour,Grupal,20,1.0,Polonia,Italiano,751.86,15413.13,9.9,4.8,Efectivo,Confirmada,G024,Media,5,2021,cliente7031@hotmail.com
RES01074,2022-10-26,Tulum,Cenote Gran Cenote,Grupal,20,4.0,Mexico,Aleman,945.77,20806.94,9.3,5.0,Crypto,Completada,G040,Media,10,2022,cliente8285@icloud.com
RES03342,2023-09-06,Tulum,Ruinas de Tulum,Grupal,18,2.0,Francia,Portugues,836.19,15887.61,4.3,5.0,,Completada,G017,Baja,9,2023,cliente9584@outlook.com
RES04649,2022-08-26,Bacalar,Fuerte de San Felipe,Grupal,9,1.0,Colombia,Español,1005.89,9555.95,8.1,3.8,Efectivo,Completada,G011,Alta,8,2022,cliente837@yahoo.com
RES00324,2021-10-30,Akumal,Cenote Yalku,Privado,4,2.0,Mexico,Español,1277.11,6385.55,3.3,1.0,Tarjeta credito,Cancelada,G029,Media,10,2021,cliente6219@gmail.com
RES02944,2021-06-17,Cancun,Laguna Nichupte,Privado,4,1.0,,Español,1181.85,5318.32,6.0,4.7,Efectivo,Completada,G005,Media,6,2021,cliente9710@gmail.com
RES04367,2023-11-07,Merida,Centro Historico Merida,Grupal,13,4.0,Italia,Español,748.51,11227.65,8.6,5.0,,Completada,G019,Media,11,2023,cliente2710@gmail.com
RES02403,2021-05-13,Cozumel,Snorkel El Cielo,Privado,4,2.0,Mexico,Ingles,1732.65,8663.25,3.3,4.2,Tarjeta credito,Confirmada,G026,Media,5,2021,cliente3080@gmail.com
RES01120,2022-11-23,Akumal,Cenote Yalku,Privado,3,0.0,Brasil,Aleman,1120.27,3360.81,8.9,4.4,Tarjeta credito,Completada,G026,Media,11,2022,cliente6577@hotmail.com
RES04791,2022-05-06,Akumal,Snorkel Tortugas Akumal,Privado,3,1.0,Mexico,Español,1151.83,4031.4,8.0,4.0,Efectivo,Completada,G018,Media,5,2022,cliente4697@hotmail.com
RES01384,2021-07-26,Cozumel,Snorkel El Cielo,Grupal,19,9.0,Alemania,Ingles,1375.02,32312.97,5.6,4.8,Efectivo,Cancelada,,Alta,7,2021,cliente8550@icloud.com
RES04652,2022-04-18,Chichen Itza,Chichen Itza + Cenote Ik Kil,Grupal,14,6.0,Reino Unido,Ingles,1379.69,23454.73,8.2,4.9,Transferencia,Completada,G031,Alta,4,2022,cliente4673@yahoo.com
RES05471,2023-01-11,Bacalar,Fuerte de San Felipe,Grupal,13,3.0,Mexico,Aleman,751.34,10894.43,8.0,5.0,Transferencia,Completada,G022,Baja,1,2023,cliente548@icloud.com
RES05322,2021-07-04,Cozumel,Snorkel El Cielo,Grupal,10,5.0,Mexico,Español,1436.87,17960.88,,3.9,Tarjeta debito,Completada,G024,Alta,7,2021,cliente2193@icloud.com
RES05311,2023-07-15,Merida,Izamal + Merida,Grupal,18,1.0,Mexico,Aleman,885.94,16389.89,9.9,4.6,Tarjeta debito,Completada,G017,Alta,7,2023,usuario@
RES02918,2022-09-17,Holbox,Avistamiento Tiburon Ballena,Grupal,19,5.0,Australia,Ingles,857.69,18440.34,7.3,5.0,Tarjeta credito,Completada,,Baja,9,2022,cliente5030@hotmail.com
RES00812,2022-06-14,Bacalar,Fuerte de San Felipe,Grupal,16,1.0,Canada,Italiano,980.26,16174.29,,3.9,Transferencia,Completada,G029,Media,6,2022,cliente3153@outlook.com
RES04577,2021-12-04,Playa del Carmen,Xel-Ha,Grupal,20,4.0,,Italiano,1050.15,23103.3,3.5,4.3,Tarjeta debito,Confirmada,G025,Alta,12,2021,
RES01707,2022-06-12,Cozumel,Tour Isla Cozumel,Grupal,14,5.0,Estados Unidos,Aleman,1193.79,19697.53,6.8,5.0,,Cancelada,G030,Media,6,2022,cliente4779@icloud.com
RES03707,2021-01-20,Tulum,Cenote Dos Ojos,Grupal,20,7.0,Mexico,Italiano,782.31,18384.28,6.6,3.4,Efectivo,Completada,G022,Baja,1,2021,cliente4397@outlook.com
RES02604,2023-04-09,Akumal,Snorkel Tortugas Akumal,Grupal,11,3.0,Estados Unidos,Español,1012.21,12652.62,5.1,,Tarjeta credito,Completada,G037,Alta,4,2023,cliente5411@yahoo.com
RES02305,2023-11-23,Playa del Carmen,Xcaret,Grupal,10,2.0,Estados Unidos,Frances,871.1,9582.1,6.4,1.9,Transferencia,Pendiente,G029,Media,11,2023,cliente6183@icloud.com
RES05770,2021-10-07,Bacalar,Kayak Canales,Grupal,8,4.0,Mexico,Ingles,916.86,9168.6,3.9,5.0,,Completada,G012,Media,10,2021,
RES04294,2024-02-08,Playa del Carmen,Quinta Avenida + Cozumel,Grupal,9,2.0,,Ingles,733.63,7336.3,,3.7,Paypal,Completada,G004,Baja,2,2024,cliente4454@icloud.com
RES03212,2024-03-15,Akumal,Cenote Yalku,Privado,2,0.0,Japon,Español,1469.06,2938.12,10.2,3.3,Tarjeta credito,Completada,G017,Alta,3,2024,cliente5451@outlook.com
RES01892,2024-01-09,Merida,Centro Historico Merida,Privad0,4,,Estados Unidos,Italiano,861.47,3876.62,4.5,3.1,Paypal,Completada,G007,Baja,1,2024,cliente9265@hotmail.com
RES05229,2022-08-13,Akumal,Cenote Yalku,Privado,1,0.0,Reino Unido,Ingles,1488.7,1488.7,3.9,,Tarjeta credito,Completada,G039,Alta,8,2022,cliente8039@yahoo.com
RES00554,2021-09-12,Playa del Carmen,Quinta Avenida + Cozumel,Grupal,11,4.0,Mexico,Ingles,778.7,10123.1,9.5,4.9,,Pendiente,G027,Baja,9,2021,cliente8190@icloud.com
RES03460,2022-12-30,Tulum,Sian Ka'an,Grupal,13,1.0,Mexico,Italiano,1059.76,14306.76,3.4,4.8,Tarjeta credito,Cancelada,G040,Alta,12,2022,cliente6792@yahoo.com
RES03719,2022-05-21,Playa del Carmen,Quinta Avenida + Cozumel,Grupal,11,0.0,Italia,Español,866.58,9532.38,4.5,3.8,Efectivo,Pendiente,G027,Media,5,2022,cliente9333@hotmail.com
RES02891,2023-01-27,Cancun,Zona Hotelera Tour,Grupal,13,3.0,Holanda,Frances,594.33,8617.78,7.0,4.2,Tarjeta credito,Pendiente,G025,Baja,1,2023,usuario.dominio.com
RES04302,2024-02-06,Merida,Izamal + Merida,Grupal,8,1.0,Mexico,Italiano,622.51,5291.34,8.0,5.0,Efectivo,Pendiente,G030,Baja,2,2024,cliente2842@icloud.com
RES00440,2023-12-18,Chichen Itza,Chichen Itza + Cenote Ik Kil,Grupal,20,1.0,Mexico,Español,1535.52,31478.16,4.4,4.7,Tarjeta debito,Completada,G010,Alta,12,2023,cliente5588@yahoo.com
RES05307,2022-10-04,Cozumel,Snorkel El Cielo,Grupal,16,8.0,Mexico,Ingles,1200.5,24010.0,9.6,5.0,Efectivo,Completada,G039,Media,10,2022,cliente529@outlook.com
RES00325,2023-09-01,Merida,Izamal + Merida,Grupal,11,3.0,Suecia,Ingles,616.04,7700.5,5.3,3.9,Transferencia,Completada,G001,Baja,9,2023,cliente2852@hotmail.com
RES01546,2021-06-12,Holbox,Avistamiento Tiburon Ballena,Grupal,17,5.0,Alemania,Español,1095.95,21371.03,8.9,4.4,Transferencia,Completada,G019,Media,6,2021,
RES02096,2021-11-22,Tulum,Cenote Dos Ojos,Grupal,13,2.0,Estados Unidos,Ingles,1013.07,14182.98,10.0,4.8,Efectivo,Completada,G040,Media,11,2021,cliente4027@hotmail.com
RES00326,2021-06-11,Chichen Itza,Valladolid + Chichen Itza,Gruupal,14,6.0,Mexico,Español,1126.5,19150.5,4.8,4.1,Tarjeta debito,Completada,G031,Media,6,2021,cliente9651@outlook.com
RES04997,2021-04-04,Chichen Itza,Chichen Itza + Cenote Ik Kil,Grupal,13,2.0,Estados Unidos,Español,1420.86,19892.04,7.8,4.0,Tarjeta credito,Pendiente,G012,Alta,4,2021,cliente7046@outlook.com
RES03718,2023-12-26,Cozumel,Snorkel El Cielo,Privado,2,0.0,Canada,,2039.35,4078.7,9.1,2.7,Tarjeta debito,Completada,G023,Alta,12,2023,cliente1420@gmail.com
RES00133,2022-03-05,Merida,Izamal + Merida,Grupal,5,2.0,Estados Unidos,Ingles,893.64,5361.84,4.4,5.0,Efectivo,Completada,G011,Alta,3,2022,cliente4886@outlook.com
RES05804,2023-09-20,Chichen Itza,Chichen Itza + Cenote Ik Kil,Grupal,9,1.0,Mexico,Ingles,1114.52,10587.94,5.2,4.4,Efectivo,Completada,G021,Baja,9,2023,cliente420@hotmail.com
RES00801,2024-01-09,Chichen Itza,Chichen Itza + Cenote Ik Kil,Grupal,15,6.0,Mexico,Español,1057.2,19029.6,5.8,1.0,Transferencia,Cancelada,,Baja,1,2024,cliente1540@hotmail.com
RES05384,2023-12-25,Bacalar,Kayak Canales,Grupal,7,3.0,Mexico,Español,1012.02,8602.17,,,Efectivo,Completada,G033,Alta,12,2023,cliente6254@outlook.com
RES05891,2021-08-16,Cozumel,Snorkel El Cielo,Privado,2,1.0,Estados Unidos,Frances,1886.49,4716.23,3.4,5.0,Tarjeta debito,Confirmada,G031,Alta,8,2021,cliente2656@icloud.com
RES05241,2023-08-09,Cancun,Zona Hotelera Tour,Privado,3,0.0,Estados Unidos,Español,1313.38,3940.14,6.9,4.3,Tarjeta debito,Completada,G034,Alta,8,2023,cliente2888@icloud.com
RES02978,2023-05-18,Holbox,Avistamiento Tiburon Ballena,Grupal,8,1.0,Estados Unidos,Ingles,1114.31,9471.64,6.7,5.0,Transferencia,Completada,G005,Media,5,2023,
RES02025,2023-01-31,Akumal,Snorkel Tortugas Akumal,Grupal,6,3.0,Estados Unidos,Ingles,668.25,5011.88,10.2,3.7,Tarjeta credito,Completada,G026,Baja,1,2023,cliente3214@outlook.com
RES02099,2022-11-30,Merida,Centro Historico Merida,Grupal,16,8.0,Mexico,Ingles,694.79,500000.0,2.7,3.7,Efectivo,Completada,G013,Media,11,2022,cliente5342@hotmail.com
RES01570,2023-11-11,Uxmal,Ruta Puuc,Grupal,8,4.0,Mexico,Ingles,1090.13,10901.3,9.0,3.9,Tarjeta credito,Completada,G013,Media,11,2023,usuario@
RES03728,2022-02-03,Playa del Carmen,Quinta Avenida + Cozumel,Grupal,19,6.0,Francia,Aleman,691.5,15213.0,4.8,4.8,EFECTIVO,Completada,G036,Baja,2,2022,cliente5515@hotmail.com
RES05675,2021-04-08,Cozumel,Buceo Arrecife Palancar,Privado,1,0.0,Italia,Español,1908.92,1908.92,5.7,4.7,Tarjeta credito,Completada,G011,Alta,4,2021,cliente541@outlook.com
RES01058,2023-04-19,Akumal,Snorkel Tortugas Akumal,Grupal,4,0.0,Reino Unido,Ingles,946.9,3787.6,8.0,4.8,Tarjeta debito,Confirmada,G029,Alta,4,2023,cliente437@icloud.com
RES04564,2023-09-10,Bacalar,Fuerte de San Felipe,Grupal,12,5.0,Argentina,,704.77,10219.16,5.5,4.9,Efectivo,Completada,G004,Baja,9,2023,cliente3920@hotmail.com
RES01484,2021-03-30,Tulum,Ruinas de Tulum,Grupal,5,0.0,Estados Unidos,Ingles,1248.18,6240.9,4.4,4.0,Tarjeta credito,Completada,,Alta,3,2021,cliente6551@gmail.com
RES04130,2022-08-10,Uxmal,Uxmal + Kabah,Privado,1,0.0,Estados Unidos,Ingles,1953.03,1953.03,8.5,2.1,Tarjeta credito,Completada,G031,Alta,8,2022,cliente5065@yahoo.com
RES02901,2021-10-08,Bacalar,Laguna de los 7 Colores,Grupal,10,1.0,Mexico,Español,829.9,8713.95,,4.1,Efectivo,Confirmada,G037,Media,10,2021,cliente2244@gmail.com
RES02448,2022-06-03,Merida,Haciendas del Mayab,Grupal,17,3.0,España,Español,673.29,12455.86,8.9,1.0,Transferencia,Completada,G012,Media,6,2022,cliente7048@outlook.com
RES02477,2023-06-08,Tulum,Cenote Dos Ojos,Privado,4,0.0,Francia,Italiano,1544.39,6177.56,9.6,5.0,Tarjeta credito,Completada,G032,Media,6,2023,usuario@
RES01651,2021-07-11,Merida,Haciendas del Mayab,Grupal,16,5.0,Estados Unidos,Ingles,884.8,16368.8,7.4,5.0,Tarjeta credito,Completada,G029,Alta,7,2021,cliente4983@icloud.com
RES01927,2022-02-01,Playa del Carmen,Xcaret,Grupal,16,5.0,Mexico,Español,677.95,12542.08,4.2,4.1,Tarjeta credito,Completada,G038,Baja,2,2022,cliente9033@gmail.com
RES01558,2023-01-17,Playa del Carmen,Xcaret,Grupal,20,9.0,Brasil,Español,759.54,18608.73,6.2,5.0,,Confirmada,G013,Baja,1,2023,cliente4824@yahoo.com
RES04077,2022-12-06,Cozumel,Tour Isla Cozumel,Grupal,14,1.0,Holanda,,1264.64,18337.28,6.6,5.0,Transferencia,Completada,G015,Alta,12,2022,cliente5355@hotmail.com
RES00169,2023-06-02,Holbox,Punta Mosquito,Privado,4,0.0,Mexico,Aleman,1594.4,6377.6,7.5,4.7,Transferencia,Confirmada,G037,Media,6,2023,cliente1386@hotmail.com
RES02852,2021-06-12,Cozumel,Snorkel El Cielo,Grupal,15,0.0,Canada,Frances,1100.87,16513.05,9.6,5.0,Tarjeta credito,Confirmada,G037,Media,6,2021,cliente7589@outlook.com
RES01880,2022-06-07,Bacalar,Fuerte de San Felipe,Grupal,14,2.0,Estados Unidos,Español,845.56,12683.4,3.2,1.4,Tarjeta credito,Completada,G035,Media,6,2022,cliente3548@hotmail.com
RES02895,2023-04-10,Bacalar,Laguna de los 7 Colores,Grupal,5,0.0,,Ingles,1141.58,5707.9,3.3,4.9,Tarjeta credito,Completada,G040,Alta,4,2023,usuario.dominio.com
RES01962,2021-12-25,Uxmal,Ruta Puuc,Privado,4,1.0,Brasil,Español,1970.34,8866.53,7.0,1.0,Efectivo,Completada,G010,Alta,12,2021,usuario@
RES01618,2021-07-31,Tulum,Sian Ka'an,Grupal,13,3.0,Estados Unidos,Frances,1058.44,15347.38,5.4,5.0,Efectivo,Completada,G036,Alta,7,2021,cliente7394@icloud.com
RES01177,2021-01-12,Tulum,Cenote Gran Cenote,Grupal,4,2.0,Mexico,Español,888.03,4440.15,7.6,5.0,Efectivo,Cancelada,G026,Baja,1,2021,cliente974@gmail.com
RES04341,2021-03-24,Uxmal,Ruta Puuc,Grupal,16,6.0,Mexico,Español,1263.21,24000.99,4.3,4.1,Efectivo,Cancelada,G033,Alta,3,2021,cliente9110@hotmail.com
RES01039,2022-04-15,Cozumel,Buceo Arrecife Palancar,Grupal,18,3.0,Estados Unidos,Español,1398.16,27264.12,9.4,4.4,Transferencia,Completada,G015,Alta,4,2022,usuario@
RES05583,2022-12-31,Akumal,Snorkel Tortugas Akumal,Grupal,12,5.0,Francia,Español,977.31,14170.99,6.5,,Tarjeta debito,Confirmada,G038,Alta,12,2022,cliente892@hotmail.com
RES05842,2021-12-12,Tulum,Ruinas de Tulum,Grupal,9,0.0,Mexico,Portugues,1184.81,10663.29,4.1,4.2,Crypto,Completada,G038,Alta,12,2021,cliente921@hotmail.com
RES05271,2021-03-05,Playa del Carmen,Quinta Avenida + Cozumel,Grupal,13,0.0,Estados Unidos,Italiano,1063.67,13827.71,6.0,5.0,Tarjeta debito,Completada,G036,Alta,3,2021,cliente3890@hotmail.com
RES00231,2021-04-01,Bacalar,Laguna de los 7 Colores,Grupal,15,4.0,Estados Unidos,Español,1146.95,19498.15,9.1,4.2,TARJETA CREDITO,Completada,G039,Alta,4,2021,cliente8619@yahoo.com
RES05121,2024-03-04,Cozumel,Tour Isla Cozumel,Grupal,8,4.0,Mexico,Aleman,1227.32,12273.2,10.2,3.7,Tarjeta debito,Completada,G021,Alta,3,2024,cliente8700@icloud.com
RES04021,2023-10-25,Cozumel,Snorkel El Cielo,Grupal,11,4.0,Estados Unidos,Español,1083.34,14083.42,6.9,5.0,Tarjeta credito,Completada,G013,Media,10,2023,@dominio.com
RES00894,2023-03-29,Chichen Itza,Chichen Itza + Cenote Ik Kil,Privado,4,0.0,Reino Unido,Español,2057.98,200000.0,10.5,2.0,Transferencia,Confirmada,G013,Alta,3,2023,cliente8916@hotmail.com
RES04334,2021-08-08,Bacalar,Fuerte de San Felipe,Grupal,19,,Francia,Ingles,1134.05,26650.17,8.5,3.7,Efectivo,Completada,G015,Alta,8,2021,cliente8241@yahoo.com
RES01894,2023-12-01,Bacalar,Laguna de los 7 Colores,Grupal,5,2.0,,Portugues,1185.73,7114.38,,5.0,Tarjeta credito,Completada,G013,Alta,12,2023,cliente8058@hotmail.com
RES01560,2022-01-15,Cozumel,Tour Isla Cozumel,Privado,2,0.0,Brasil,Ingles,1319.6,2639.2,5.1,5.0,Tarjeta debito,Completada,G009,Baja,1,2022,cliente7831@hotmail.com
RES02609,2021-11-13,Tulum,Ruinas de Tulum,Grupal,15,3.0,Japon,Español,,15541.18,8.7,4.8,Tarjeta credito,Completada,G006,Media,11,2021,cliente2249@yahoo.com
RES01336,2021-12-12,Tulum,Sian Ka'an,Grupal,19,7.0,Italia,Ingles,1154.85,25984.12,6.0,4.3,Efectivo,Completada,G026,Alta,12,2021,cliente2434@outlook.com
RES05430,2023-02-23,Merida,Izamal + Merida,Privado,1,0.0,Canada,Ingles,908.69,908.69,8.9,4.1,Efectivo,Completada,G023,Baja,2,2023,cliente6794@outlook.com
RES00018,2023-02-08,,Laguna de los 7 Colores,Grupal,6,1.0,,Español,,4745.45,4.3,4.2,Tarjeta debito,Completada,G034,Baja,2,2023,cliente8677@icloud.com
RES05109,2022-01-08,Cozumel,Tour Isla Cozumel,Grupal,7,3.0,Francia,Ingles,892.05,7582.42,5.8,,,Completada,G033,Baja,1,2022,
RES02092,2021-01-04,Merida,Izamal + Merida,Privado,3,1.0,Italia,Aleman,977.84,3422.44,10.1,4.9,Efectivo,Completada,G027,Baja,1,2021,cliente2994@outlook.com
RES00587,2024-01-29,Cancun,Isla Mujeres,Grupal,12,4.0,Mexico,Italiano,600.95,8413.3,9.3,4.9,Efectivo,Confirmada,G037,Baja,1,2024,
RES05815,2021-07-01,,Cenote Gran Cenote,Grupal,20,,Estados Unidos,Español,,29139.25,9.5,4.6,Tarjeta credito,Completada,G007,Alta,7,2021,cliente6322@outlook.com
RES02359,2024-03-27,Uxmal,Ruta Puuc,Privado,4,1.0,Estados Unidos,Aleman,1929.27,8681.72,7.5,5.0,Efectivo,Completada,G010,Alta,3,2024,cliente3324@icloud.com
RES05486,2021-01-14,Merida,Haciendas del Mayab,Grupal,18,7.0,Italia,Ingles,602.67,12957.4,4.0,4.0,Transferencia,Completada,G040,Baja,1,2021,cliente2991@outlook.com
RES04959,2022-11-23,Chichen Itza,Chichen Itza + Cenote Ik Kil,Privado,3,0.0,Mexico,Italiano,1958.44,5875.32,10.0,,Paypal,Completada,G002,Media,11,2022,cliente7910@yahoo.com
RES01489,2021-03-04,Cozumel,Buceo Arrecife Palancar,Grupal,7,1.0,Estados Unidos,Ingles,1414.84,10611.3,5.5,3.9,Tarjeta credito,Cancelada,G022,Alta,3,2021,cliente6503@yahoo.com
RES03881,2021-01-08,Holbox,Tour Isla Holbox,Grupal,16,3.0,Estados Unidos,Frances,825.58,14447.65,5.4,1.4,Efectivo,Pendiente,G005,Baja,1,2021,cliente7460@gmail.com
RES02253,2022-07-02,Cancun,Laguna Nichupte,privad,4,2.0,Mexico,Frances,1386.63,6933.15,7.6,4.2,Tarjeta debito,Completada,G038,Alta,7,2022,cliente4800@icloud.com
RES01826,2021-02-03,Uxmal,Uxmal + Kabah,Privado,3,1.0,Estados Unidos,Ingles,1239.2,4337.2,8.4,2.8,Transferencia,Completada,G002,Baja,2,2021,cliente168@outlook.com
RES04311,2023-11-03,Holbox,Punta Mosquito,Grupal,15,,Estados Unidos,Ingles,987.49,18268.56,5.0,5.0,,Pendiente,G029,Media,11,2023,cliente7560@yahoo.com
RES02776,2022-06-02,Holbox,Punta Mosquito,Privado,3,1.0,Reino Unido,Ingles,1538.97,5386.4,7.5,5.0,Transferencia,Completada,G035,Media,6,2022,cliente7605@hotmail.com
RES02433,2021-01-13,Akumal,Cenote Yalku,Privado,3,1.0,Francia,Aleman,1010.01,3535.03,3.3,4.4,Paypal,Confirmada,G036,Baja,1,2021,cliente4504@icloud.com
RES04275,2022-01-14,Cancun,Zona Hotelera Tour,Grupal,4,1.0,Mexico,Aleman,623.75,200000.0,6.1,4.0,Tarjeta debito,Completada,G009,Baja,1,2022,cliente8181@icloud.com
RES03013,2023-03-13,Uxmal,Ruta Puuc,Grupal,17,4.0,Argentina,Español,1230.98,23388.62,5.2,5.0,Tarjeta credito,Completada,G024,Alta,3,2023,cliente6492@gmail.com
RES05268,2022-10-21,Chichen Itza,Valladolid + Chichen Itza,Grupal,12,,,Ingles,1215.56,18233.4,6.4,5.0,Efectivo,Completada,G013,Media,10,2022,cliente9342@outlook.com
RES02888,2021-11-02,Bacalar,Laguna de los 7 Colores,Privado,1,0.0,Mexico,Español,1447.93,1447.93,5.3,4.4,Tarjeta credito,Completada,G002,Media,11,2021,cliente2612@hotmail.com
RES05161,2023-11-13,Bacalar,Fuerte de San Felipe,Grupal,6,1.0,Mexico,Español,903.25,5871.12,2.8,3.8,Crypto,Completada,G036,Media,11,2023,cliente3491@icloud.com
RES02246,2021-10-10,Chichen Itza,Valladolid + Chichen Itza,Grupal,20,7.0,Suecia,Aleman,1197.11,28132.08,6.6,,Tarjeta credito,Completada,G006,Media,10,2021,cliente971@yahoo.com
RES02198,2023-12-16,Cozumel,Snorkel El Cielo,Grupal,20,5.0,Estados Unidos,Aleman,1393.63,31356.68,4.1,4.2,Transferencia,Completada,G037,Alta,12,2023,
RES04023,2022-06-30,Holbox,Punta Mosquito,Privado,2,1.0,Estados Unidos,Ingles,1710.04,4275.1,7.4,4.2,Tarjeta credito,Completada,,Media,6,2022,cliente1870@icloud.com
RES00394,2023-04-05,Bacalar,Kayak Canales,Grupal,11,3.0,Estados Unidos,Español,1182.0,14775.0,10.4,5.0,Paypal,Completada,G014,Alta,4,2023,cliente7016@hotmail.com
RES01695,2023-01-11,Chichen Itza,Valladolid + Chichen Itza,Grupal,8,3.0,Mexico,Español,1013.81,9631.19,8.7,5.0,Crypto,Completada,G005,Baja,1,2023,cliente7009@hotmail.com
RES02150,2023-07-29,Cancun,Laguna Nichupte,Grupal,4,1.0,Estados Unidos,Español,974.17,4383.76,7.4,5.0,Tarjeta debito,Completada,G040,Alta,7,2023,cliente7440@icloud.com
RES02630,2021-01-14,Cozumel,Snorkel El Cielo,Privado,1,0.0,Canada,Ingles,1342.42,1342.42,5.9,5.0,Tarjeta credito,Completada,G029,Baja,1,2021,cliente4848@gmail.com
RES03478,2021-02-07,Tulum,Sian Ka'an,Privado,4,2.0,Canada,Ingles,1186.86,5934.3,7.1,4.3,Paypal,Cancelada,G018,Baja,2,2021,cliente7525@hotmail.com
RES01371,2022-01-15,Playa del Carmen,Xcaret,Grupal,18,1.0,,Frances,723.65,13387.52,4.0,,Tarjeta debito,Completada,G007,Baja,1,2022,cliente1882@gmail.com
RES01311,2021-12-16,Akumal,Cenote Yalku,Grupal,6,1.0,Mexico,Ingles,1010.9,6570.85,3.8,4.7,Efectivo,Completada,G001,Alta,12,2021,sinArroba.com
RES02789,2021-12-12,Playa del Carmen,Xel-Ha,Privado,2,0.0,Colombia,Ingles,1468.79,2937.58,7.7,,Efectivo,Completada,G020,Alta,12,2021,usuario@
RES03634,2023-02-01,Playa del Carmen,Quinta Avenida + Cozumel,Grupal,10,4.0,Mexico,Español,677.89,8134.68,4.0,1.0,,Completada,G040,Baja,2,2023,usuario.dominio.com
RES00015,2024-03-19,Merida,Izamal + Merida,Grupal,9,1.0,Reino Unido,Ingles,908.72,8632.84,7.1,3.7,Tarjeta credito,Pendiente,G033,Alta,3,2024,cliente3364@yahoo.com
RES02365,2022-06-29,Cancun,Zona Hotelera Tour,Grupal,6,1.0,Australia,Ingles,716.98,4660.37,8.4,2.7,Efectivo,Completada,G033,Media,6,2022,cliente9240@icloud.com
RES00623,2024-01-14,Cozumel,Buceo Arrecife Palancar,Privado,3,1.0,Alemania,Ingles,1320.91,4623.19,4.6,1.7,Transferencia,Completada,G009,Baja,1,2024,cliente474@outlook.com
RES04766,2023-05-09,Bacalar,Kayak Canales,Grupal,19,7.0,Holanda,Español,973.94,500000.0,5.6,5.0,Efectivo,Confirmada,,Media,5,2023,cliente4060@yahoo.com
RES02961,2021-08-01,Chichen Itza,Valladolid + Chichen Itza,Grupal,9,0.0,Estados Unidos,Español,1506.23,13556.07,,4.7,Transferencia,Completada,G037,Alta,8,2021,cliente8970@outlook.com
RES00535,2024-01-06,Cancun,Laguna Nichupte,Grupal,17,3.0,Polonia,Portugues,670.04,12395.74,6.2,,Transferencia,Completada,G026,Baja,1,2024,cliente280@gmail.com
RES00473,2021-02-04,Akumal,Cenote Yalku,Privado,2,0.0,Canada,Español,,2032.72,8.8,4.1,Crypto,Cancelada,G037,Baja,2,2021,usuario@
RES00411,2023-12-28,Chichen Itza,Valladolid + Chichen Itza,Grupal,14,1.0,Colombia,Español,1483.68,21513.36,9.3,4.1,Efectivo,Confirmada,G018,Alta,12,2023,cliente5980@outlook.com
RES03642,2022-10-17,Merida,Izamal + Merida,Privado,3,0.0,Estados Unidos,Aleman,1017.46,3052.38,8.2,5.0,Efectivo,Cancelada,G036,Media,10,2022,cliente302@gmail.com
RES05048,2023-05-27,Uxmal,Uxmal + Kabah,Gruupal,4,2.0,Reino Unido,Ingles,1052.21,5261.05,10.4,4.3,Tarjeta credito,Pendiente,,Media,5,2023,us er@gmail.com
RES00965,2022-04-30,Chichen Itza,Valladolid + Chichen Itza,privado,2,0.0,Suecia,Italiano,1989.1,3978.2,5.3,5.0,Tarjeta debito,Completada,G039,Alta,4,2022,cliente5306@yahoo.com
RES06000,2023-12-04,Cozumel,Snorkel El Cielo,Privado,2,0.0,Mexico,Ingles,1907.29,3814.58,8.6,4.4,Paypal,Completada,G033,Alta,12,2023,cliente5796@gmail.com
RES00066,2022-01-12,Tulum,Cenote Dos Ojos,Grupal,13,0.0,Colombia,Ingles,785.57,10212.41,6.7,4.1,Tarjeta debito,Completada,G011,Baja,1,2022,cliente4382@hotmail.com
RES03568,2023-12-27,Playa del Carmen,Quinta Avenida + Cozumel,Privado,4,,Estados Unidos,Español,,7606.75,2.7,5.0,Tarjeta debito,Completada,G006,Alta,12,2023,cliente9491@outlook.com
RES04687,2022-04-27,,Uxmal + Kabah,Privado,1,0.0,,Español,1843.7,1843.7,3.4,4.6,Tarjeta debito,Completada,G028,Alta,4,2022,cliente8063@yahoo.com
RES04259,2023-03-01,Playa del Carmen,Xcaret,grupal,5,2.0,Mexico,Español,943.2,5659.2,9.9,,Tarjeta credito,Completada,G039,Alta,3,2023,cliente9838@icloud.com
RES01841,2022-02-28,Playa del Carmen,Xcaret,Privado,1,0.0,Estados Unidos,Español,1045.62,1045.62,3.6,4.8,Efectivo,Completada,G039,Baja,2,2022,cliente529@outlook.com
RES05444,2023-03-20,Akumal,Cenote Yalku,Privado,4,2.0,Colombia,Español,1348.76,6743.8,9.7,5.0,Efectivo,Completada,G020,Alta,3,2023,cliente4399@hotmail.com
RES00352,2023-10-07,Akumal,Cenote Yalku,Privado,4,2.0,Canada,Frances,1204.41,6022.05,4.6,2.7,Tarjeta credito,Completada,G020,Media,10,2023,cliente6145@hotmail.com
RES01200,2021-01-06,Holbox,Tour Isla Holbox,Grupal,19,2.0,Francia,Español,,17221.6,4.4,4.0,Efectivo,Completada,G016,Baja,1,2021,cliente6232@hotmail.com
RES00713,2023-03-05,Merida,Haciendas del Mayab,Privado,1,0.0,Mexico,Ingles,1161.93,1161.93,7.7,5.0,,Completada,G025,Alta,3,2023,cliente6743@outlook.com
RES04975,2021-05-25,Bacalar,Laguna de los 7 Colores,Grupal,15,5.0,Argentina,Español,852.0,14910.0,9.7,,Tarjeta credito,Completada,G008,Media,5,2021,cliente7438@hotmail.com
RES02078,2021-11-10,Cancun,Laguna Nichupte,Grupal,9,1.0,Canada,Español,702.48,6673.56,7.8,3.9,Tarjeta debito,Completada,G033,Media,11,2021,cliente2748@hotmail.com
RES03788,2022-11-19,Holbox,Punta Mosquito,Grupal,9,1.0,Mexico,Español,1086.02,10317.19,9.3,5.0,,Completada,G029,Media,11,2022,cliente5005@hotmail.com
RES00682,2023-02-14,Akumal,Cenote Yalku,Grupal,8,4.0,Reino Unido,Español,659.75,6597.5,7.6,3.6,Tarjeta debito,Cancelada,G033,Baja,2,2023,cliente2679@icloud.com
RES05784,2023-07-07,Merida,Centro Historico Merida,Grupal,5,1.0,Estados Unidos,Español,811.76,4464.68,4.4,4.0,Efectivo,Cancelada,G038,Alta,7,2023,cliente291@yahoo.com
RES03012,2021-12-22,Chichen Itza,Valladolid + Chichen Itza,Privado,2,1.0,España,Ingles,2291.16,5727.9,3.2,4.8,Tarjeta debito,Completada,G038,Alta,12,2021,cliente2375@hotmail.com
RES00089,2021-04-17,Akumal,Snorkel Tortugas Akumal,Privado,2,1.0,Estados Unidos,Español,1380.28,3450.7,9.5,4.8,Efectivo,Completada,G004,Alta,4,2021,cliente7642@yahoo.com
RES02747,2023-12-07,Cozumel,Snorkel El Cielo,Grupal,20,4.0,Mexico,Ingles,1293.54,28457.88,6.8,5.0,Tarjeta credito,Completada,G017,Alta,12,2023,cliente4966@outlook.com
RES05273,2023-09-22,Cozumel,Snorkel El Cielo,Privado,2,1.0,Estados Unidos,Italiano,1312.77,3281.93,5.1,5.0,Tarjeta credito,Completada,G017,Baja,9,2023,cliente5725@icloud.com
RES02681,2021-01-17,Cancun,Isla Mujeres,Privado,1,0.0,Reino Unido,Ingles,1039.18,1039.18,8.6,3.9,Tarjeta debito,Confirmada,G029,Baja,1,2021,cliente5438@yahoo.com
RES03071,2022-12-09,Uxmal,Ruta Puuc,Grupal,8,0.0,Alemania,Español,1113.88,8911.04,,3.8,Transferencia,Confirmada,G010,Alta,12,2022,cliente4130@icloud.com
RES01262,2023-10-19,Tulum,Cenote Gran Cenote,Grupal,15,0.0,,Ingles,967.1,14506.5,5.3,5.0,Tarjeta credito,Pendiente,G038,Media,10,2023,
RES01426,2022-02-23,Uxmal,Uxmal + Kabah,Grupal,18,4.0,Canada,Español,805.4,16108.0,7.4,3.4,,Pendiente,,Baja,2,2022,cliente7175@yahoo.com
RES01187,2022-09-21,Merida,Izamal + Merida,Grupal,9,,Canada,Italiano,605.83,5452.47,3.7,4.1,Tarjeta debito,Completada,G039,Baja,9,2022,
RES04052,2023-10-21,Cozumel,Snorkel El Cielo,Grupal,12,6.0,España,Español,1077.67,16165.05,2.5,,Tarjeta credito,Confirmada,G006,Media,10,2023,cliente8246@yahoo.com
RES03898,2022-03-27,Bacalar,Laguna de los 7 Colores,Privado,4,,Brasil,Español,1600.39,6401.56,9.9,5.0,Tarjeta debito,Completada,G001,Alta,3,2022,cliente6498@gmail.com
RES03319,2023-07-08,Merida,Izamal + Merida,Grupal,6,2.0,Canada,Español,869.02,6083.14,8.4,4.7,Efectivo,Confirmada,G024,Alta,7,2023,cliente6080@outlook.com
RES05356,2023-03-02,Chichen Itza,Chichen Itza + Cenote Ik Kil,Grupal,10,0.0,Italia,Ingles,1359.21,13592.1,8.4,5.0,Paypal,Completada,G002,Alta,3,2023,cliente8559@outlook.com
RES04315,2021-07-24,Merida,Izamal + Merida,Privado,4,2.0,Alemania,Español,1240.24,6201.2,6.3,,Efectivo,Completada,G038,Alta,7,2021,cliente9522@gmail.com
RES00421,2022-03-21,Playa del Carmen,Quinta Avenida + Cozumel,Privado,4,2.0,Mexico,,1652.46,8262.3,7.0,4.9,Efectivo,Completada,G030,Alta,3,2022,cliente2694@gmail.com
RES03019,2021-03-05,Cancun,Laguna Nichupte,Grupal,12,4.0,Mexico,Español,868.66,12161.24,10.3,3.9,Paypal,Completada,G030,Alta,3,2021,
RES03882,2021-06-04,Cozumel,Buceo Arrecife Palancar,Privado,1,0.0,Italia,Ingles,1532.87,1532.87,2.5,5.0,Tarjeta credito,Completada,G008,Media,6,2021,cliente3817@hotmail.com
RES00374,2021-02-21,Merida,Centro Historico Merida,Privado,3,1.0,Estados Unidos,Ingles,839.54,2938.39,4.4,3.0,,Completada,G034,Baja,2,2021,cliente5990@outlook.com
RES02800,2024-02-25,Cozumel,Snorkel El Cielo,Grupal,7,2.0,Estados Unidos,Ingles,914.57,7316.56,5.5,5.0,Transferencia,Confirmada,G003,Baja,2,2024,cliente978@yahoo.com
RES00600,2022-01-30,Merida,Izamal + Merida,Grupal,18,4.0,Mexico,Español,606.75,12135.0,8.0,3.9,Tarjeta debito,Completada,G007,Baja,1,2022,cliente5988@yahoo.com
RES02585,2021-06-28,Playa del Carmen,Xel-Ha,Privado,4,0.0,Mexico,Español,1180.06,4720.24,7.0,5.0,Tarjeta credito,Pendiente,G008,Media,6,2021,
RES03781,2024-03-14,Tulum,Cenote Gran Cenote,Grupal,9,3.0,Estados Unidos,Ingles,1114.21,11699.2,8.2,3.3,Tarjeta credito,Completada,G023,Alta,3,2024,
RES02406,2022-10-14,Uxmal,Uxmal + Kabah,Grupal,19,3.0,Mexico,Español,1004.99,20602.3,6.0,5.0,Tarjeta debito,Completada,G035,Media,10,2022,
RES04611,2023-01-28,Chichen Itza,Valladolid + Chichen Itza,Grupal,13,3.0,Mexico,,972.54,14101.83,7.5,4.9,Tarjeta credito,Confirmada,G020,Baja,1,2023,cliente3159@yahoo.com
RES01875,2023-01-12,Holbox,Tour Isla Holbox,Grupal,12,5.0,Francia,Español,875.12,12689.24,4.8,5.0,Tarjeta credito,Cancelada,G009,Baja,1,2023,cliente4183@outlook.com
RES00577,2022-05-26,Uxmal,Ruta Puuc,Grupal,16,8.0,Alemania,Español,992.59,19851.8,8.7,5.0,Efectivo,Confirmada,G019,Media,5,2022,cliente2331@outlook.com
RES03712,2021-10-27,Tulum,Cenote Dos Ojos,Privado,2,1.0,Reino Unido,Ingles,1366.02,3415.05,4.0,5.0,Tarjeta debito,Completada,G010,Media,10,2021,cliente6597@hotmail.com
RES02442,2022-02-23,Bacalar,Laguna de los 7 Colores,Grupal,14,4.0,Polonia,Aleman,839.1,13425.6,3.6,4.7,Tarjeta debito,Completada,G027,Baja,2,2022,cliente2683@icloud.com
RES03035,2023-11-14,Akumal,Snorkel Tortugas Akumal,Grupal,11,3.0,Canada,Español,818.68,10233.5,2.8,5.0,Tarjeta credito,Confirmada,G002,Media,11,2023,cliente5942@gmail.com
RES03064,2022-11-07,Uxmal,Ruta Puuc,Grupal,14,0.0,Reino Unido,Español,1005.53,14077.42,8.4,4.1,Paypal,Cancelada,G017,Media,11,2022,cliente2162@hotmail.com
RES03384,2022-02-22,Akumal,Cenote Yalku,Grupal,4,1.0,Francia,Aleman,666.8,3000.6,2.7,4.9,Tarjeta credito,Cancelada,G040,Baja,2,2022,cliente4337@gmail.com
RES04310,2023-07-01,Tulum,Sian Ka'an,Grupal,6,0.0,Mexico,Italiano,,6969.36,4.5,5.0,Tarjeta debito,Completada,G040,Alta,7,2023,cliente6666@outlook.com
RES00477,2022-04-25,Akumal,Cenote Yalku,Privad0,4,1.0,Estados Unidos,Ingles,1422.55,6401.47,9.7,3.2,Crypto,Completada,G026,Alta,4,2022,cliente1977@outlook.com
RES03572,2022-11-10,Merida,Centro Historico Merida,Grupal,13,1.0,Mexico,Español,650.63,8783.5,6.2,4.2,Tarjeta credito,Cancelada,G009,Media,11,2022,cliente3598@icloud.com
RES03743,2023-08-16,Bacalar,Fuerte de San Felipe,Privado,2,1.0,Estados Unidos,Ingles,1690.47,4226.18,5.2,4.2,Efectivo,Completada,G024,Alta,8,2023,cliente6309@icloud.com
RES02647,2023-06-05,Akumal,Snorkel Tortugas Akumal,Grupal,15,5.0,Alemania,Español,751.27,13147.23,10.0,4.9,Tarjeta credito,Completada,G002,Media,6,2023,cliente9674@yahoo.com
RES02499,2022-01-21,Holbox,Tour Isla Holbox,Privado,4,0.0,,Ingles,1391.36,5565.44,3.7,3.6,Efectivo,Confirmada,G038,Baja,1,2022,cliente9662@outlook.com
RES03983,2021-03-05,Playa del Carmen,Xcaret,Privado,4,0.0,Argentina,Español,1672.87,6691.48,4.8,4.7,Transferencia,Completada,G016,Alta,3,2021,cliente1450@hotmail.com
RES00182,2022-07-13,Cozumel,Tour Isla Cozumel,Privado,1,0.0,Mexico,Aleman,1849.28,1849.28,9.3,5.0,Tarjeta debito,Completada,G008,Alta,7,2022,cliente7745@yahoo.com
RES01818,2021-06-24,Tulum,Sian Ka'an,Grupal,18,2.0,Suiza,Ingles,875.97,16643.43,6.7,4.9,,Completada,G019,Media,6,2021,cliente2704@hotmail.com
RES04761,2022-10-21,Merida,Izamal + Merida,Privado,1,0.0,Mexico,Español,1103.94,1103.94,4.8,3.6,Transferencia,Completada,G022,Media,10,2022,cliente3921@icloud.com
RES04082,2023-10-04,Cozumel,Buceo Arrecife Palancar,Grupal,6,1.0,Alemania,Español,1145.18,7443.67,5.8,5.0,Transferencia,Pendiente,G035,Media,10,2023,cliente2765@yahoo.com
RES04202,2023-07-01,Tulum,Cenote Gran Cenote,Privado,3,1.0,Colombia,Español,1606.19,5621.66,9.1,4.3,Efectivo,Completada,G020,Alta,7,2023,cliente2875@hotmail.com
RES05463,2022-01-31,Akumal,Cenote Yalku,Grupal,10,4.0,Estados Unidos,Aleman,701.35,8416.2,3.4,5.0,Tarjeta debito,Completada,G019,Baja,1,2022,cliente7428@gmail.com
RES00813,2022-08-06,Merida,Haciendas del Mayab,Grupal,13,0.0,Estados Unidos,Portugues,833.06,10829.78,9.4,5.0,Transferencia,Completada,G003,Alta,8,2022,cliente2992@yahoo.com
RES00697,2022-10-05,,Cenote Yalku,Privado,2,1.0,Brasil,Ingles,1286.87,3217.17,4.9,,Efectivo,Confirmada,G027,Media,10,2022,cliente2382@icloud.com
RES02684,2021-04-30,Holbox,Avistamiento Tiburon Ballena,Grupal,10,2.0,España,Español,1271.67,13988.37,9.4,3.8,Tarjeta credito,Completada,G032,Alta,4,2021,cliente4028@hotmail.com
RES01245,2022-04-04,Bacalar,Laguna de los 7 Colores,Privado,1,0.0,Mexico,Español,1781.2,1781.2,3.0,5.0,Efectivo,Completada,G033,Alta,4,2022,cliente2054@icloud.com
RES01481,2022-03-28,Uxmal,Uxmal + Kabah,Privado,2,0.0,,Italiano,1656.11,3312.22,,4.0,Crypto,Completada,G006,Alta,3,2022,cliente3594@outlook.com
RES01040,2021-02-28,Merida,Izamal + Merida,Grupal,18,5.0,Mexico,Ingles,591.56,12126.98,,4.7,Transferencia,Completada,G022,Baja,2,2021,cliente6113@gmail.com
RES03617,2023-06-20,Cancun,Isla Mujeres,Grupal,17,3.0,Reino Unido,Español,774.19,14322.52,3.6,3.9,Tarjeta credito,Completada,G002,Media,6,2023,usuario.dominio.com
RES02651,2022-04-13,Cozumel,Buceo Arrecife Palancar,Privado,4,2.0,Estados Unidos,Frances,1988.48,9942.4,7.9,3.8,Tarjeta credito,Completada,G018,Alta,4,2022,cliente9455@gmail.com
RES00260,2021-03-15,Akumal,Snorkel Tortugas Akumal,Privado,2,0.0,Brasil,Español,1560.07,3120.14,7.9,4.0,Tarjeta credito,Completada,G021,Alta,3,2021,cliente1615@gmail.com
RES00280,2021-03-12,Bacalar,Fuerte de San Felipe,Grupal,14,4.0,Mexico,Portugues,1099.55,17592.8,6.3,5.0,Efectivo,Completada,G001,Alta,3,2021,cliente8701@icloud.com
RES01663,2021-04-05,Akumal,Cenote Yalku,Grupal,14,3.0,Argentina,Español,885.87,13730.99,8.5,4.8,Transferencia,Completada,G038,Alta,4,2021,cliente428@outlook.com
RES01964,2023-11-18,Tulum,Cenote Dos Ojos,Grupal,18,7.0,Mexico,Español,998.29,21463.24,7.3,5.0,Efectivo,Completada,G013,Media,11,2023,cliente6383@outlook.com
RES00199,2024-02-20,Merida,Izamal + Merida,Grupal,20,1.0,Mexico,Ingles,551.23,11300.22,6.5,3.8,Efectivo,Completada,G010,Baja,2,2024,cliente942@icloud.com
RES05737,2023-05-25,Tulum,Sian Ka'an,Grupal,20,1.0,Canada,Español,939.63,19262.42,4.7,4.6,Tarjeta credito,Completada,,Media,5,2023,cliente9866@gmail.com
RES05517,2021-07-11,Cancun,Snorkel Arrecife,Grupal,19,7.0,Mexico,Ingles,859.49,19338.53,9.1,2.9,Tarjeta credito,Completada,G009,Alta,7,2021,cliente3270@yahoo.com
RES02595,2022-10-26,Uxmal,Ruta Puuc,Grupal,13,3.0,Italia,Aleman,1090.51,15812.4,7.7,4.1,Efectivo,Confirmada,G021,Media,10,2022,cliente7931@hotmail.com
RES02754,2021-08-28,Chichen Itza,Chichen Itza + Cenote Ik Kil,Grupal,9,2.0,Mexico,Español,1550.18,15501.8,10.0,5.0,Tarjeta credito,Completada,G040,Alta,8,2021,cliente9069@gmail.com
RES05077,2022-08-28,Uxmal,Ruta Puuc,Grupal,16,8.0,Estados Unidos,Español,1164.55,23291.0,6.0,4.7,,Cancelada,G013,Alta,8,2022,cliente506@gmail.com
RES01352,2022-10-06,Bacalar,Fuerte de San Felipe,Grupal,15,,Estados Unidos,Ingles,919.17,13787.55,6.4,5.0,Efectivo,Cancelada,G014,Media,10,2022,cliente9162@outlook.com
RES01472,2022-07-08,Playa del Carmen,Xel-Ha,Grupal,9,,Canada,Español,948.45,8536.05,9.5,4.2,Tarjeta debito,Pendiente,G025,Alta,7,2022,cliente3858@icloud.com
RES03308,2023-10-08,,Cenote Yalku,Grupal,13,2.0,Mexico,Español,773.82,10833.48,8.5,4.8,Efectivo,Completada,G001,Media,10,2023,cliente1066@yahoo.com
RES04792,2022-10-23,Cancun,Laguna Nichupte,Privado,4,2.0,Brasil,Italiano,1130.74,5653.7,7.0,4.7,Transferencia,Cancelada,G022,Media,10,2022,cliente9470@gmail.com
RES03039,2023-09-02,Chichen Itza,Valladolid + Chichen Itza,Grupal,20,8.0,Mexico,Frances,951.86,22844.64,9.6,3.9,Tarjeta debito,Completada,,Baja,9,2023,cliente943@yahoo.com
RES03847,2022-02-17,Holbox,Tour Isla Holbox,Privado,-2,1.0,Canada,Español,1357.42,3393.55,3.1,5.0,Tarjeta credito,Completada,G033,Baja,2,2022,cliente3579@hotmail.com
RES02577,2022-12-17,Chichen Itza,Valladolid + Chichen Itza,Grupal,4,0.0,Mexico,,1571.63,6286.52,9.4,4.0,Efectivo,Pendiente,G015,Alta,12,2022,cliente1639@gmail.com
RES02118,2021-06-19,Cozumel,Snorkel El Cielo,Grupal,5,1.0,Brasil,Español,1084.6,5965.3,2.5,3.0,Tarjeta debito,Completada,G004,Media,6,2021,cliente4906@icloud.com
RES05061,2021-08-25,Tulum,Cenote Gran Cenote,Grupal,20,5.0,Italia,,1215.82,27355.95,6.7,3.2,Tarjeta credito,Completada,G007,Alta,8,2021,cliente600@icloud.com
RES04360,2022-09-20,Tulum,Cenote Dos Ojos,Privado,1,0.0,Francia,Ingles,,1242.54,9.8,4.3,Tarjeta debito,Pendiente,G021,Baja,9,2022,cliente242@icloud.com
RES05649,2021-05-03,Chichen Itza,Chichen Itza + Cenote Ik Kil,Grupal,12,,Mexico,Ingles,1308.2,15698.4,8.9,5.0,Efectivo,Completada,G006,Media,5,2021,cliente8758@gmail.com
RES01394,2024-01-21,Cancun,Snorkel Arrecife,Grupal,10,4.0,Estados Unidos,Español,634.7,7616.4,7.6,5.0,Tarjeta debito,Completada,G037,Baja,1,2024,cliente6801@hotmail.com
RES05058,2021-02-25,Cozumel,Tour Isla Cozumel,Privado,3,1.0,Canada,Italiano,1395.79,4885.26,2.8,4.0,Efectivo,Completada,G027,Baja,2,2021,cliente157@hotmail.com
RES05439,2023-06-18,Uxmal,Ruta Puuc,Grupal,18,9.0,Italia,,959.73,21593.92,6.0,5.0,Efectivo,Cancelada,G002,Media,6,2023,cliente8607@yahoo.com
RES03034,2024-01-21,Uxmal,Ruta Puuc,Grupal,6,3.0,Colombia,Portugues,894.4,6708.0,3.8,5.0,Efectivo,Confirmada,G039,Baja,1,2024,cliente8638@gmail.com
RES05518,2024-01-16,Akumal,Snorkel Tortugas Akumal,Grupal,7,1.0,España,Ingles,663.5,4976.25,3.7,4.6,Efectivo,Completada,G005,Baja,1,2024,cliente1526@gmail.com
RES02987,2022-05-29,Cozumel,Snorkel El Cielo,Privado,1,0.0,Estados Unidos,Italiano,1674.57,1674.57,2.9,5.0,Paypal,Cancelada,G012,Media,5,2022,cliente157@icloud.com
RES04354,2021-03-02,Playa del Carmen,Quinta Avenida + Cozumel,Grupal,4,,Estados Unidos,Frances,1042.11,4168.44,9.2,4.7,Tarjeta credito,Completada,G028,Alta,3,2021,cliente2854@hotmail.com
RES00880,2021-02-18,Cancun,Laguna Nichupte,Privado,2,1.0,Mexico,Español,1045.43,2613.58,,4.9,Tarjeta credito,Completada,G015,Baja,2,2021,
RES00016,2023-01-04,Merida,Centro Historico Merida,Privado,2,1.0,Canada,Frances,867.1,2167.75,6.0,4.8,Transferencia,Cancelada,G027,Baja,1,2023,cliente8183@yahoo.com
RES05460,2023-09-19,Akumal,Snorkel Tortugas Akumal,Grupal,17,4.0,Argentina,Italiano,655.34,12451.46,2.8,,Tarjeta debito,Completada,G040,Baja,9,2023,cliente9774@outlook.com
RES04632,2023-12-16,Holbox,Punta Mosquito,Privado,3,1.0,,Aleman,1784.0,6244.0,2.6,1.9,,Completada,G028,Alta,12,2023,cliente2708@outlook.com
RES05730,2023-05-06,Merida,Centro Historico Merida,Grupal,-14,4.0,Estados Unidos,Portugues,683.33,10933.28,4.4,4.7,Tarjeta credito,Completada,G034,Media,5,2023,cliente2877@outlook.com
RES03862,2023-01-12,Chichen Itza,Valladolid + Chichen Itza,Grupal,13,2.0,Brasil,Portugues,1031.12,14435.68,9.4,4.3,,Completada,G022,Baja,1,2023,cliente9004@yahoo.com
RES05029,2023-12-11,Cancun,Laguna Nichupte,Grupal,6,0.0,España,Aleman,925.3,5551.8,10.1,3.8,,Confirmada,G013,Alta,12,2023,sinArroba.com
RES03196,2022-12-19,Uxmal,Ruta Puuc,Grupal,16,0.0,Mexico,Ingles,1260.4,20166.4,6.9,5.0,Efectivo,Cancelada,G011,Alta,12,2022,cliente8613@gmail.com
RES00545,2021-08-08,Cancun,Laguna Nichupte,Grupal,15,4.0,Mexico,Ingles,963.37,16377.29,6.8,5.0,Efectivo,Completada,G004,Alta,8,2021,cliente3204@hotmail.com
RES01159,2023-05-05,Bacalar,Kayak Canales,Grupal,8,1.0,Japon,Ingles,835.45,7101.33,5.8,1.0,Efectivo,Completada,G014,Media,5,2023,cliente1778@hotmail.com
RES05500,2022-06-11,Bacalar,Laguna de los 7 Colores,Grupal,14,6.0,Mexico,Italiano,920.12,15642.04,,5.0,Tarjeta credito,Pendiente,G010,Media,6,2022,cliente9098@yahoo.com
RES04845,2021-01-25,Akumal,Cenote Yalku,Grupal,5,2.0,Reino Unido,Español,691.75,4150.5,3.3,5.0,Transferencia,Completada,G022,Baja,1,2021,cliente4220@hotmail.com
RES02233,2021-03-06,Uxmal,Ruta Puuc,Grupal,15,1.0,Colombia,Español,1290.76,20006.78,3.3,3.3,Tarjeta credito,Confirmada,,Alta,3,2021,cliente3897@icloud.com
RES03307,2022-10-05,Tulum,Ruinas de Tulum,Grupal,16,4.0,Estados Unidos,Español,1024.12,18434.16,2.6,4.0,Efectivo,Confirmada,G009,Media,10,2022,cliente6874@gmail.com
RES00795,2021-06-01,Holbox,Tour Isla Holbox,Grupal,19,5.0,,Ingles,1126.52,24220.18,8.8,4.7,Efectivo,Cancelada,G014,Media,6,2021,cliente5518@gmail.com
RES01838,2022-01-04,Bacalar,Fuerte de San Felipe,Grupal,20,0.0,Estados Unidos,Ingles,743.04,14860.8,200.0,5.0,Efectivo,Completada,G029,Baja,1,2022,cliente9215@hotmail.com
RES05704,2022-10-02,Tulum,Ruinas de Tulum,Grupal,11,3.0,Estados Unidos,Ingles,927.3,11591.25,6.6,5.0,Tarjeta debito,Completada,,Media,10,2022,cliente9265@icloud.com
RES05013,2021-10-24,Holbox,Avistamiento Tiburon Ballena,Grupal,19,7.0,Japon,Español,1073.31,24149.47,9.2,4.0,Tarjeta debito,Completada,,Media,10,2021,cliente3352@outlook.com
RES02752,2022-03-28,Holbox,Punta Mosquito,Privado,4,0.0,Brasil,Frances,1923.44,7693.76,4.8,4.2,Tarjeta debito,Completada,G012,Alta,3,2022,cliente8497@gmail.com
RES04558,2023/12/17,Cozumel,Snorkel El Cielo,Grupal,14,1.0,Reino Unido,Ingles,1289.11,18692.09,5.3,4.6,Paypal,Completada,G033,Alta,12,2023,cliente6668@hotmail.com
RES01721,2022-09-27,Merida,Izamal + Merida,Privado,4,2.0,Mexico,Ingles,930.98,4654.9,,3.1,Tarjeta credito,Confirmada,G040,Baja,9,2022,cliente2924@hotmail.com
RES03541,2023-01-29,Chichen Itza,Chichen Itza + Cenote Ik Kil,Grupal,16,0.0,Alemania,Aleman,1054.45,16871.2,3.3,5.0,Tarjeta credito,Completada,G008,Baja,1,2023,cliente6756@icloud.com
RES04976,2023-07-04,Uxmal,Uxmal + Kabah,Privado,4,1.0,Estados Unidos,Español,1696.1,7632.45,6.5,5.0,Tarjeta credito,Completada,G014,Alta,7,2023,cliente4942@icloud.com
RES05404,2022-04-16,Holbox,Avistamiento Tiburon Ballena,Privado,1,0.0,España,Español,1771.77,1771.77,6.3,2.3,Efectivo,Confirmada,G009,Alta,4,2022,cliente5227@outlook.com
RES05911,2023-01-18,Playa del Carmen,Xel-Ha,Privado,2,0.0,Mexico,,1035.54,2071.08,8.7,,Tarjeta credito,Completada,G012,Baja,1,2023,cliente7553@outlook.com
RES01913,2022-06-15,Cozumel,Buceo Arrecife Palancar,Grupal,12,0.0,Estados Unidos,Español,1151.22,13814.64,2.9,4.4,Tarjeta credito,Completada,G015,Media,6,2022,cliente8856@yahoo.com
RES01398,2023-02-12,Cozumel,Snorkel El Cielo,Grupal,19,1.0,Francia,Español,866.11,16889.15,2.5,5.0,Tarjeta credito,Completada,G024,Baja,2,2023,cliente7666@gmail.com
RES00009,2024-01-20,Tulum,Ruinas de Tulum,Grupal,14,0.0,Mexico,Español,751.84,10525.76,6.1,5.0,Tarjeta credito,Pendiente,G030,Baja,1,2024,@dominio.com
RES05167,2023-05-28,Holbox,Avistamiento Tiburon Ballena,Privado,2,,Mexico,Español,1561.34,3122.68,7.1,2.3,Tarjeta debito,Completada,G008,Media,5,2023,cliente5337@icloud.com
RES02856,2021-02-20,Playa del Carmen,Xel-Ha,Privado,4,0.0,Argentina,Español,1091.19,4364.76,9.3,3.8,Tarjeta credito,Completada,G040,Baja,2,2021,cliente4191@gmail.com
RES04788,2022-11-19,Tulum,Cenote Gran Cenote,Privado,4,1.0,Brasil,Ingles,1421.27,6395.72,10.3,2.1,Transferencia,Completada,G040,Media,11,2022,cliente4629@gmail.com
RES04162,2023-02-18,Holbox,Tour Isla Holbox,Grupal,15,0.0,España,Aleman,966.55,14498.25,,4.0,Transferencia,Completada,G039,Baja,2,2023,cliente4250@icloud.com
RES00627,2022-01-11,Cozumel,Tour Isla Cozumel,Grupal,20,7.0,Mexico,Español,862.12,20259.82,6.6,3.8,Tarjeta credito,Completada,G002,Baja,1,2022,cliente5730@hotmail.com
RES00995,2023-03-19,Merida,Izamal + Merida,Privado,2,0.0,Estados Unidos,Ingles,1226.04,2452.08,6.0,5.0,Efectivo,Completada,G023,Alta,3,2023,us er@gmail.com
RES04729,2022-05-28,Uxmal,Ruta Puuc,Grupal,13,1.0,,Italiano,1029.81,13902.43,2.7,5.0,Crypto,Completada,G037,Media,5,2022,@dominio.com
RES05725,2023-10-22,Bacalar,Kayak Canales,Grupal,19,6.0,,Frances,964.62,21221.64,9.5,3.7,Paypal,Completada,G026,Media,10,2023,cliente6156@gmail.com
RES02917,2023-08-31,Chichen Itza,Chichen Itza + Cenote Ik Kil,Grupal,4,2.0,Italia,Frances,1577.78,7888.9,3.8,4.4,Transferencia,Completada,G022,Alta,8,2023,cliente1008@icloud.com
RES00427,2022-12-26,Cozumel,Tour Isla Cozumel,Grupal,12,1.0,Estados Unidos,Español,1361.2,500000.0,10.1,4.6,,Completada,G016,Alta,12,2022,usuario@
RES00034,2021-11-14,Playa del Carmen,Xcaret,Grupal,19,0.0,Suecia,Ingles,801.7,15232.3,9.2,5.0,Tarjeta credito,Completada,G025,Media,11,2021,
RES02634,2021-03-26,Chichen Itza,Valladolid + Chichen Itza,Grupal,18,4.0,Colombia,Ingles,1515.67,30313.4,5.4,3.7,Transferencia,Completada,G022,Alta,3,2021,cliente7460@outlook.com
RES00045,2021-05-03,Playa del Carmen,Quinta Avenida + Cozumel,Grupal,12,1.0,Estados Unidos,Ingles,903.82,11297.75,6.1,1.0,Tarjeta credito,Completada,G031,Media,5,2021,cliente5128@yahoo.com
RES02388,2023-11-05,Uxmal,Uxmal + Kabah,Privado,1,0.0,Holanda,Español,1575.28,1575.28,3.7,3.1,Efectivo,Completada,G033,Media,11,2023,cliente6748@outlook.com
RES01316,2021-11-07,Tulum,Cenote Gran Cenote,Grupal,20,4.0,Reino Unido,Español,908.12,19978.64,7.3,5.0,Paypal,Completada,G020,Media,11,2021,cliente5789@outlook.com
RES05144,2021-07-10,Cozumel,Tour Isla Cozumel,Grupal,6,2.0,Mexico,Español,1408.66,9860.62,9.2,1.2,Tarjeta credito,Completada,G013,Alta,7,2021,cliente3700@outlook.com
RES02860,2021-01-06,Cancun,Zona Hotelera Tour,Grupal,15,0.0,Australia,Español,654.73,9820.95,8.7,5.0,Tarjeta credito,Completada,G019,Baja,1,2021,cliente6575@hotmail.com
RES03793,2021-01-24,Playa del Carmen,Quinta Avenida + Cozumel,Grupal,12,3.0,Mexico,Español,733.24,9898.74,9.7,5.0,Efectivo,Completada,,Baja,1,2021,cliente5329@yahoo.com
RES04691,2022-02-24,Cozumel,Tour Isla Cozumel,Grupal,16,5.0,,Español,1027.67,19011.9,6.3,4.3,Transferencia,Completada,G022,Baja,2,2022,cliente4904@hotmail.com
RES03930,2024-01-16,Cancun,Snorkel Arrecife,Grupal,17,6.0,Estados Unidos,Portugues,643.02,12860.4,4.0,4.8,Tarjeta debito,Confirmada,G029,Baja,1,2024,cliente6652@icloud.com
RES01358,2021-10-27,Merida,Izamal + Merida,Grupal,13,3.0,Estados Unidos,Ingles,644.2,9340.9,7.5,4.8,Tarjeta credito,Confirmada,G033,Media,10,2021,cliente235@yahoo.com
RES05985,2021-05-20,Merida,Izamal + Merida,Grupal,7,0.0,Estados Unidos,Español,710.14,4970.98,7.7,4.1,Efectivo,Pendiente,G012,Media,5,2021,cliente8222@icloud.com
RES00064,2022-12-24,Holbox,Tour Isla Holbox,Grupal,10,5.0,Estados Unidos,Español,1338.54,16731.75,5.2,4.0,Tarjeta debito,Completada,G024,Alta,12,2022,cliente2962@icloud.com
RES03054,2022-09-24,Cancun,Laguna Nichupte,Grupal,9,0.0,Mexico,Ingles,630.77,5676.93,5.0,5.0,Tarjeta credito,Completada,G004,Baja,9,2022,cliente1021@gmail.com
RES03872,2022-02-13,Cancun,Zona Hotelera Tour,Grupal,14,2.0,Estados Unidos,Español,609.12,9136.8,4.2,4.8,Tarjeta credito,Completada,G023,Baja,2,2022,cliente7737@yahoo.com
RES04776,2022-01-26,Holbox,Tour Isla Holbox,Privado,2,1.0,Reino Unido,Italiano,1371.61,3429.02,4.5,4.9,Tarjeta credito,Completada,G021,Baja,1,2022,cliente2177@icloud.com
RES00605,2021-12-07,Uxmal,Ruta Puuc,Grupal,12,5.0,Mexico,Español,1189.18,17243.11,5.1,4.9,Transferencia,Completada,G015,Alta,12,2021,cliente2306@hotmail.com
RES04440,2023-08-03,Chichen Itza,Chichen Itza + Cenote Ik Kil,Grupal,16,6.0,Estados Unidos,Italiano,1492.38,28355.22,3.6,4.8,Transferencia,Completada,G014,Alta,8,2023,usuario.dominio.com
RES01486,2023-07-23,Cancun,Laguna Nichupte,Privado,1,0.0,Colombia,Ingles,1322.9,1322.9,5.8,1.0,Efectivo,Completada,G031,Alta,7,2023,cliente3321@yahoo.com
RES04896,2021-01-10,Tulum,Sian Ka'an,Grupal,14,0.0,Canada,Español,830.05,11620.7,7.9,5.0,Tarjeta credito,Completada,G029,Baja,1,2021,cliente2450@hotmail.com
RES02441,2023-10-10,Chichen Itza,Valladolid + Chichen Itza,Privado,1,0.0,Mexico,Ingles,1671.34,1671.34,,,Tarjeta debito,Completada,G035,Media,10,2023,cliente6514@yahoo.com
RES04335,2022-10-13,Merida,Izamal + Merida,Privado,3,1.0,Colombia,Español,1042.84,3649.94,10.5,3.6,Transferencia,Completada,G029,Media,10,2022,cliente580@gmail.com
RES05491,2022-03-24,Cozumel,Snorkel El Cielo,Privado,1,,Francia,Portugues,1952.64,1952.64,4.3,3.9,Tarjeta credito,Confirmada,G012,Alta,3,2022,cliente8809@gmail.com
RES01562,2023-12-26,Bacalar,Laguna de los 7 Colores,Grupal,14,6.0,Mexico,Frances,1075.88,18289.96,9.1,3.7,Efectivo,Completada,G038,Alta,12,2023,cliente9017@icloud.com
RES03774,2024-01-24,Playa del Carmen,Quinta Avenida + Cozumel,Grupal,5,2.0,España,Italiano,674.89,4049.34,10.2,,Efectivo,Completada,G016,Baja,1,2024,cliente7027@outlook.com
RES02926,2023-05-06,Playa del Carmen,Xel-Ha,Grupal,4,0.0,Mexico,Italiano,886.52,3546.08,3.8,4.0,Tarjeta credito,Completada,G022,Media,5,2023,cliente2850@yahoo.com
RES04211,2022-03-19,Holbox,Punta Mosquito,Grupal,12,1.0,Holanda,Aleman,1222.28,15278.5,6.9,4.4,Tarjeta credito,Completada,G026,Alta,3,2022,cliente118@icloud.com
RES03544,2022-08-27,Cancun,Laguna Nichupte,Privado,4,0.0,Mexico,Español,,5768.96,4.3,5.0,Tarjeta debito,Completada,G004,Alta,8,2022,us er@gmail.com
RES02227,2022-08-27,Holbox,Avistamiento Tiburon Ballena,Grupal,7,0.0,Mexico,,1363.36,9543.52,3.6,,Tarjeta credito,Completada,G039,Alta,8,2022,cliente3764@hotmail.com
RES04762,2022-05-16,Bacalar,Laguna de los 7 Colores,Gruupal,4,1.0,Estados Unidos,Ingles,981.91,4418.6,10.3,3.6,Paypal,Completada,G032,Media,5,2022,cliente1103@hotmail.com
RES01222,2021-08-29,Bacalar,Laguna de los 7 Colores,Privado,1,0.0,,Español,1600.52,1600.52,5.3,4.1,Tarjeta credito,Confirmada,G017,Alta,8,2021,cliente7069@icloud.com
RES01346,2021-11-05,Cancun,Snorkel Arrecife,Privado,3,0.0,Alemania,,1190.64,3571.92,6.6,2.1,Tarjeta credito,Completada,G022,Media,11,2021,cliente9820@hotmail.com
RES02087,2022-09-12,Cancun,Snorkel Arrecife,Privado,2,0.0,Estados Unidos,Español,990.33,1980.66,6.5,,Tarjeta credito,Completada,G006,Baja,9,2022,cliente2999@yahoo.com
RES01563,2022-06-09,Holbox,Punta Mosquito,Grupal,11,5.0,Brasil,Español,1086.06,14661.81,2.8,5.0,Efectivo,Confirmada,G014,Media,6,2022,cliente5374@hotmail.com
RES02835,2022-03-08,Bacalar,Kayak Canales,grupo,4,0.0,Estados Unidos,Ingles,1164.47,4657.88,10.1,4.8,Efectivo,Completada,G022,Alta,3,2022,cliente1654@outlook.com
RES04415,2021-04-01,Bacalar,Laguna de los 7 Colores,Privado,4,2.0,Estados Unidos,Español,1700.21,200000.0,,3.9,Transferencia,Pendiente,G036,Alta,4,2021,cliente9055@gmail.com
RES05944,2021-07-27,Playa del Carmen,Xcaret,Grupal,10,,Mexico,Español,973.83,10225.22,4.9,4.2,Paypal,Completada,G024,Alta,7,2021,cliente3445@gmail.com
RES00748,2021-12-19,Cozumel,Buceo Arrecife Palancar,Privado,3,0.0,Mexico,Español,1956.25,5868.75,5.6,4.7,Tarjeta credito,Completada,G016,Alta,12,2021,cliente4996@gmail.com
RES04044,2021-01-31,Tulum,Cenote Gran Cenote,Grupal,11,2.0,Mexico,Español,798.27,9579.24,9.5,5.0,Tarjeta credito,Completada,G008,Baja,1,2021,cliente611@gmail.com
RES05694,2023-04-06,Uxmal,Ruta Puuc,Grupal,13,5.0,Suiza,Italiano,1164.87,18055.48,9.0,3.8,Tarjeta debito,Completada,G014,Alta,4,2023,cliente1588@yahoo.com
RES04445,2021-12-21,Cozumel,Tour Isla Cozumel,Privado,1,0.0,Reino Unido,Español,2108.66,2108.66,8.8,4.7,Paypal,Pendiente,G031,Alta,12,2021,cliente3542@gmail.com
RES03335,2022-09-24,Cancun,Isla Mujeres,Grupal,18,6.0,Reino Unido,Español,677.34,14224.14,9.5,3.9,Efectivo,Completada,G033,Baja,9,2022,cliente2366@gmail.com
RES00474,2023-07-22,Bacalar,Kayak Canales,Grupal,20,6.0,Mexico,Aleman,1057.32,24318.36,8.2,3.6,Transferencia,Completada,G006,Alta,7,2023,cliente7791@icloud.com
RES01497,2022-02-11,Akumal,Snorkel Tortugas Akumal,Grupal,20,1.0,Mexico,Ingles,626.92,12851.86,8.7,3.9,Tarjeta credito,Completada,G037,Baja,2,2022,cliente7033@outlook.com
RES01672,2022-06-21,Chichen Itza,Valladolid + Chichen Itza,Grupal,11,3.0,Argentina,Español,1157.58,14469.75,9.3,5.0,Tarjeta debito,Completada,G036,Media,6,2022,cliente2518@outlook.com
RES00298,2024-02-03,Playa del Carmen,Quinta Avenida + Cozumel,Grupal,18,2.0,Mexico,Español,747.01,14193.19,2.5,5.0,Efectivo,Completada,G028,Baja,2,2024,cliente668@icloud.com
RES00304,2022-12-05,Cancun,Laguna Nichupte,Grupal,17,4.0,Estados Unidos,Español,876.35,16650.65,7.1,3.6,Efectivo,Completada,G034,Alta,12,2022,cliente3627@outlook.com
RES03177,2022-01-12,Merida,Centro Historico Merida,Grupal,18,4.0,Francia,Ingles,610.98,12219.6,10.1,4.9,Tarjeta credito,Completada,G032,Baja,1,2022,cliente6859@icloud.com
RES02407,04-29-2022,Tulum,Cenote Dos Ojos,privado,1,0.0,Francia,Frances,1843.34,200000.0,3.4,5.0,Efectivo,Completada,G029,Alta,4,2022,cliente3566@yahoo.com
RES00747,2023-03-11,Uxmal,Uxmal + Kabah,Privado,1,0.0,Mexico,Portugues,1834.13,1834.13,10.2,,Efectivo,Completada,G026,Alta,3,2023,cliente271@hotmail.com
RES05427,2022-03-17,Bacalar,Kayak Canales,Privado,3,1.0,Mexico,Español,1776.25,6216.88,3.4,4.7,Tarjeta debito,Cancelada,G003,Alta,3,2022,cliente5582@hotmail.com
RES02674,2022-03-22,Chichen Itza,Valladolid + Chichen Itza,Privado,2,0.0,Canada,Español,2288.12,4576.24,6.7,3.4,Tarjeta credito,Completada,G039,Alta,3,2022,cliente3103@outlook.com
RES01091,2024-03-09,Akumal,Snorkel Tortugas Akumal,Privado,3,0.0,España,Ingles,1464.09,4392.27,,5.0,Tarjeta credito,Completada,G030,Alta,3,2024,usuario@
RES03746,2021-10-28,Playa del Carmen,Xel-Ha,Privado,1,0.0,Italia,Ingles,1341.2,1341.2,2.9,,Tarjeta credito,Completada,G004,Media,10,2021,cliente801@outlook.com
RES04454,2023-05-19,Chichen Itza,Chichen Itza + Cenote Ik Kil,Grupal,14,4.0,Alemania,Español,1297.68,20762.88,8.7,4.4,Tarjeta credito,Completada,G021,Media,5,2023,cliente8862@yahoo.com
RES00241,2022-02-02,Playa del Carmen,Xcaret,Grupal,6,3.0,Italia,Ingles,749.36,5620.2,4.3,5.0,Tarjeta debito,Completada,G001,Baja,2,2022,cliente1258@outlook.com
RES01832,2023-02-19,Uxmal,Uxmal + Kabah,Grupal,4,2.0,Alemania,Español,853.67,4268.35,4.7,5.0,Tarjeta credito,Completada,G031,Baja,2,2023,cliente4221@yahoo.com
RES01434,2021-03-14,Cozumel,Snorkel El Cielo,Grupal,20,4.0,Estados Unidos,Español,1250.34,27507.48,8.0,,Tarjeta debito,Confirmada,G037,Alta,3,2021,cliente3802@icloud.com
RES02599,2023-02-06,Uxmal,Ruta Puuc,Grupal,7,,Alemania,Español,913.19,7305.52,5.5,5.0,Efectivo,Completada,G014,Baja,2,2023,cliente7928@icloud.com
RES03249,2022-11-29,Holbox,Tour Isla Holbox,Grupal,20,10.0,Estados Unidos,Español,1139.28,28482.0,7.5,3.2,Tarjeta debito,Completada,,Media,11,2022,cliente9607@gmail.com
RES03081,2022-05-10,Bacalar,Laguna de los 7 Colores,Privado,2,1.0,Brasil,Ingles,1445.51,3613.78,9.0,2.0,Efectivo,Completada,G023,Media,5,2022,cliente7122@outlook.com
RES05789,2022-10-21,Bacalar,Laguna de los 7 Colores,Grupal,15,7.0,Italia,Ingles,902.85,16702.73,4.0,4.6,Efectivo,Completada,G023,Media,10,2022,usuario@
RES05611,2024-01-30,Uxmal,Ruta Puuc,Grupal,10,3.0,Colombia,Ingles,896.1,10305.15,4.8,4.4,Transferencia,Cancelada,,Baja,1,2024,cliente1076@hotmail.com
RES04410,2023-07-05,Akumal,Snorkel Tortugas Akumal,Grupal,17,5.0,Estados Unidos,Ingles,919.37,17927.72,3.5,1.2,Tarjeta credito,Pendiente,G012,Alta,7,2023,cliente4153@yahoo.com
RES04682,2022-01-21,Cancun,Laguna Nichupte,Grupal,20,5.0,Alemania,Italiano,,15220.58,3.9,1.0,Efectivo,Completada,G023,Baja,1,2022,cliente5546@gmail.com
RES02768,2021-10-10,Playa del Carmen,Quinta Avenida + Cozumel,Grupal,20,7.0,Brasil,Ingles,830.64,19520.04,10.5,4.9,Efectivo,Cancelada,G027,Media,10,2021,cliente3802@yahoo.com
RES03985,2021-11-04,Chichen Itza,Chichen Itza + Cenote Ik Kil,Grupal,10,1.0,Brasil,Español,1233.72,12954.06,,4.2,Tarjeta debito,Confirmada,G024,Media,11,2021,cliente5872@outlook.com
RES04491,2021-12-25,Cancun,Snorkel Arrecife,Grupal,11,4.0,Estados Unidos,Frances,881.97,11465.61,4.0,3.4,Efctivo,Confirmada,G037,Alta,12,2021,cliente9574@icloud.com
RES05747,2022-05-11,Bacalar,Laguna de los 7 Colores,Privado,1,0.0,Japon,Ingles,1337.84,1337.84,7.3,5.0,Efectivo,Pendiente,G009,Media,5,2022,cliente6819@outlook.com
RES01906,2021-03-25,Chichen Itza,Chichen Itza + Cenote Ik Kil,Privado,2,0.0,Argentina,Español,2040.53,4081.06,3.3,5.0,Tarjeta credito,Completada,G006,Alta,3,2021,cliente1547@hotmail.com
RES04078,2021-09-21,Uxmal,Ruta Puuc,Grupal,4,0.0,Mexico,Español,866.37,3465.48,2.6,4.3,Tarjeta credito,Cancelada,G028,Baja,9,2021,cliente5596@outlook.com
RES00731,2021-09-15,Uxmal,Ruta Puuc,Grupal,8,2.0,Mexico,Ingles,921.39,8292.51,5.1,5.0,Tarjeta credito,Completada,G032,Baja,9,2021,cliente4748@outlook.com
RES00334,2022-05-31,Holbox,Punta Mosquito,Grupal,4,2.0,Argentina,Español,1086.47,5432.35,10.3,4.1,Tarjeta credito,Completada,G003,Media,5,2022,cliente1192@hotmail.com
RES03130,2022-03-24,Playa del Carmen,Xcaret,Grupal,4,0.0,Mexico,Ingles,940.84,3763.36,3.5,4.1,Tarjeta credito,Completada,G003,Alta,3,2022,cliente9019@hotmail.com
RES05330,2023-09-24,Merida,Izamal + Merida,Grupal,5,0.0,Estados Unidos,,571.59,2857.95,9.6,4.6,Transferencia,Cancelada,G014,Baja,9,2023,
RES01375,2022-08-24,Bacalar,Kayak Canales,Grupal,4,1.0,Mexico,Ingles,1073.13,4829.09,6.5,5.0,Efectivo,Completada,G034,Alta,8,2022,cliente2147@hotmail.com
RES05757,2022-01-25,Holbox,Punta Mosquito,Privado,1,0.0,Holanda,Español,1311.86,1311.86,7.7,2.1,Transferencia,Completada,G020,Baja,1,2022,cliente4486@outlook.com
RES03333,2024-01-31,Chichen Itza,Valladolid + Chichen Itza,Grupal,7,1.0,Holanda,Frances,1017.91,7634.32,4.2,4.9,Transferencia,Completada,G034,Baja,1,2024,cliente8017@gmail.com
RES00961,2021-01-05,Tulum,Ruinas de Tulum,Privado,4,1.0,,Español,1266.91,5701.1,2.7,5.0,Efectivo,Pendiente,G031,Baja,1,2021,cliente5356@hotmail.com
RES01920,2022-09-06,Tulum,Cenote Dos Ojos,Grupal,17,5.0,Mexico,Español,810.66,15807.87,,2.9,Tarjeta credito,Completada,G006,Baja,9,2022,
RES05953,2023-06-09,Akumal,Snorkel Tortugas Akumal,Grupal,13,2.0,Canada,Italiano,834.09,11677.26,4.2,4.8,Tarjeta credito,Completada,G020,Media,6,2023,
RES05387,2023-03-31,Akumal,Cenote Yalku,Privado,1,0.0,,Español,1411.59,1411.59,9.8,,Transferencia,Completada,G013,Alta,3,2023,cliente7483@yahoo.com
RES01303,2023-10-28,Bacalar,Fuerte de San Felipe,Grupal,9,2.0,Argentina,Ingles,858.56,8585.6,3.7,4.4,Tarjeta credito,Completada,G016,Media,10,2023,cliente2575@yahoo.com
RES00248,2022-04-11,Chichen Itza,Valladolid + Chichen Itza,Grupal,8,1.0,Reino Unido,Ingles,1341.99,11406.92,7.1,4.2,Efectivo,Completada,G036,Alta,4,2022,cliente507@yahoo.com
RES01685,2023-03-02,Akumal,Snorkel Tortugas Akumal,Grupal,14,6.0,Colombia,Ingles,1031.88,17541.96,3.2,2.9,Tarjeta debito,Pendiente,G003,Alta,3,2023,cliente5662@yahoo.com
RES03122,2023-03-17,Chichen Itza,Valladolid + Chichen Itza,Privado,3,1.0,Colombia,Ingles,1996.64,6988.24,6.1,4.2,Tarjeta credito,Completada,G009,Alta,3,2023,cliente9488@gmail.com
RES03656,2023-10-26,Cozumel,Buceo Arrecife Palancar,Grupal,19,9.0,Estados Unidos,Ingles,1064.12,25006.82,3.3,4.9,Tarjeta debito,Completada,G008,Media,10,2023,cliente1099@icloud.com
RES01727,2022-11-08,Bacalar,Fuerte de San Felipe,Grupal,14,4.0,Mexico,Ingles,895.06,14320.96,8.7,4.7,Tarjeta credito,Completada,,Media,11,2022,cliente994@yahoo.com
RES04710,2023-12-10,Cozumel,Tour Isla Cozumel,Grupal,4,2.0,Francia,Español,1238.08,6190.4,10.3,5.0,,Confirmada,G010,Alta,12,2023,cliente5553@gmail.com
RES05742,2021-02-27,Cozumel,Tour Isla Cozumel,Privado,4,0.0,Mexico,Español,,5738.24,5.0,2.0,Efectivo,Cancelada,G036,Baja,2,2021,@dominio.com
RES04072,2021-06-30,Uxmal,Ruta Puuc,Privado,4,1.0,Estados Unidos,Ingles,1641.64,7387.38,6.0,4.9,Tarjeta debito,Completada,G037,Media,6,2021,
RES00706,2024-03-26,Chichen Itza,Valladolid + Chichen Itza,Grupal,14,5.0,Mexico,Aleman,1516.95,25029.67,5.9,3.6,Transferencia,Completada,G029,Alta,3,2024,@dominio.com
RES01254,2024-01-12,Cozumel,Tour Isla Cozumel,Grupal,19,7.0,Suecia,Español,1016.61,22873.72,10.4,4.6,Tarjeta debito,Completada,G020,Baja,1,2024,
RES04506,2022-10-10,Bacalar,Laguna de los 7 Colores,Grupal,5,2.0,Mexico,Ingles,842.86,5057.16,4.3,4.8,Efectivo,Completada,G015,Media,10,2022,cliente5988@gmail.com
RES03706,2023-12-06,Tulum,Ruinas de Tulum,Grupal,12,1.0,Estados Unidos,Español,1210.54,15131.75,5.0,4.0,,Confirmada,G029,Alta,12,2023,cliente3640@yahoo.com
RES04693,2021-09-28,Chichen Itza,Chichen Itza + Cenote Ik Kil,Grupal,9,0.0,Japon,Español,1076.62,9689.58,2.7,2.8,Paypal,Completada,G018,Baja,9,2021,cliente608@gmail.com
RES04983,2023-05-26,Cancun,Laguna Nichupte,Grupal,10,5.0,Brasil,Aleman,819.47,10243.38,10.0,4.8,Efectivo,Completada,G029,Media,5,2023,cliente5613@gmail.com
RES02313,2021-07-13,Tulum,Cenote Gran Cenote,Grupal,6,2.0,España,Ingles,1190.51,8333.57,2.7,4.3,Efectivo,Completada,G023,Alta,7,2021,cliente4922@hotmail.com
RES04594,2022-02-03,Cancun,Zona Hotelera Tour,Privado,2,0.0,Mexico,Ingles,1035.32,2070.64,4.7,3.9,Efectivo,Confirmada,G028,Baja,2,2022,cliente8392@gmail.com
RES00599,2021-02-07,Uxmal,Uxmal + Kabah,Privado,3,1.0,Alemania,Español,1382.3,4838.05,9.4,4.4,Tarjeta credito,Completada,G038,Baja,2,2021,cliente9403@gmail.com
RES04291,2021-08-01,Merida,Izamal + Merida,Grupal,19,8.0,Reino Unido,Español,888.53,20436.19,7.0,5.0,Paypal,Completada,G029,Alta,8,2021,cliente8436@yahoo.com
RES00316,2024-01-16,Uxmal,Uxmal + Kabah,Grupal,4,1.0,Estados Unidos,Ingles,842.85,3792.83,3.9,5.0,Efectivo,Completada,G035,Baja,1,2024,
RES04651,2023-12-28,Tulum,Cenote Gran Cenote,Grupal,17,8.0,Mexico,Español,1091.8,22927.8,3.9,5.0,Tarjeta credito,Completada,G025,Alta,12,2023,cliente9630@outlook.com
RES05598,2023-01-03,Akumal,Cenote Yalku,Grupal,15,4.0,Alemania,Ingles,725.91,12340.47,9.5,4.1,,Completada,G007,Baja,1,2023,cliente4269@yahoo.com
RES00150,2023-05-08,Akumal,Cenote Yalku,Grupal,18,9.0,Francia,,743.3,16724.25,6.0,5.0,Efectivo,Pendiente,G018,Media,5,2023,
RES02928,2021-12-25,Merida,Haciendas del Mayab,Privado,2,1.0,Reino Unido,Ingles,1174.13,2935.33,8.3,4.4,Transferencia,Completada,G013,Alta,12,2021,cliente4526@yahoo.com
RES01380,2023-12-30,Chichen Itza,Valladolid + Chichen Itza,Grupal,19,3.0,Holanda,Portugues,1478.85,30316.42,10.2,4.6,Efectivo,Completada,G025,Alta,12,2023,cliente1023@gmail.com
RES00291,2022-02-24,Holbox,Avistamiento Tiburon Ballena,Grupal,4,0.0,Japon,Español,937.35,3749.4,10.0,3.9,Tarjeta credito,Completada,G001,Baja,2,2022,
RES00454,2022-11-07,Uxmal,Ruta Puuc,Privado,2,1.0,Estados Unidos,Español,1541.47,3853.68,6.8,4.3,Tarjeta debito,Pendiente,G017,Media,11,2022,
RES04102,2021-11-05,Merida,Centro Historico Merida,Grupal,7,1.0,Argentina,Italiano,30000.0,5193.68,3.0,4.7,Tarjeta debito,Completada,G013,Media,11,2021,
RES02478,2022-02-11,Akumal,Cenote Yalku,Grupal,19,1.0,España,Ingles,680.35,13266.83,4.6,5.0,Efectivo,Completada,G028,Baja,2,2022,cliente7645@icloud.com
RES01974,2021-06-27,Cancun,Zona Hotelera Tour,Grupal,16,2.0,Estados Unidos,Ingles,765.19,13008.23,8.3,5.0,,Confirmada,G004,Media,6,2021,cliente4179@icloud.com
RES02351,2021-11-29,Playa del Carmen,Xel-Ha,Grupal,8,3.0,,Español,863.11,8199.55,7.1,5.0,Efectivo,Completada,G010,Media,11,2021,cliente6658@gmail.com
RES01171,2023-08-01,Cancun,Snorkel Arrecife,Grupal,19,1.0,Francia,Español,928.15,18098.92,10.2,4.1,Tarjeta debito,Completada,G005,Alta,8,2023,cliente1616@outlook.com
RES05754,2022-11-17,Bacalar,Kayak Canales,Grupal,4,1.0,Mexico,Frances,954.04,4293.18,5.8,5.0,,Completada,G021,Media,11,2022,cliente9779@gmail.com
RES02610,2021-11-23,Holbox,Avistamiento Tiburon Ballena,Privado,2,1.0,Alemania,Italiano,1713.09,4282.72,2.6,4.9,Transferencia,Confirmada,G019,Media,11,2021,cliente5332@icloud.com
RES01323,2022-03-16,Cancun,Zona Hotelera Tour,Grupal,7,2.0,,Italiano,856.4,6851.2,4.0,5.0,Efectivo,Cancelada,G038,Alta,3,2022,cliente4410@gmail.com
RES02772,2023-08-06,Cancun,Laguna Nichupte,Privado,3,1.0,Alemania,Ingles,1417.42,4960.97,4.2,4.6,Paypal,Completada,G018,Alta,8,2023,
RES04641,2021-05-31,Chichen Itza,Chichen Itza + Cenote Ik Kil,Privado,3,1.0,Canada,Aleman,1746.37,6112.3,5.2,4.0,Transferencia,Pendiente,G028,Media,5,2021,cliente4317@icloud.com
RES03698,2023-11-27,Cancun,Snorkel Arrecife,Privado,2,1.0,Mexico,Español,1166.38,2915.95,7.2,1.0,,Confirmada,G002,Media,11,2023,cliente6505@icloud.com
RES02276,2021-11-10,Holbox,Tour Isla Holbox,Grupal,6,2.0,Mexico,Español,1038.69,7270.83,5.5,4.2,Transferencia,Completada,G004,Media,11,2021,cliente5766@outlook.com
RES05723,2022-10-14,Cozumel,Tour Isla Cozumel,Privado,4,1.0,Mexico,Español,1787.11,8041.99,5.3,3.3,Transferencia,Completada,G030,Media,10,2022,cliente7671@gmail.com
RES04406,2023-01-12,Bacalar,Laguna de los 7 Colores,Grupal,14,7.0,Mexico,Portugues,721.83,12632.03,4.7,3.2,Crypto,Cancelada,G039,Baja,1,2023,
RES04770,2023-12-13,Bacalar,Kayak Canales,Grupal,11,5.0,Mexico,Ingles,1142.65,15425.78,7.2,4.8,Tarjeta debito,Completada,G020,Alta,12,2023,cliente5044@hotmail.com
RES03756,2022-05-29,Bacalar,Fuerte de San Felipe,Grupal,7,0.0,Reino Unido,Ingles,884.28,6189.96,4.6,4.8,Tarjeta credito,Completada,G016,Media,5,2022,cliente2097@hotmail.com
RES01028,2021-03-20,Playa del Carmen,Xel-Ha,Grupal,19,6.0,Estados Unidos,Ingles,968.53,21307.66,4.3,,Tarjeta credito,Completada,G035,Alta,3,2021,usuario.dominio.com
RES03979,2021-08-29,Tulum,Cenote Gran Cenote,Grupal,19,8.0,Francia,Español,1185.24,27260.52,5.6,5.0,Crypto,Completada,G031,Alta,8,2021,cliente7089@hotmail.com
RES01845,2021-10-16,Akumal,Cenote Yalku,Grupal,20,3.0,Suiza,Aleman,857.64,18439.26,5.5,5.0,Efectivo,Completada,,Media,10,2021,cliente7002@yahoo.com
RES01752,2023-03-24,Cozumel,Buceo Arrecife Palancar,Grupal,20,1.0,,Ingles,1412.09,28947.84,7.1,5.0,,Completada,G021,Alta,3,2023,cliente9199@icloud.com
RES02759,2021-11-06,Holbox,Punta Mosquito,Grupal,17,3.0,Holanda,Español,1065.15,19705.28,,2.7,Efectivo,Completada,G001,Media,11,2021,
RES04319,2023-04-27,Uxmal,Uxmal + Kabah,Grupal,14,,Reino Unido,Ingles,1134.14,19280.38,9.8,5.0,Tarjeta credito,Completada,G022,Alta,4,2023,
RES05112,2023-10-31,Akumal,Cenote Yalku,Grupal,18,2.0,Mexico,Ingles,803.92,15274.48,5.9,4.0,Efectivo,Completada,G008,Media,10,2023,cliente1464@gmail.com
RES02245,2022-05-08,Tulum,Cenote Dos Ojos,Privado,2,0.0,Italia,Ingles,1396.24,2792.48,,5.0,Tarjeta credito,Confirmada,G011,Media,5,2022,
RES05918,2021-03-23,Merida,Centro Historico Merida,Privado,1,0.0,Mexico,Español,1356.81,1356.81,,5.0,Tarjeta debito,Completada,G027,Alta,3,2021,cliente5698@outlook.com
RES01612,2021-01-07,Uxmal,Ruta Puuc,Grupal,5,2.0,Estados Unidos,Español,887.4,5324.4,7.2,3.8,Tarjeta credito,Completada,G023,Baja,1,2021,cliente5478@gmail.com
RES00350,2021-12-29,Merida,Centro Historico Merida,Privado,2,0.0,Francia,Ingles,1282.14,2564.28,10.5,3.7,Transferencia,Completada,G003,Alta,12,2021,cliente5467@yahoo.com
RES04447,2024-02-06,Bacalar,Kayak Canales,Privado,4,1.0,Japon,Ingles,1224.77,5511.47,2.6,3.8,Tarjeta debito,Cancelada,G036,Baja,2,2024,cliente8685@yahoo.com
RES03291,2022-09-08,Holbox,Tour Isla Holbox,Privado,2,0.0,Argentina,Ingles,1332.26,2664.52,7.9,3.1,Tarjeta credito,Completada,G009,Baja,9,2022,cliente6832@icloud.com
RES03716,2022-08-18,Merida,Centro Historico Merida,Privado,2,0.0,Reino Unido,Español,1219.75,2439.5,6.1,,Tarjeta credito,Completada,G028,Alta,8,2022,cliente1101@gmail.com
RES00382,2023-05-05,Holbox,Punta Mosquito,Privado,1,0.0,Mexico,Italiano,1540.5,1540.5,3.7,4.0,Paypal,Cancelada,G016,Media,5,2023,cliente3500@outlook.com
RES04813,2023-11-08,Holbox,Punta Mosquito,Grupal,19,0.0,Mexico,,1093.04,20767.76,4.5,5.0,Paypal,Completada,G004,Media,11,2023,cliente2165@hotmail.com
RES01863,2021-01-04,Holbox,Tour Isla Holbox,Grupal,13,0.0,Mexico,Español,926.03,12038.39,7.3,5.0,Efectivo,Completada,G031,Baja,1,2021,cliente199@icloud.com
RES04448,2021-02-10,Cozumel,Snorkel El Cielo,Privado,1,0.0,Estados Unidos,Ingles,1359.55,1359.55,5.1,5.0,Efectivo,Completada,G010,Baja,2,2021,cliente7533@icloud.com
RES00423,2023-11-22,Holbox,Avistamiento Tiburon Ballena,Grupal,20,0.0,Estados Unidos,Español,967.42,19348.4,9.9,4.4,Crypto,Completada,G031,Media,11,2023,cliente5825@outlook.com
RES02699,2023-03-08,Playa del Carmen,Quinta Avenida + Cozumel,Grupal,5,0.0,Mexico,Aleman,1087.02,5435.1,9.4,1.7,Paypal,Completada,G005,Alta,3,2023,cliente4956@outlook.com
RES01412,2021-07-21,Uxmal,Ruta Puuc,Privado,2,0.0,Reino Unido,Frances,1855.79,3711.58,5.9,,Transferencia,Completada,G018,Alta,7,2021,cliente7445@icloud.com
RES03228,2021-09-28,Playa del Carmen,Xcaret,Grupal,10,2.0,Estados Unidos,Español,745.01,8195.11,5.1,3.7,Efectivo,Completada,G025,Baja,9,2021,cliente7354@outlook.com
RES05872,2023-04-07,Holbox,Tour Isla Holbox,Grupal,20,4.0,Japon,Aleman,1294.31,28474.82,7.5,0.2,Efectivo,Completada,G027,Alta,4,2023,cliente2095@gmail.com
RES02023,2021-09-17,Merida,Izamal + Merida,Grupal,18,2.0,Argentina,Español,612.26,11632.94,5.0,3.7,Efectivo,Confirmada,G022,Baja,9,2021,cliente9802@icloud.com
RES00125,2021-12-05,Chichen Itza,Chichen Itza + Cenote Ik Kil,Grupal,17,8.0,Mexico,Español,1355.96,28475.16,5.8,5.0,Tarjeta credito,Completada,G030,Alta,12,2021,cliente1036@outlook.com
RES00103,2023-07-07,Bacalar,Kayak Canales,Grupal,13,4.0,Australia,Italiano,1023.2,15348.0,9.4,5.0,Crypto,Completada,G032,Alta,7,2023,cliente5826@icloud.com
RES01329,2021-11-24,Cozumel,Snorkel El Cielo,Grupal,8,4.0,Mexico,Portugues,1146.79,11467.9,6.7,5.0,Efectivo,Completada,G010,Media,11,2021,cliente8109@outlook.com
RES03410,2022-11-20,Chichen Itza,Valladolid + Chichen Itza,Privado,1,0.0,Mexico,Italiano,1796.76,1796.76,,3.7,Tarjeta debito,Completada,G035,Media,11,2022,cliente337@hotmail.com
RES01452,2022-08-21,Playa del Carmen,Xcaret,Privado,2,1.0,Mexico,Frances,1479.68,3699.2,9.2,3.7,Efectivo,Completada,G033,Alta,8,2022,cliente7840@hotmail.com
RES05218,2023-08-31,Akumal,Snorkel Tortugas Akumal,Privado,1,0.0,,Frances,1459.43,1459.43,4.6,5.0,Tarjeta credito,Confirmada,G023,Alta,8,2023,cliente355@outlook.com
RES00487,2023-04-28,Cozumel,Snorkel El Cielo,Grupal,8,1.0,Estados Unidos,Ingles,1437.33,12217.31,2.7,3.3,Tarjeta credito,Completada,G031,Alta,4,2023,
RES03413,2022-06-05,Merida,Izamal + Merida,Grupal,-16,,Francia,Ingles,729.42,13129.56,6.7,5.0,Transferencia,Completada,G013,Media,6,2022,us er@gmail.com
RES02277,2023-09-05,Akumal,Snorkel Tortugas Akumal,Grupal,13,5.0,Estados Unidos,Español,676.88,10491.64,5.1,4.8,Efectivo,Completada,G008,Baja,9,2023,cliente3484@yahoo.com
RES01966,2022-07-01,Chichen Itza,Chichen Itza + Cenote Ik Kil,Grupal,5,2.0,Mexico,Español,1398.96,8393.76,5.1,,Efectivo,Completada,G031,Alta,7,2022,cliente6879@gmail.com
RES00136,2021-05-19,Chichen Itza,Chichen Itza + Cenote Ik Kil,Grupal,10,3.0,Canada,Aleman,1135.68,13060.32,8.4,5.0,Efectivo,Completada,G031,Media,5,2021,cliente7880@gmail.com
RES05319,2021-06-18,Akumal,Snorkel Tortugas Akumal,Privado,4,2.0,Estados Unidos,Ingles,1123.91,5619.55,7.6,4.1,Transferencia,Completada,G025,Media,6,2021,cliente4352@hotmail.com
RES03584,2022-11-21,Cancun,Isla Mujeres,Grupal,6,0.0,Mexico,Español,767.61,4605.66,10.1,5.0,Efectivo,Completada,G035,Media,11,2022,cliente6402@hotmail.com
RES05023,2021-06-04,Holbox,Avistamiento Tiburon Ballena,Grupal,5,2.0,España,Frances,1041.81,500000.0,3.6,5.0,Paypal,Confirmada,G028,Media,6,2021,cliente1151@hotmail.com
RES01860,2023-08-14,Cozumel,Tour Isla Cozumel,Grupal,7,,Canada,Frances,1231.61,9237.07,4.5,2.9,Efectivo,Completada,G016,Alta,8,2023,cliente9448@gmail.com
RES02956,2021-05-02,Chichen Itza,Valladolid + Chichen Itza,Grupal,19,0.0,Mexico,Español,1163.95,22115.05,6.5,4.4,,Confirmada,G005,Media,5,2021,cliente9414@hotmail.com
RES04420,2021-10-12,Bacalar,Fuerte de San Felipe,Privado,4,1.0,Estados Unidos,Portugues,1479.87,6659.41,6.0,4.7,Tarjeta credito,Completada,G014,Media,10,2021,cliente2635@yahoo.com
RES04520,2023-09-30,Uxmal,Ruta Puuc,Grupal,16,4.0,Mexico,Español,876.98,15785.64,8.2,4.7,Paypal,Completada,G020,Baja,9,2023,cliente1346@gmail.com
RES04002,2021-10-04,Holbox,Avistamiento Tiburon Ballena,Grupal,15,7.0,Suiza,Aleman,983.87,18201.6,9.4,4.2,Tarjeta credito,Confirmada,,Media,10,2021,cliente2415@outlook.com
RES01129,2022-12-06,Akumal,Snorkel Tortugas Akumal,Grupal,15,3.0,Canada,Español,979.47,16161.26,5.8,4.3,Tarjeta credito,Pendiente,G027,Alta,12,2022,cliente2284@outlook.com
RES03519,2022-04-04,Bacalar,Kayak Canales,Grupal,13,6.0,Suecia,Español,1069.26,17108.16,3.7,3.0,Efectivo,Completada,G030,Alta,4,2022,cliente7668@hotmail.com
RES02346,2022-03-07,Playa del Carmen,Xcaret,Privado,2,1.0,Estados Unidos,Ingles,1582.48,3956.2,7.0,4.9,Efectivo,Completada,,Alta,3,2022,cliente3440@outlook.com
RES01963,2022-08-10,Bacalar,Kayak Canales,Grupal,4,0.0,Reino Unido,Ingles,,4331.4,8.3,4.6,Transferencia,Completada,G040,Alta,8,2022,
RES02035,2022-04-12,Tulum,Sian Ka'an,Grupal,17,5.0,Mexico,Ingles,1150.78,22440.21,3.6,3.8,Crypto,Confirmada,G013,Alta,4,2022,cliente4397@yahoo.com
RES04003,2023-07-25,Playa del Carmen,Xcaret,Privado,3,,Italia,Ingles,1647.41,5765.94,9.3,3.9,Tarjeta debito,Completada,G024,Alta,7,2023,cliente1796@gmail.com
RES00970,2021-09-13,Akumal,Snorkel Tortugas Akumal,Grupal,8,3.0,Mexico,Español,635.84,6040.48,9.7,5.0,Transferencia,Completada,G028,Baja,9,2021,cliente314@yahoo.com
RES02068,2023-03-09,Holbox,Avistamiento Tiburon Ballena,privad,3,1.0,Mexico,Ingles,1771.64,6200.74,8.8,4.0,Efectivo,Confirmada,G006,Alta,3,2023,@dominio.com
RES04533,2022-12-18,Cozumel,Tour Isla Cozumel,Grupal,16,4.0,Reino Unido,Español,1409.23,25366.14,,5.0,Tarjeta debito,Completada,G033,Alta,12,2022,cliente8170@icloud.com
RES04075,2022-10-21,Bacalar,Fuerte de San Felipe,Grupal,20,4.0,,Español,906.04,19932.88,4.4,,Tarjeta credito,Completada,G033,Media,10,2022,cliente5072@hotmail.com
RES04096,2021-10-02,Cancun,Isla Mujeres,Privado,3,0.0,Estados Unidos,Ingles,1201.63,3604.89,,5.0,Paypal,Completada,G031,Media,10,2021,cliente9626@outlook.com
RES00145,2022-01-05,Cancun,Laguna Nichupte,Grupal,16,4.0,Estados Unidos,Portugues,632.51,11385.18,5.5,4.0,Paypal,Confirmada,G022,Baja,1,2022,cliente2944@gmail.com
RES00381,2021-03-21,Tulum,Cenote Gran Cenote,Grupal,20,7.0,Mexico,Español,1181.47,27764.55,5.6,3.7,Transferencia,Completada,G009,Alta,3,2021,cliente5243@hotmail.com
RES01469,2022-07-12,Bacalar,Kayak Canales,Grupal,8,0.0,Italia,Español,1047.05,8376.4,6.5,4.3,Tarjeta credito,Completada,G008,Alta,7,2022,cliente1063@outlook.com
RES05556,05/02/2023,Akumal,Cenote Yalku,Grupal,9,1.0,Colombia,Español,705.2,6699.4,4.8,4.6,Transferencia,Completada,G018,Baja,2,2023,cliente201@icloud.com
RES05181,2021-10-27,Bacalar,Fuerte de San Felipe,Grupal,6,1.0,Mexico,Español,,6422.65,,1.0,Transferencia,Pendiente,G003,Media,10,2021,cliente7832@hotmail.com
RES00122,2021-07-12,Uxmal,Uxmal + Kabah,Grupal,19,8.0,Italia,Frances,1131.08,26014.84,3.5,4.4,,Confirmada,G023,Alta,7,2021,cliente377@hotmail.com
RES03969,2021-07-27,Holbox,Avistamiento Tiburon Ballena,Grupal,14,7.0,Mexico,,1180.22,20653.85,6.5,3.0,Tarjeta debito,Completada,G004,Alta,7,2021,cliente9303@gmail.com
RES00612,2023-03-24,Cozumel,Tour Isla Cozumel,Grupal,20,2.0,Mexico,Aleman,1443.15,30306.15,9.3,5.0,Transferencia,Confirmada,G008,Alta,3,2023,cliente955@yahoo.com
RES02642,2022-04-19,Cancun,Snorkel Arrecife,Grupal,7,2.0,Estados Unidos,Español,890.59,7124.72,4.7,4.9,Tarjeta debito,Confirmada,G002,Alta,4,2022,cliente7554@icloud.com
RES03214,2021-08-10,Cancun,Zona Hotelera Tour,Grupal,15,1.0,Mexico,Aleman,833.94,12926.07,,5.0,Efectivo,Completada,G034,Alta,8,2021,cliente9108@gmail.com
RES00419,2022-11-23,Cozumel,Tour Isla Cozumel,Privado,3,,Francia,Italiano,1650.25,4950.75,4.7,5.0,Efectivo,Completada,G020,Media,11,2022,cliente7761@icloud.com
RES04867,2021-07-23,Chichen Itza,Valladolid + Chichen Itza,Grupal,11,1.0,Mexico,Aleman,1414.33,16264.79,4.5,4.1,Tarjeta credito,Completada,G006,Alta,7,2021,cliente7940@hotmail.com
RES03652,2022-11-20,Cancun,Zona Hotelera Tour,Privado,1,0.0,Alemania,Español,1188.18,1188.18,8.8,2.9,Efectivo,Completada,G012,Media,11,2022,cliente9571@hotmail.com
RES02400,2021-12-30,Uxmal,Uxmal + Kabah,Grupal,15,5.0,Mexico,Portugues,1178.36,20621.3,6.4,4.2,Efectivo,Completada,G001,Alta,12,2021,usuario@
RES02576,2024-03-14,Playa del Carmen,Xcaret,Grupal,16,1.0,Canada,Ingles,953.08,15725.82,4.5,2.0,Tarjeta credito,Pendiente,G021,Alta,3,2024,cliente2129@icloud.com
RES01296,2023-12-02,Cancun,Zona Hotelera Tour,Grupal,13,5.0,Reino Unido,Ingles,931.89,-14444.3,5.2,2.3,Tarjeta credito,Pendiente,G036,Alta,12,2023,cliente3462@yahoo.com
RES01050,2024-03-15,Holbox,Punta Mosquito,Grupal,15,4.0,Mexico,Aleman,1206.64,20512.88,2.9,4.6,Tarjeta credito,Pendiente,G003,Alta,3,2024,cliente3108@gmail.com
RES03160,2021-03-17,Holbox,Punta Mosquito,Grupal,14,7.0,Estados Unidos,Español,1219.91,21348.43,10.5,4.7,Efectivo,Completada,G017,Alta,3,2021,cliente5184@yahoo.com
RES04787,2021-05-05,Uxmal,Uxmal + Kabah,Grupal,16,8.0,Reino Unido,Ingles,926.63,18532.6,8.9,5.0,Tarjeta credito,Completada,G006,Media,5,2021,cliente2194@gmail.com
RES01198,2021-04-12,Cancun,Snorkel Arrecife,Grupal,18,0.0,España,Español,851.23,15322.14,,99.0,Efectivo,Completada,G040,Alta,4,2021,cliente8812@hotmail.com
RES00249,2021-09-18,Merida,Haciendas del Mayab,Grupal,17,2.0,Mexico,Español,569.99,10259.82,3.6,1.4,Efectivo,Completada,G006,Baja,9,2021,cliente9743@icloud.com
RES01213,2023-02-14,Merida,Haciendas del Mayab,Grupal,7,2.0,Estados Unidos,,584.1,4672.8,48.0,,Efectivo,Cancelada,G010,Baja,2,2023,cliente3841@hotmail.com
RES04081,2022-11-02,Holbox,Punta Mosquito,Grupal,6,3.0,Francia,Español,1023.58,7676.85,5.0,4.1,Tarjeta credito,Confirmada,G027,Media,11,2022,cliente6067@icloud.com
RES05515,2023-04-02,Uxmal,Uxmal + Kabah,Grupal,4,0.0,Mexico,Español,1206.09,4824.36,3.2,4.7,Tarjeta credito,Confirmada,G010,Alta,4,2023,cliente3253@outlook.com
RES00448,2022-03-31,Uxmal,Ruta Puuc,Privado,3,0.0,Estados Unidos,Español,1739.48,5218.44,10.1,2.0,Efectivo,Completada,G032,Alta,3,2022,cliente7346@hotmail.com
RES03605,2021-01-08,Tulum,Cenote Dos Ojos,Grupal,6,3.0,Estados Unidos,Ingles,804.17,6031.27,3.4,4.0,Efectivo,Completada,G039,Baja,1,2021,cliente9740@yahoo.com
RES04715,2023-07-24,Holbox,Tour Isla Holbox,Grupal,7,0.0,Reino Unido,,1207.41,8451.87,6.6,5.0,Tarjeta debito,Confirmada,G012,Alta,7,2023,cliente586@icloud.com
RES04569,2021-03-03,Holbox,Punta Mosquito,Privado,3,0.0,Estados Unidos,Frances,1930.5,5791.5,6.1,,Efectivo,Completada,G031,Alta,3,2021,cliente2522@icloud.com
RES02133,2021-09-09,Playa del Carmen,Quinta Avenida + Cozumel,Grupal,5,2.0,Mexico,,777.91,4667.46,4.2,2.9,Tarjeta credito,Cancelada,G013,Baja,9,2021,usuario.dominio.com
RES01748,2023-10-12,Playa del Carmen,Quinta Avenida + Cozumel,Grupal,10,3.0,Alemania,Italiano,829.7,9541.55,2.6,1.1,Tarjeta credito,Completada,G026,Media,10,2023,cliente2734@gmail.com
RES02288,2021-12-19,Tulum,Sian Ka'an,Privado,3,0.0,Mexico,Italiano,1850.67,5552.01,8.7,4.9,Paypal,Completada,G020,Alta,12,2021,cliente6571@outlook.com
RES03594,2022-03-29,Uxmal,Ruta Puuc,Grupal,9,0.0,Canada,Español,1232.82,11095.38,7.7,5.0,Efectivo,Completada,G009,Alta,3,2022,cliente8672@hotmail.com
RES03429,2022-03-25,Tulum,Cenote Dos Ojos,Privado,3,0.0,,Español,1664.85,4994.55,3.8,,Transferencia,Completada,G006,Alta,3,2022,cliente8935@gmail.com
RES02603,2024-02-27,Akumal,Cenote Yalku,Grupal,17,1.0,Alemania,Ingles,658.44,11522.7,10.4,4.1,Efectivo,Completada,G001,Baja,2,2024,cliente2254@hotmail.com
RES01324,2022-09-30,Cozumel,Tour Isla Cozumel,Grupal,18,7.0,Italia,Español,1014.73,21816.69,,5.0,Tarjeta credito,Completada,G001,Baja,9,2022,cliente6804@hotmail.com
RES04554,2021-07-06,Uxmal,Ruta Puuc,Grupal,13,,Estados Unidos,Ingles,1245.91,19934.56,8.1,5.0,Paypal,Completada,,Alta,7,2021,cliente3484@icloud.com
RES03404,2021-04-11,Chichen Itza,Chichen Itza + Cenote Ik Kil,Grupal,9,0.0,Francia,Español,1334.5,12010.5,8.2,4.4,Tarjeta debito,Completada,G022,Alta,4,2021,cliente4647@yahoo.com
RES02345,2021-07-10,Tulum,Sian Ka'an,Grupal,17,4.0,Canada,Italiano,1142.34,21704.46,7.5,3.9,Tarjeta credito,Completada,G036,Alta,7,2021,cliente8795@yahoo.com
RES05915,2024-03-02,Chichen Itza,Chichen Itza + Cenote Ik Kil,Privado,2,1.0,Estados Unidos,Aleman,2332.18,5830.45,8.3,4.6,Efectivo,Completada,G001,Alta,3,2024,cliente6528@hotmail.com
RES00415,2021-11-17,Cancun,Zona Hotelera Tour,Grupal,16,5.0,Mexico,Ingles,753.34,13936.79,4.4,4.1,Efectivo,Confirmada,G004,Media,11,2021,cliente7081@icloud.com
RES00753,2023-02-17,Tulum,Cenote Gran Cenote,Grupal,5,0.0,España,Español,839.78,4198.9,8.7,5.0,Transferencia,Completada,G008,Baja,2,2023,cliente5901@outlook.com
RES03785,2023-04-11,Bacalar,Fuerte de San Felipe,Grupal,8,4.0,Estados Unidos,Español,1111.2,11112.0,7.9,4.7,Tarjeta credito,Confirmada,G029,Alta,4,2023,cliente8296@outlook.com
RES03044,2022-07-05,Akumal,Cenote Yalku,Grupal,10,3.0,,Ingles,942.39,10837.49,3.5,3.0,Tarjeta debito,Completada,G002,Alta,7,2022,cliente5494@gmail.com
RES00655,2024-01-14,Tulum,Cenote Dos Ojos,Grupal,8,,,Español,824.3,7830.85,6.6,3.9,Tarjeta debito,Completada,G032,Baja,1,2024,cliente3817@icloud.com
RES02472,2022-06-11,Playa del Carmen,Xcaret,Grupal,9,1.0,Canada,Frances,893.72,8490.34,3.7,4.8,Transferencia,Completada,G025,Media,6,2022,cliente8247@outlook.com
RES03329,2023-10-31,Playa del Carmen,Xel-Ha,Grupal,5,1.0,Estados Unidos,,813.59,4474.74,6.8,,Paypal,Completada,G017,Media,10,2023,cliente3065@outlook.com
RES03444,2023-06-23,Cozumel,Buceo Arrecife Palancar,Privado,3,1.0,Estados Unidos,Portugues,1681.18,5884.13,4.5,2.9,Efectivo,Completada,G018,Media,6,2023,cliente5415@hotmail.com
RES04119,2022-12-21,Cozumel,Tour Isla Cozumel,Grupal,12,4.0,Mexico,Italiano,1361.38,19059.32,9.0,5.0,Transferencia,Confirmada,G025,Alta,12,2022,cliente7956@icloud.com
RES02178,2021-04-08,Uxmal,Ruta Puuc,Grupal,5,1.0,Estados Unidos,Italiano,1122.86,6175.73,5.2,4.3,Tarjeta credito,Pendiente,G004,Alta,4,2021,cliente1621@outlook.com
RES05864,2021-09-09,Cancun,Snorkel Arrecife,Grupal,15,4.0,Estados Unidos,Aleman,621.53,10566.01,9.5,,Transferencia,Completada,G020,Baja,9,2021,cliente5484@outlook.com
RES03162,2023-09-10,Bacalar,Fuerte de San Felipe,Privado,2,1.0,Brasil,Español,1089.89,2724.73,2.7,4.3,Tarjeta credito,Completada,G036,Baja,9,2023,cliente854@hotmail.com
RES03286,2024-01-30,Merida,Izamal + Merida,Grupal,9,4.0,Estados Unidos,Español,631.21,6943.31,100.0,3.2,Tarjeta credito,Completada,G025,Baja,1,2024,cliente4834@yahoo.com
RES00590,2022-09-21,Bacalar,Laguna de los 7 Colores,Grupal,8,0.0,Mexico,Ingles,,6383.52,9.0,4.8,Crypto,Completada,G001,Baja,9,2022,cliente135@icloud.com
RES03817,2023-12-27,Bacalar,Kayak Canales,Privado,4,1.0,Canada,Aleman,1667.83,7505.23,9.2,5.0,,Pendiente,G026,Alta,12,2023,cliente5666@icloud.com
RES01176,2022-09-27,Bacalar,Kayak Canales,Grupal,11,2.0,Estados Unidos,Español,741.09,8893.08,4.4,3.7,Tarjeta debito,Completada,G025,Baja,9,2022,
RES03358,2022-07-22,Tulum,Cenote Gran Cenote,Grupal,18,4.0,Estados Unidos,Ingles,1213.8,24276.0,10.0,3.7,efectivo,Completada,G023,Alta,7,2022,cliente6779@hotmail.com
RES05410,2023-09-14,Holbox,Punta Mosquito,Grupal,12,0.0,Colombia,Ingles,952.6,11431.2,7.6,4.8,Efectivo,Confirmada,G005,Baja,9,2023,
RES05073,2022-06-23,Cozumel,Snorkel El Cielo,Grupal,11,3.0,Canada,Aleman,1198.61,14982.62,8.0,5.0,Tarjeta credito,Completada,G034,Media,6,2022,cliente605@hotmail.com
RES01551,2021-08-05,Playa del Carmen,Xel-Ha,Privado,2,1.0,Canada,Ingles,1421.97,3554.93,9.5,4.0,Tarjeta debito,Completada,G020,Alta,8,2021,cliente2085@yahoo.com
RES05660,2023-03-21,Merida,Centro Historico Merida,Grupal,12,0.0,Estados Unidos,Italiano,817.78,9813.36,4.0,5.0,Tarjeta debito,Completada,G040,Alta,3,2023,cliente2489@icloud.com
RES03870,2021-02-18,Holbox,Punta Mosquito,Privado,3,0.0,Alemania,Español,1408.97,4226.91,9.2,5.0,Transferencia,Completada,G003,Baja,2,2021,cliente9324@outlook.com
RES00702,2022-12-24,Tulum,Ruinas de Tulum,Privado,3,1.0,Mexico,Español,1849.89,6474.62,8.5,3.6,Tarjeta debito,Completada,G024,Alta,12,2022,cliente7359@gmail.com
RES02226,2021-09-15,Cozumel,Snorkel El Cielo,Privado,1,0.0,Mexico,Ingles,1469.55,1469.55,8.4,5.0,Efectivo,Pendiente,G024,Baja,9,2021,cliente4383@hotmail.com
RES02274,2021-08-27,Tulum,Ruinas de Tulum,Grupal,18,6.0,Mexico,Frances,1120.35,23527.35,2.7,4.6,Paypal,Completada,G024,Alta,8,2021,cliente4778@outlook.com
RES03201,2021-11-27,Holbox,Tour Isla Holbox,Grupal,19,6.0,Francia,Ingles,1136.64,25006.08,7.8,4.8,Paypal,Pendiente,G032,Media,11,2021,cliente7459@outlook.com
RES02643,2023-04-30,Holbox,Tour Isla Holbox,Grupal,12,3.0,Mexico,Español,1309.75,17681.62,5.8,,Efectivo,Completada,G014,Alta,4,2023,sinArroba.com
RES05091,2023-04-22,Merida,Izamal + Merida,Grupal,10,2.0,Estados Unidos,Español,899.47,9894.17,5.7,4.3,Transferencia,Confirmada,G018,Alta,4,2023,cliente6534@yahoo.com
RES00209,2022-03-17,Cancun,Zona Hotelera Tour,Grupal,8,2.0,Estados Unidos,Ingles,953.04,8577.36,4.2,4.2,Tarjeta debito,Pendiente,G025,Alta,3,2022,cliente4857@yahoo.com
RES02458,2023-10-23,Bacalar,Kayak Canales,Grupal,15,0.0,,Frances,937.39,14060.85,5.9,5.0,Transferencia,Pendiente,,Media,10,2023,cliente8504@gmail.com
RES03839,2022-02-10,Holbox,Tour Isla Holbox,Privado,3,0.0,,,1421.28,4263.84,6.9,5.0,Transferencia,Completada,G007,Baja,2,2022,cliente5256@gmail.com
RES00426,2023-02-23,Chichen Itza,Chichen Itza + Cenote Ik Kil,Privado,2,0.0,Alemania,Portugues,1502.02,3004.04,8.3,5.0,Transferencia,Completada,G021,Baja,2,2023,cliente1618@gmail.com
RES04380,2021-09-02,Bacalar,Laguna de los 7 Colores,Grupal,10,3.0,Estados Unidos,Ingles,,8816.01,9.3,4.0,Efectivo,Completada,G003,Baja,9,2021,cliente4372@yahoo.com
RES01439,2022-12-28,Cancun,Isla Mujeres,Grupal,12,6.0,Alemania,Ingles,829.07,12436.05,,4.1,Efectivo,Completada,,Alta,12,2022,cliente1863@outlook.com
RES05684,2021-06-14,Playa del Carmen,Xel-Ha,Grupal,18,7.0,Colombia,Ingles,870.25,18710.38,10.0,4.6,Tarjeta credito,Pendiente,G009,Media,6,2021,cliente118@outlook.com
RES05968,2022-07-30,Bacalar,Laguna de los 7 Colores,Privado,3,1.0,Canada,Frances,1633.92,5718.72,6.0,4.6,Tarjeta credito,Cancelada,G016,Alta,7,2022,cliente8294@icloud.com
RES05305,2024-03-24,Merida,Centro Historico Merida,Privado,3,0.0,Brasil,Aleman,1341.84,4025.52,7.1,3.9,Efectivo,Completada,G039,Alta,3,2024,cliente6363@icloud.com
RES00111,2023-10-12,Cozumel,Snorkel El Cielo,Grupal,18,9.0,,Español,1187.18,26711.55,7.6,4.8,Efectivo,Pendiente,G017,Media,10,2023,cliente8068@gmail.com
RES03114,2023-01-02,Cancun,Laguna Nichupte,Privado,3,0.0,Belgica,Frances,951.4,2854.2,8.6,4.2,Tarjeta debito,Completada,G010,Baja,1,2023,
RES01033,2023-04-04,Bacalar,Kayak Canales,Grupal,20,3.0,Belgica,Italiano,1005.48,21617.82,4.3,,Transferencia,Completada,G005,Alta,4,2023,cliente6762@hotmail.com
RES02293,2023-02-08,Holbox,Tour Isla Holbox,Privado,3,1.0,Mexico,Ingles,1446.45,5062.57,5.5,5.0,Transferencia,Cancelada,G017,Baja,2,2023,cliente6240@yahoo.com
RES02487,2023-12-01,Holbox,Punta Mosquito,Grupal,15,3.0,Mexico,Ingles,1266.19,20892.14,9.6,2.9,Tarjeta credito,Completada,G034,Alta,12,2023,cliente8521@icloud.com
RES01045,2022-02-21,Tulum,Sian Ka'an,Grupal,16,1.0,Mexico,Español,760.32,12545.28,9.7,1.7,Transferencia,Pendiente,G039,Baja,2,2022,cliente4594@yahoo.com
RES02706,2021-04-02,Holbox,Avistamiento Tiburon Ballena,Grupal,4,0.0,Mexico,Ingles,1263.25,5053.0,6.7,4.7,Tarjeta credito,Cancelada,G026,Alta,4,2021,cliente5823@hotmail.com
RES03816,2023-10-23,Cozumel,Snorkel El Cielo,Privado,3,1.0,Mexico,Español,1653.11,5785.88,3.9,4.2,Transferencia,Confirmada,G027,Media,10,2023,cliente3348@outlook.com
RES03722,2024-01-14,Uxmal,Ruta Puuc,Privado,3,1.0,Canada,Español,1236.44,4327.54,2.6,4.2,Efectivo,Completada,G014,Baja,1,2024,cliente8480@gmail.com
RES04450,2024-03-29,Chichen Itza,Valladolid + Chichen Itza,Privado,2,0.0,Alemania,Ingles,,4133.86,8.6,5.0,Transferencia,Confirmada,G036,Alta,3,2024,cliente9319@hotmail.com
RES01633,2023-12-23,Chichen Itza,Chichen Itza + Cenote Ik Kil,Grupal,11,1.0,Estados Unidos,,1362.49,15668.64,7.9,4.0,Efectivo,Confirmada,G020,Alta,12,2023,cliente2797@icloud.com
RES04908,2021-01-06,Holbox,Tour Isla Holbox,Grupal,17,5.0,Mexico,Ingles,845.2,16481.4,7.1,,Tarjeta credito,Completada,G007,Baja,1,2021,cliente140@icloud.com
RES04039,2022-12-13,Cancun,Zona Hotelera Tour,Grupal,12,4.0,Estados Unidos,Español,886.8,12415.2,4.3,5.0,Tarjeta debito,Completada,G026,Alta,12,2022,cliente4074@icloud.com
RES04787,2021-05-05,Uxmal,Uxmal + Kabah,Grupal,16,8.0,Reino Unido,Ingles,926.63,18532.6,8.9,5.0,Tarjeta credito,Completada,G006,Media,5,2021,cliente5071@icloud.com
RES01034,2024-02-25,Uxmal,Uxmal + Kabah,Privado,4,1.0,Japon,Italiano,1368.34,6157.53,10.5,5.0,Efectivo,Completada,G001,Baja,2,2024,cliente8264@icloud.com
RES04355,2021-08-19,Cozumel,Tour Isla Cozumel,Grupal,8,0.0,Reino Unido,Español,1321.24,10569.92,9.5,3.9,Tarjeta debito,Completada,G027,Alta,8,2021,cliente353@gmail.com
RES05894,2021-05-27,Bacalar,Kayak Canales,Privado,4,1.0,Alemania,Ingles,1441.83,6488.23,4.1,3.8,Efectivo,Pendiente,G006,Media,5,2021,cliente9222@gmail.com
RES04295,2023-12-20,Holbox,Punta Mosquito,Grupal,11,1.0,Reino Unido,Español,1300.48,14955.52,4.8,3.2,efectivo,Completada,G022,Alta,12,2023,
RES00438,2023-10-16,Uxmal,Uxmal + Kabah,Grupal,16,0.0,Canada,Frances,987.38,15798.08,10.1,4.8,Efectivo,Completada,G039,Media,10,2023,cliente7997@gmail.com
RES01746,2021-06-27,Holbox,Punta Mosquito,Privado,2,0.0,,Español,1564.21,3128.42,9.5,5.0,Paypal,Cancelada,G007,Media,6,2021,cliente754@gmail.com
RES05399,2021-09-28,Chichen Itza,Chichen Itza + Cenote Ik Kil,Privado,2,0.0,Estados Unidos,Italiano,1522.91,3045.82,6.8,3.2,Tarjeta credito,Completada,G038,Baja,9,2021,
RES03923,2023-12-31,Holbox,Avistamiento Tiburon Ballena,Privado,2,0.0,,Español,1827.49,3654.98,4.5,5.0,Efectivo,Completada,G007,Alta,12,2023,cliente9057@outlook.com
RES00108,2023-08-07,Bacalar,Kayak Canales,Grupal,19,6.0,Estados Unidos,Ingles,1113.51,24497.22,5.8,3.8,Tarjeta credito,Completada,G011,Alta,8,2023,cliente3843@hotmail.com
RES04980,2023-02-20,Chichen Itza,Chichen Itza + Cenote Ik Kil,Grupal,7,0.0,Estados Unidos,Español,1084.64,7592.48,4.4,5.0,Efectivo,Completada,G013,Baja,2,2023,cliente3398@outlook.com
RES00030,2021-02-01,Cancun,Snorkel Arrecife,Privado,3,0.0,Mexico,Español,919.23,2757.69,7.3,3.3,Efectivo,Completada,G023,Baja,2,2021,
RES04099,2021-12-14,Tulum,Sian Ka'an,Grupal,19,6.0,Mexico,Español,1069.25,23523.5,9.7,4.7,Efectivo,Cancelada,G004,Alta,12,2021,cliente5410@outlook.com
RES02952,2021-01-12,Merida,Haciendas del Mayab,Privado,1,0.0,Estados Unidos,Español,959.4,959.4,9.8,5.0,Efectivo,Cancelada,G003,Baja,1,2021,cliente5570@yahoo.com
RES02410,2021-08-15,Cancun,Laguna Nichupte,Grupal,20,9.0,Brasil,Italiano,953.15,23352.17,9.9,3.6,Efectivo,Completada,G002,Alta,8,2021,cliente6334@icloud.com
RES03911,2022-04-26,Tulum,Ruinas de Tulum,Grupal,15,7.0,España,Español,1162.18,21500.33,,,Tarjeta credito,Confirmada,G015,Alta,4,2022,
RES05202,2023-12-17,Bacalar,Kayak Canales,Privado,2,1.0,Estados Unidos,Ingles,1600.91,4002.28,,4.2,Efectivo,Completada,G025,Alta,12,2023,cliente1027@outlook.com
RES00752,2021-09-16,Holbox,Avistamiento Tiburon Ballena,Grupal,10,1.0,Canada,Español,971.4,10199.7,4.9,5.0,Tarjeta debito,Completada,G011,Baja,9,2021,cliente7548@icloud.com
RES01363,2022-08-06,Cozumel,Tour Isla Cozumel,Grupal,17,4.0,Mexico,Ingles,1326.46,25202.74,10.2,5.0,Transferencia,Completada,G032,Alta,8,2022,cliente8256@gmail.com
RES00585,2021-11-06,Cozumel,Tour Isla Cozumel,Grupal,6,2.0,Estados Unidos,Ingles,1039.72,7278.04,4.9,2.7,Tarjeta credito,Completada,G028,Media,11,2021,cliente9093@yahoo.com
RES01979,2022-04-25,Akumal,Cenote Yalku,Grupal,14,6.0,Reino Unido,Español,965.25,16409.25,7.1,5.0,Tarjeta debito,Completada,G026,Alta,4,2022,cliente9831@outlook.com
RES01420,2023-08-22,Tulum,Cenote Dos Ojos,Grupal,12,0.0,Alemania,Ingles,1072.04,12864.48,4.5,1.0,Tarjeta credito,Completada,G023,Alta,8,2023,cliente9105@yahoo.com
RES02104,2022-09-15,Tulum,Cenote Gran Cenote,Grupal,16,,Francia,Español,781.45,13284.65,5.5,4.6,Paypal,Completada,G024,Baja,9,2022,cliente9461@outlook.com
RES01193,2023-06-16,Holbox,Avistamiento Tiburon Ballena,Grupal,6,0.0,Brasil,Portugues,1072.03,6432.18,3.1,5.0,Tarjeta credito,Cancelada,G033,Media,6,2023,cliente9422@hotmail.com
RES02214,2022-04-24,Merida,Izamal + Merida,Privado,1,0.0,Alemania,Ingles,1332.74,1332.74,6.2,5.0,Tarjeta credito,Completada,G024,Alta,4,2022,cliente1317@icloud.com
RES04726,2023-06-21,Uxmal,Uxmal + Kabah,Grupal,9,2.0,Italia,Ingles,1028.66,10286.6,9.8,5.0,Efectivo,Cancelada,,Media,6,2023,cliente2159@yahoo.com
RES01821,2021-03-01,Chichen Itza,Valladolid + Chichen Itza,Grupal,17,6.0,Estados Unidos,Español,1393.39,27867.8,7.0,5.0,Transferencia,Completada,G015,Alta,3,2021,sinArroba.com
RES03945,2021-01-07,Akumal,Cenote Yalku,Grupal,8,4.0,Estados Unidos,Ingles,679.38,6793.8,9.9,4.1,Tarjeta credito,Cancelada,G015,Baja,1,2021,cliente621@icloud.com
RES04473,2021-12-13,Akumal,Snorkel Tortugas Akumal,Grupal,7,0.0,Estados Unidos,Español,892.17,6245.19,10.4,4.2,Efectivo,Confirmada,G022,Alta,12,2021,cliente1690@gmail.com
RES02583,2024-02-18,Akumal,Snorkel Tortugas Akumal,Grupal,8,0.0,Canada,Ingles,633.23,5065.84,6.4,3.3,Efectivo,Completada,G029,Baja,2,2024,cliente2735@hotmail.com
RES02489,2021-02-03,Chichen Itza,Valladolid + Chichen Itza,Grupal,10,1.0,Mexico,Español,1014.5,10652.25,3.2,1.7,Tarjeta credito,Completada,G036,Baja,2,2021,cliente8609@outlook.com
RES02188,2024-02-21,Bacalar,Kayak Canales,Grupal,15,0.0,Estados Unidos,Español,779.86,11697.9,9.0,3.1,Tarjeta credito,Cancelada,G024,Baja,2,2024,cliente7720@yahoo.com
RES05910,2021-07-01,Tulum,Cenote Dos Ojos,Grupal,16,3.0,España,Frances,1115.95,19529.12,7.9,4.9,Tarjeta debito,Pendiente,G027,Alta,7,2021,cliente9357@yahoo.com
RES03521,2022-10-07,Cancun,Isla Mujeres,Grupal,17,6.0,Japon,Español,790.97,15819.4,8.5,4.6,Tarjeta debito,Completada,G020,Media,10,2022,cliente3224@icloud.com
RES00180,2022-06-19,Holbox,Tour Isla Holbox,Privado,1,0.0,Belgica,Frances,1533.09,1533.09,3.2,5.0,Transferencia,Completada,G001,Media,6,2022,cliente467@icloud.com
RES02299,2023-09-26,Playa del Carmen,Quinta Avenida + Cozumel,Privado,2,1.0,Mexico,Español,1089.75,2724.38,7.7,3.6,Transferencia,Completada,G028,Baja,9,2023,cliente5771@yahoo.com
RES01322,2022-02-14,Tulum,Ruinas de Tulum,Grupal,7,0.0,Estados Unidos,Italiano,774.21,5419.47,6.5,3.8,Paypal,Completada,G010,Baja,2,2022,cliente9956@outlook.com
RES02329,2023-10-05,Holbox,Punta Mosquito,Grupal,7,1.0,Belgica,Ingles,1145.9,8594.25,2.7,3.9,Tarjeta debito,Completada,G001,Media,10,2023,cliente4461@gmail.com
RES02165,2023-04-26,Cozumel,Snorkel El Cielo,Privado,2,1.0,Francia,Español,1934.12,4835.3,7.4,5.0,Efectivo,Completada,G026,Alta,4,2023,
RES05685,2023-04-06,Chichen Itza,Chichen Itza + Cenote Ik Kil,Privado,2,1.0,Canada,Español,2171.54,5428.85,9.0,3.9,Efectivo,Completada,G031,Alta,4,2023,cliente8440@yahoo.com
RES03533,2023-12-25,Playa del Carmen,Xel-Ha,Grupal,13,5.0,Estados Unidos,Español,1023.37,15862.24,6.9,5.0,,Completada,G016,Alta,12,2023,cliente8573@outlook.com
RES00890,2023-06-06,Cancun,Laguna Nichupte,Privado,1,0.0,Argentina,Español,1046.05,1046.05,200.0,3.7,Tarjeta credito,Completada,G032,Media,6,2023,cliente7267@gmail.com
RES03107,2022-08-14,Uxmal,Uxmal + Kabah,Grupal,6,2.0,Mexico,Español,1301.67,9111.69,5.7,5.0,,Completada,,Alta,8,2022,cliente4625@gmail.com
RES03863,2021-06-02,Tulum,Sian Ka'an,Privado,1,0.0,Estados Unidos,Aleman,1317.06,1317.06,6.4,5.0,Tarjeta credito,Confirmada,G012,Media,6,2021,cliente7069@yahoo.com
RES05640,2021-03-07,Uxmal,Uxmal + Kabah,Privado,3,1.0,Estados Unidos,Español,1811.41,500000.0,9.7,5.0,Tarjeta debito,Confirmada,G020,Alta,3,2021,cliente8148@gmail.com
RES00091,2022-07-16,Tulum,Sian Ka'an,Privado,2,0.0,Estados Unidos,Ingles,1593.41,3186.82,9.1,5.0,Tarjeta credito,Completada,G040,Alta,7,2022,cliente2460@hotmail.com
RES04588,2021-08-30,Merida,Izamal + Merida,Grupal,17,4.0,Mexico,Italiano,864.88,16432.72,,5.0,Tarjeta credito,Cancelada,G038,Alta,8,2021,cliente9287@icloud.com
RES05412,2023-07-08,Holbox,Punta Mosquito,Privado,2,,Canada,Español,1989.74,4974.35,3.1,4.7,Tarjeta credito,Completada,G002,Alta,7,2023,cliente7115@outlook.com
RES03383,2023-07-04,Cancun,Zona Hotelera Tour,Grupal,20,5.0,Estados Unidos,Español,886.26,19940.85,4.0,4.9,Efectivo,Completada,G015,Alta,7,2023,cliente8036@hotmail.com
RES02799,2022-11-22,Chichen Itza,Chichen Itza + Cenote Ik Kil,Grupal,4,2.0,Canada,Español,1233.03,6165.15,4.9,4.7,T. Credito,Completada,G004,Media,11,2022,cliente3415@gmail.com
RES01719,2021-06-16,Playa del Carmen,Xel-Ha,Grupal,17,5.0,Mexico,,821.86,16026.27,5.7,2.7,Tarjeta debito,Pendiente,,Media,6,2021,cliente6478@icloud.com
RES00625,2022-01-19,Merida,Izamal + Merida,Grupal,13,2.0,Mexico,Ingles,652.71,9137.94,4.2,,Tarjeta debito,Confirmada,G018,Baja,1,2022,cliente9969@outlook.com
RES00070,2023-01-08,Uxmal,Uxmal + Kabah,Grupal,4,0.0,Estados Unidos,Italiano,798.19,3192.76,7.2,5.0,Tarjeta debito,Completada,G006,Baja,1,2023,cliente7394@gmail.com
RES03670,2022-01-28,Chichen Itza,Chichen Itza + Cenote Ik Kil,Grupal,19,0.0,Mexico,Italiano,1075.62,20436.78,6.9,4.0,Efectivo,Completada,G032,Baja,1,2022,cliente4821@icloud.com
RES04950,2021-02-23,Bacalar,Fuerte de San Felipe,Privado,3,0.0,Alemania,Español,1158.84,3476.52,8.2,4.6,,Completada,G028,Baja,2,2021,cliente6942@gmail.com
RES03537,2022-05-19,Akumal,Snorkel Tortugas Akumal,Grupal,5,0.0,Estados Unidos,Español,796.23,3981.15,10.2,4.4,Transferencia,Confirmada,G012,Media,5,2022,cliente9214@yahoo.com
RES00878,2024-02-17,Cozumel,Buceo Arrecife Palancar,Privado,2,1.0,Japon,Ingles,1298.15,3245.38,4.9,5.0,Tarjeta credito,Cancelada,G010,Baja,2,2024,cliente1062@icloud.com
RES03853,2021-12-24,Cancun,Isla Mujeres,Privado,1,0.0,Brasil,Ingles,1268.18,1268.18,8.8,,Tarjeta credito,Confirmada,G035,Alta,12,2021,cliente1350@outlook.com
RES02785,2023-04-22,Uxmal,Ruta Puuc,Privado,2,0.0,Canada,Español,1743.14,3486.28,6.2,4.7,Transferencia,Completada,G001,Alta,4,2023,cliente695@outlook.com
RES00765,2022-10-27,Cozumel,Buceo Arrecife Palancar,Grupal,20,1.0,Francia,Español,1124.19,23045.9,5.8,5.0,Tarjeta credito,Completada,G028,Media,10,2022,
RES00294,2021-03-25,Uxmal,Ruta Puuc,Privado,2,0.0,Mexico,Aleman,1681.91,3363.82,9.7,4.6,Transferencia,Cancelada,G007,Alta,3,2021,cliente8910@icloud.com
RES04296,2024-03-04,Playa del Carmen,Xel-Ha,Grupal,15,7.0,Estados Unidos,Ingles,1079.61,19972.78,6.5,4.1,Efectivo,Cancelada,G040,Alta,3,2024,cliente5996@yahoo.com
RES03414,2023-12-21,Holbox,Punta Mosquito,Privado,3,0.0,Reino Unido,Aleman,1793.15,5379.45,8.8,5.0,Efectivo,Cancelada,G039,Alta,12,2023,cliente4054@yahoo.com
RES00446,2023-04-16,Uxmal,Uxmal + Kabah,Grupal,12,3.0,Mexico,Español,,16464.33,4.0,,Efectivo,Completada,G003,Alta,4,2023,
RES00469,2021-12-07,Playa del Carmen,Xel-Ha,Privado,4,2.0,Mexico,Español,1413.94,7069.7,7.6,5.0,Efectivo,Completada,G007,Alta,12,2021,cliente5409@gmail.com
RES04467,2023-02-08,Holbox,Punta Mosquito,Grupal,13,6.0,Argentina,Frances,932.95,14927.2,7.6,3.3,Tarjeta debito,Completada,G002,Baja,2,2023,cliente798@outlook.com
RES01145,2023-09-20,Playa del Carmen,Quinta Avenida + Cozumel,Privado,2,0.0,Canada,Portugues,1113.64,2227.28,10.4,4.3,Paypal,Completada,G005,Baja,9,2023,cliente8350@hotmail.com
RES00433,2023-06-24,Cancun,Snorkel Arrecife,Grupal,10,3.0,Reino Unido,,733.48,8435.02,5.3,4.9,Tarjeta credito,Completada,G007,Media,6,2023,cliente9688@hotmail.com
RES00908,2023-06-12,Chichen Itza,Chichen Itza + Cenote Ik Kil,Grupal,4,1.0,Canada,Español,1251.56,5632.02,6.6,4.1,Tarjeta debito,Completada,G035,Media,6,2023,cliente9477@icloud.com
RES03321,2022-12-05,Cozumel,Tour Isla Cozumel,Grupal,13,3.0,Estados Unidos,Portugues,1215.9,17630.55,7.8,2.3,Efectivo,Cancelada,G033,Alta,12,2022,cliente2069@yahoo.com
RES03593,2021-01-31,Bacalar,Kayak Canales,Grupal,7,2.0,Mexico,Español,794.29,6354.32,8.1,4.8,Transferencia,Cancelada,G037,Baja,1,2021,sinArroba.com
RES03097,2022-06-16,Cancun,Snorkel Arrecife,Grupal,17,4.0,Canada,Portugues,744.67,14148.73,5.2,4.9,Efectivo,Completada,G006,Media,6,2022,
RES00578,2024-01-31,Uxmal,Ruta Puuc,Grupal,14,3.0,Italia,Aleman,810.35,12560.43,,5.0,Tarjeta credito,Pendiente,G005,Baja,1,2024,cliente8029@gmail.com
RES05746,2022-01-16,Bacalar,Laguna de los 7 Colores,Privado,1,0.0,Canada,Español,1060.13,1060.13,,,Efectivo,Confirmada,G037,Baja,1,2022,cliente1548@gmail.com
RES00246,2022-09-12,Bacalar,Laguna de los 7 Colores,Grupal,5,2.0,Mexico,Español,748.95,4493.7,5.5,3.7,Paypal,Completada,G013,Baja,9,2022,cliente4179@outlook.com
RES04217,2022-07-19,Playa del Carmen,Xel-Ha,Grupal,16,0.0,Brasil,Español,1032.58,16521.28,9.0,4.1,Tarjeta debito,Confirmada,G017,Alta,7,2022,cliente472@gmail.com
RES00368,2022-02-25,Tulum,Sian Ka'an,Privado,3,1.0,Estados Unidos,Español,1211.99,4241.97,,4.4,Tarjeta credito,Completada,G011,Baja,2,2022,cliente3943@hotmail.com
RES04036,2021-03-22,Cancun,Snorkel Arrecife,Privado,3,1.0,Japon,Ingles,1329.2,4652.2,8.5,5.0,Tarjeta credito,Pendiente,G034,Alta,3,2021,cliente5075@yahoo.com
RES02026,2022-02-26,Merida,Haciendas del Mayab,Grupal,-17,5.0,Estados Unidos,Español,567.78,11071.71,4.3,4.8,Tarjeta debito,Completada,G016,Baja,2,2022,cliente8825@yahoo.com
RES02686,2021-08-19,Tulum,Cenote Dos Ojos,Grupal,6,1.0,Mexico,Italiano,1151.63,7485.6,5.6,3.7,Efectivo,Pendiente,G026,Alta,8,2021,cliente2183@icloud.com
RES02882,2021-08-01,Bacalar,Fuerte de San Felipe,Privado,4,0.0,Alemania,Español,1555.23,6220.92,10.3,2.6,Efectivo,Completada,G017,Alta,8,2021,cliente9997@yahoo.com
RES02619,2022-12-16,Merida,Centro Historico Merida,Privado,1,0.0,Estados Unidos,Ingles,1347.38,1347.38,8.0,4.2,Tarjeta debito,Confirmada,G015,Alta,12,2022,cliente4431@outlook.com
RES01043,2022-07-01,Chichen Itza,Valladolid + Chichen Itza,Privado,1,0.0,Mexico,Ingles,2144.26,2144.26,8.6,4.7,Efectivo,Cancelada,G002,Alta,7,2022,cliente2482@outlook.com
RES05783,2023-04-25,Bacalar,Fuerte de San Felipe,Grupal,18,2.0,Mexico,Ingles,1058.17,20105.23,7.8,4.2,,Completada,G030,Alta,4,2023,cliente3523@gmail.com
RES03169,2021-09-24,Playa del Carmen,Xcaret,Grupal,6,0.0,,Español,694.87,4169.22,7.6,4.0,Efectivo,Completada,G007,Baja,9,2021,cliente6666@yahoo.com
RES05542,2021-11-13,Chichen Itza,Valladolid + Chichen Itza,Grupal,5,1.0,Japon,Aleman,1108.76,6098.18,4.3,5.0,Paypal,Confirmada,G030,Media,11,2021,cliente2787@yahoo.com
RES04261,2023-11-22,Cozumel,Snorkel El Cielo,Grupal,6,2.0,Alemania,Español,1092.32,7646.24,6.0,5.0,Paypal,Cancelada,G009,Media,11,2023,cliente547@gmail.com
RES04499,2022-05-26,Playa del Carmen,Xcaret,Privado,2,1.0,Mexico,Español,1340.05,3350.12,7.5,,Tarjeta credito,Completada,G001,Media,5,2022,cliente211@yahoo.com
RES02689,2023-01-06,Bacalar,Laguna de los 7 Colores,Grupal,4,1.0,Italia,Español,821.66,3697.47,3.5,5.0,efectivo,Completada,G033,Baja,1,2023,cliente3892@gmail.com
RES00556,2022-07-24,Tulum,Cenote Gran Cenote,grupo,17,5.0,Alemania,Español,1070.08,20866.56,4.3,4.1,,Cancelada,G019,Alta,7,2022,cliente5555@yahoo.com
RES03009,2021-09-30,Cozumel,Buceo Arrecife Palancar,Privado,2,0.0,Alemania,Español,1511.82,3023.64,8.1,5.0,Transferencia,Confirmada,G028,Baja,9,2021,cliente5471@hotmail.com
RES00978,2022-10-17,Akumal,Cenote Yalku,Grupal,8,4.0,Argentina,Español,827.16,8271.6,8.7,1.0,Transferencia,Confirmada,G010,Media,10,2022,cliente2293@icloud.com
RES02272,2022-11-24,Cancun,Snorkel Arrecife,Grupal,19,6.0,Italia,Portugues,690.34,15187.48,2.8,4.9,Tarjeta credito,Completada,G040,Media,11,2022,cliente9661@hotmail.com
RES04699,2021-02-16,Chichen Itza,Valladolid + Chichen Itza,Grupal,5,0.0,Colombia,Español,1097.13,5485.65,9.5,1.2,Tarjeta credito,Completada,G024,Baja,2,2021,cliente8353@hotmail.com
RES02334,2022-03-06,Playa del Carmen,Quinta Avenida + Cozumel,Grupal,15,1.0,Mexico,Aleman,1109.3,17194.15,9.7,4.4,Tarjeta credito,Completada,G028,Alta,3,2022,cliente6829@yahoo.com
RES02005,2023-02-14,Akumal,Snorkel Tortugas Akumal,Grupal,11,3.0,Mexico,Ingles,719.11,8988.88,,3.8,,Completada,G013,Baja,2,2023,
RES05124,2021-12-01,Playa del Carmen,Xel-Ha,Privado,1,0.0,Mexico,Ingles,1582.64,1582.64,8.0,4.0,Tarjeta credito,Completada,G002,Alta,12,2021,cliente5483@hotmail.com
RES02032,2024-02-13,Playa del Carmen,Quinta Avenida + Cozumel,Grupal,13,0.0,Argentina,Español,668.9,8695.7,9.9,4.7,Tarjeta credito,Pendiente,G006,Baja,2,2024,cliente5587@yahoo.com
RES05435,2022-09-22,Chichen Itza,Valladolid + Chichen Itza,Grupal,7,0.0,Canada,,1021.66,-7151.62,7.3,,Tarjeta credito,Pendiente,G016,Baja,9,2022,
RES05935,2021-04-04,Cozumel,Tour Isla Cozumel,Privado,1,0.0,Italia,,1985.2,1985.2,5.2,4.9,Tarjeta credito,Completada,G007,Alta,4,2021,cliente7726@hotmail.com
RES00152,2022-09-11,Cancun,Snorkel Arrecife,Privado,4,0.0,Canada,Español,932.39,3729.56,10.3,5.0,,Completada,G040,Baja,9,2022,cliente4861@gmail.com
RES03902,2021-04-06,Playa del Carmen,Xel-Ha,Grupal,19,,Estados Unidos,Aleman,1012.91,23803.38,4.1,4.3,Efectivo,Pendiente,G028,Alta,4,2021,cliente9763@outlook.com
RES02535,2022-06-12,Cancun,Zona Hotelera Tour,Privado,2,1.0,Estados Unidos,Ingles,1035.55,2588.88,8.0,4.9,Tarjeta debito,Completada,G007,Media,6,2022,cliente5544@gmail.com
RES02100,2021-07-27,Tulum,Cenote Dos Ojos,Grupal,11,4.0,Canada,Ingles,1113.88,14480.44,8.4,4.3,Paypal,Completada,G011,Alta,7,2021,cliente8222@outlook.com
RES05774,2023-09-05,Akumal,Snorkel Tortugas Akumal,Grupal,17,0.0,Argentina,Portugues,640.36,10886.12,8.7,,Tarjeta debito,Confirmada,G006,Baja,9,2023,cliente3905@hotmail.com
RES00916,2022-06-29,Playa del Carmen,Xel-Ha,Grupal,4,0.0,Alemania,Español,885.92,3543.68,3.9,4.0,Efectivo,Completada,G016,Media,6,2022,cliente9303@hotmail.com
RES04241,2021-01-03,Chichen Itza,Chichen Itza + Cenote Ik Kil,Grupal,16,5.0,Francia,Español,1090.17,20168.15,7.6,4.9,Tarjeta credito,Completada,G007,Baja,1,2021,cliente2726@hotmail.com
RES05886,2021-05-09,Playa del Carmen,Xel-Ha,Grupal,19,6.0,Japon,Español,921.05,20263.1,10.0,3.9,Tarjeta debito,Confirmada,G023,Media,5,2021,cliente7251@hotmail.com
RES03423,2023-01-11,Tulum,Sian Ka'an,Grupal,19,4.0,Canada,Español,784.23,16468.83,10.4,3.4,Efectivo,Confirmada,G036,Baja,1,2023,cliente3298@yahoo.com
RES05253,2022-10-20,Merida,Haciendas del Mayab,Grupal,15,2.0,Estados Unidos,Ingles,690.11,11041.76,6.5,5.0,Tarjeta debito,Completada,G037,Media,10,2022,cliente2973@hotmail.com
RES01331,2021-12-02,Bacalar,Kayak Canales,Grupal,19,2.0,Brasil,Español,1176.72,23534.4,9.6,,Paypal,Completada,G037,Alta,12,2021,cliente2288@icloud.com
RES04731,2021-12-20,Merida,Centro Historico Merida,Grupal,20,8.0,Mexico,Español,778.45,18682.8,6.2,4.7,T. Credito,Completada,G006,Alta,12,2021,
RES03382,2024-01-24,Playa del Carmen,Xel-Ha,Grupal,18,6.0,Alemania,Español,770.56,16181.76,7.5,3.7,Tarjeta credito,Confirmada,G032,Baja,1,2024,cliente3805@yahoo.com
RES03347,2021-06-26,Tulum,Cenote Dos Ojos,Grupal,9,1.0,Mexico,Español,994.62,9448.89,2.8,4.8,Paypal,Pendiente,G004,Media,6,2021,cliente6894@yahoo.com
RES05448,2023-07-26,Uxmal,Ruta Puuc,Privado,1,0.0,Alemania,Italiano,1803.65,1803.65,3.8,4.9,Tarjeta debito,Completada,G010,Alta,7,2023,cliente5011@yahoo.com
RES01320,2022-07-03,Akumal,Snorkel Tortugas Akumal,Privado,3,1.0,Alemania,Ingles,1427.66,4996.81,72.0,3.9,Efectivo,Cancelada,G009,Alta,7,2022,cliente8183@gmail.com
RES00749,2021-03-01,Tulum,Cenote Dos Ojos,Grupal,4,0.0,Mexico,Español,1181.74,4726.96,5.6,,Tarjeta debito,Completada,G031,Alta,3,2021,cliente3140@outlook.com
RES04073,2023-01-22,Cancun,Snorkel Arrecife,Grupal,17,8.0,Mexico,Español,663.05,13924.05,4.7,4.3,Tarjeta credito,Confirmada,G036,Baja,1,2023,cliente5947@gmail.com
RES01269,2021-02-27,Cancun,Zona Hotelera Tour,Privado,2,1.0,Estados Unidos,Ingles,942.32,2355.8,3.6,5.0,Tarjeta credito,Completada,G012,Baja,2,2021,cliente3797@gmail.com
RES01355,2021-08-08,Bacalar,Kayak Canales,Grupal,15,2.0,Reino Unido,Ingles,1107.57,17721.12,9.9,5.0,Efectivo,Completada,G006,Alta,8,2021,cliente1228@hotmail.com
RES04340,2023-07-22,Uxmal,Ruta Puuc,Privado,3,,Alemania,Ingles,1954.69,5864.07,8.6,5.0,Paypal,Completada,G008,Alta,7,2023,cliente9946@gmail.com
RES03236,2021-02-22,Merida,Haciendas del Mayab,Grupal,16,5.0,Estados Unidos,Italiano,568.28,10513.18,4.2,4.7,Efectivo,Completada,G025,Baja,2,2021,cliente5923@hotmail.com
RES05826,2024-03-09,Chichen Itza,Valladolid + Chichen Itza,Grupal,15,7.0,Mexico,Portugues,1555.77,28781.74,4.9,3.6,Tarjeta debito,Completada,G040,Alta,3,2024,cliente6108@hotmail.com
RES01130,2022-04-12,Holbox,Punta Mosquito,Privado,2,,Alemania,Español,2060.34,5150.85,5.1,4.8,Tarjeta debito,Completada,G011,Alta,4,2022,cliente2639@icloud.com
RES04853,2023-05-14,Holbox,Avistamiento Tiburon Ballena,Privado,3,0.0,Canada,Español,1701.59,5104.77,5.7,3.3,,Pendiente,G005,Media,5,2023,cliente5517@yahoo.com
RES05690,2023-07-24,Uxmal,Uxmal + Kabah,Privado,4,1.0,Reino Unido,Español,1954.16,8793.72,6.1,5.0,Transferencia,Completada,G019,Alta,7,2023,cliente6504@outlook.com
RES04686,2022-08-27,Playa del Carmen,Quinta Avenida + Cozumel,Privado,3,0.0,Argentina,Italiano,1654.4,4963.2,9.6,4.9,Tarjeta debito,Completada,G026,Alta,8,2022,
RES00492,2021-11-15,Tulum,Ruinas de Tulum,Privado,2,0.0,Estados Unidos,Frances,1457.36,2914.72,9.7,,,Completada,G028,Media,11,2021,cliente823@hotmail.com
RES01771,2023-05-10,Akumal,Snorkel Tortugas Akumal,Grupal,16,4.0,Mexico,Español,799.84,14397.12,3.2,5.0,Tarjeta credito,Cancelada,G026,Media,5,2023,cliente2400@gmail.com
RES05275,2021-07-23,Bacalar,Fuerte de San Felipe,Grupal,8,,Mexico,Aleman,1135.29,10217.61,5.7,5.0,Efectivo,Completada,G001,Alta,7,2021,cliente1655@outlook.com
RES05156,2022-05-01,Cozumel,Buceo Arrecife Palancar,Privado,4,2.0,Suiza,Ingles,1593.47,7967.35,7.4,5.0,Efectivo,Pendiente,G005,Media,5,2022,cliente5377@outlook.com
RES01109,2023-11-17,Akumal,Snorkel Tortugas Akumal,Grupal,6,3.0,Canada,Español,781.55,5861.62,5.3,4.8,Tarjeta debito,Completada,G005,Media,11,2023,cliente9381@gmail.com
RES00472,2023-12-05,Cancun,Isla Mujeres,Grupal,16,0.0,Francia,Ingles,966.22,15459.52,3.7,4.6,Tarjeta credito,Pendiente,,Alta,12,2023,cliente8534@gmail.com
RES03003,2022-06-08,Playa del Carmen,Quinta Avenida + Cozumel,Grupal,11,3.0,Canada,Frances,783.97,9799.62,8.2,4.2,Tarjeta credito,Completada,G007,Media,6,2022,
RES04104,2021-11-26,Akumal,Cenote Yalku,Grupal,11,4.0,Japon,Aleman,854.47,11108.11,3.9,2.6,Efectivo,Completada,G003,Media,11,2021,cliente9591@yahoo.com
RES03772,2022-05-22,Chichen Itza,Chichen Itza + Cenote Ik Kil,Grupal,19,4.0,Mexico,Español,1153.25,24218.25,2.9,5.0,Efectivo,Completada,G019,Media,5,2022,cliente7893@hotmail.com
RES00808,2023-06-12,Holbox,Avistamiento Tiburon Ballena,Grupal,4,2.0,Estados Unidos,Ingles,1016.1,5080.5,7.2,4.9,Efectivo,Confirmada,G032,Media,6,2023,cliente8131@gmail.com
RES05706,2021-02-12,Merida,Centro Historico Merida,Grupal,17,8.0,Mexico,Frances,594.66,12487.86,9.0,2.6,Efectivo,Completada,G015,Baja,2,2021,cliente9723@hotmail.com
RES05104,2022-03-22,Uxmal,Ruta Puuc,Grupal,18,8.0,Mexico,Ingles,,27711.2,5.3,4.9,Efectivo,Completada,G032,Alta,3,2022,cliente7675@gmail.com
RES01085,2024-01-24,Cancun,Laguna Nichupte,Grupal,14,4.0,Canada,Español,652.7,10443.2,7.3,5.0,Efectivo,Completada,G024,Baja,1,2024,cliente3381@gmail.com
RES00897,2021-12-21,Cancun,Zona Hotelera Tour,Grupal,12,3.0,Mexico,Español,951.5,12845.25,4.5,4.3,Tarjeta credito,Completada,G035,Alta,12,2021,
RES04591,2021-09-04,Cozumel,Buceo Arrecife Palancar,Privado,1,0.0,Mexico,Español,1317.63,1317.63,3.0,5.0,Efectivo,Confirmada,G037,Baja,9,2021,cliente5371@icloud.com
RES02536,2021-07-20,Akumal,Snorkel Tortugas Akumal,Grupal,12,5.0,Francia,Ingles,952.98,13818.21,5.2,1.0,Efectivo,Completada,G007,Alta,7,2021,cliente1895@hotmail.com
RES05359,2024-02-21,Cozumel,Snorkel El Cielo,Privado,3,1.0,Estados Unidos,Español,1327.55,4646.43,7.7,5.0,Tarjeta credito,Cancelada,G040,Baja,2,2024,cliente7361@yahoo.com
RES04349,2022-09-23,Holbox,Punta Mosquito,Grupal,19,0.0,Alemania,Frances,867.71,16486.49,3.8,4.7,Paypal,Completada,G022,Baja,9,2022,cliente6835@yahoo.com
RES00355,2023-06-27,Cozumel,Snorkel El Cielo,Grupal,18,7.0,Estados Unidos,Español,1104.63,23749.55,8.4,5.0,Paypal,Completada,G009,Media,6,2023,cliente9214@yahoo.com
RES00252,2023-08-05,Cancun,Snorkel Arrecife,Grupal,7,3.0,Alemania,Ingles,917.37,7797.65,8.4,4.9,Tarjeta credito,Completada,G010,Alta,8,2023,cliente3493@outlook.com
RES00186,2023-09-25,Cancun,Laguna Nichupte,Privado,2,1.0,Mexico,Ingles,984.76,2461.9,3.7,2.4,,Cancelada,G014,Baja,9,2023,cliente9725@outlook.com
RES02672,2021-08-11,Holbox,Tour Isla Holbox,Grupal,13,2.0,Mexico,Italiano,1217.03,17038.42,3.1,5.0,Tarjeta credito,Cancelada,G034,Alta,8,2021,cliente2631@icloud.com
RES01210,2022-01-16,Playa del Carmen,Quinta Avenida + Cozumel,Grupal,18,0.0,Reino Unido,Frances,,12794.4,5.9,5.0,Tarjeta credito,Cancelada,G014,Baja,1,2022,usuario.dominio.com
RES02943,2022-06-01,Bacalar,Fuerte de San Felipe,Grupal,16,2.0,Polonia,Ingles,986.29,16766.93,5.6,4.8,Transferencia,Confirmada,G018,Media,6,2022,cliente2800@outlook.com
RES01873,2022-12-18,Tulum,Cenote Gran Cenote,Grupal,13,5.0,Francia,Español,1213.87,18814.98,5.8,1.4,Transferencia,Completada,G026,Alta,12,2022,cliente8716@outlook.com
RES00228,2022-06-06,Bacalar,Laguna de los 7 Colores,Privado,1,0.0,Reino Unido,Portugues,1472.9,1472.9,6.2,4.2,Tarjeta credito,Completada,G031,Media,6,2022,
RES05242,2023-05-11,Chichen Itza,Chichen Itza + Cenote Ik Kil,Grupal,9,2.0,Japon,Ingles,1283.06,12830.6,4.2,4.8,Efectivo,Cancelada,G011,Media,5,2023,cliente1911@gmail.com
RES05830,2024-03-10,Bacalar,Laguna de los 7 Colores,Grupal,14,4.0,Mexico,Español,1047.17,16754.72,4.5,5.0,Tarjeta credito,Completada,G012,Alta,3,2024,cliente1507@icloud.com
RES01298,2021-04-17,Cancun,Snorkel Arrecife,Grupal,11,5.0,Mexico,Español,952.92,12864.42,4.0,4.0,Tarjeta debito,Confirmada,G035,Alta,4,2021,cliente2856@outlook.com
RES05364,2023-09-26,Bacalar,Laguna de los 7 Colores,Grupal,16,1.0,Estados Unidos,Italiano,717.85,11844.52,5.3,5.0,Efectivo,Completada,G009,Baja,9,2023,cliente954@icloud.com
RES01047,2023-02-17,Merida,Izamal + Merida,Grupal,8,0.0,Brasil,Español,639.1,5112.8,7.2,4.7,Efectivo,Completada,G034,Baja,2,2023,cliente3455@gmail.com
RES03096,2021-03-25,Merida,Haciendas del Mayab,Privado,3,0.0,Canada,Frances,1281.27,3843.81,3.5,5.0,,Confirmada,G030,Alta,3,2021,cliente2328@hotmail.com
RES05780,2022-01-04,Uxmal,Ruta Puuc,Grupal,8,4.0,Reino Unido,Portugues,813.09,8130.9,5.0,2.8,Tarjeta credito,Confirmada,G008,Baja,1,2022,cliente5394@icloud.com
RES05495,2023-02-11,Holbox,Tour Isla Holbox,Grupal,20,2.0,España,Italiano,917.61,19269.81,9.0,4.2,Tarjeta credito,Completada,G018,Baja,2,2023,cliente7295@hotmail.com
RES03732,2023-12-18,Cozumel,Snorkel El Cielo,Privado,2,0.0,Mexico,Ingles,1982.15,3964.3,9.2,3.7,T. Credito,Completada,G009,Alta,12,2023,
RES05716,2022-04-23,Uxmal,Ruta Puuc,Privado,4,2.0,Reino Unido,Español,1733.15,8665.75,8.4,4.1,Efectivo,Completada,G013,Alta,4,2022,cliente1717@yahoo.com
RES04396,2023-01-04,Chichen Itza,Chichen Itza + Cenote Ik Kil,GRUPAL,16,1.0,Estados Unidos,Frances,1097.51,18108.92,6.0,5.0,Tarjeta debito,Completada,G011,Baja,1,2023,cliente5017@gmail.com
RES03289,2022-05-12,Bacalar,Kayak Canales,Privado,1,0.0,Mexico,Español,1365.23,1365.23,4.1,4.4,Efectivo,Confirmada,G013,Media,5,2022,cliente137@yahoo.com
RES02252,2023-08-22,Playa del Carmen,Xcaret,Grupal,10,1.0,Francia,Español,998.41,10483.31,8.2,5.0,Tarjeta credito,Completada,G022,Alta,8,2023,cliente1437@yahoo.com
RES03887,2021-04-29,Cancun,Laguna Nichupte,Grupal,10,1.0,Estados Unidos,,951.07,9986.24,5.3,5.0,Paypal,Completada,G038,Alta,4,2021,cliente9202@yahoo.com
RES04412,2022-06-01,Uxmal,Ruta Puuc,Grupal,8,4.0,Canada,Español,1095.44,10954.4,7.9,5.0,Transferencia,Cancelada,G014,Media,6,2022,cliente5397@yahoo.com
RES00293,2021-10-08,Cancun,Zona Hotelera Tour,Grupal,15,,Mexico,Portugues,756.76,12864.92,6.8,4.1,Transferencia,Completada,G010,Media,10,2021,cliente5607@hotmail.com
RES02549,2021-08-11,Cancun,Isla Mujeres,Grupal,13,5.0,Francia,Ingles,974.06,15097.93,3.7,4.8,Tarjeta credito,Completada,G018,Alta,8,2021,
RES00550,2023-02-03,Cozumel,Tour Isla Cozumel,Grupal,12,3.0,Japon,Español,1000.75,13510.12,7.8,5.0,Transferencia,Completada,G008,Baja,2,2023,cliente919@gmail.com
RES04958,2023-01-31,Cancun,Laguna Nichupte,Grupal,18,5.0,Mexico,Español,643.84,13198.72,8.1,,Tarjeta debito,Confirmada,G025,Baja,1,2023,cliente4331@gmail.com
RES04281,2023-01-30,Uxmal,Ruta Puuc,Grupal,12,6.0,Estados Unidos,Ingles,922.57,13838.55,7.7,5.0,Tarjeta credito,Completada,G006,Baja,1,2023,cliente5876@outlook.com
RES02841,2023-03-10,Cancun,Laguna Nichupte,Grupal,8,2.0,Mexico,Italiano,883.6,7952.4,8.7,3.7,Tarjeta debito,Confirmada,G037,Alta,3,2023,cliente1316@gmail.com
RES01895,2023-10-03,Merida,Centro Historico Merida,Grupal,12,0.0,Mexico,Español,646.76,7761.12,4.6,4.2,Efectivo,Pendiente,,Media,10,2023,cliente6708@gmail.com
RES02822,2024-01-29,Akumal,Snorkel Tortugas Akumal,Grupal,13,2.0,Brasil,Portugues,627.01,8778.14,8.4,1.9,Efectivo,Completada,G032,Baja,1,2024,cliente2665@icloud.com
RES04326,2021-01-06,Bacalar,Kayak Canales,Privado,2,0.0,Estados Unidos,Ingles,1072.23,2144.46,4.3,4.7,Tarjeta debito,Completada,G008,Baja,1,2021,cliente2413@yahoo.com
RES03608,2021-02-06,Uxmal,Ruta Puuc,Privado,1,0.0,Canada,Italiano,1314.38,1314.38,6.3,2.6,Tarjeta debito,Completada,G002,Baja,2,2021,usuario.dominio.com
RES01540,2024-01-05,Chichen Itza,Valladolid + Chichen Itza,Privado,1,0.0,Mexico,Aleman,1630.6,1630.6,6.2,3.9,Transferencia,Completada,G015,Baja,1,2024,cliente1534@icloud.com
RES05042,2023-01-13,Chichen Itza,Valladolid + Chichen Itza,Grupal,18,3.0,Alemania,,980.79,19125.4,9.7,5.0,Tarjeta credito,Completada,G026,Baja,1,2023,cliente1382@yahoo.com
RES05989,2021-06-03,Cozumel,Snorkel El Cielo,Grupal,4,2.0,Estados Unidos,Aleman,1142.64,5713.2,7.4,4.7,Transferencia,Pendiente,G011,Media,6,2021,cliente8097@gmail.com
RES02793,2023-07-13,Holbox,Avistamiento Tiburon Ballena,Grupal,12,2.0,Estados Unidos,Español,1361.45,17698.85,5.9,1.6,,Completada,G009,Alta,7,2023,cliente7647@icloud.com
RES01731,2023-04-05,Uxmal,Uxmal + Kabah,Grupal,10,0.0,Polonia,Español,1256.19,12561.9,8.8,4.8,Tarjeta debito,Confirmada,G010,Alta,4,2023,usuario.dominio.com
RES05016,2022-06-02,Playa del Carmen,Quinta Avenida + Cozumel,Privado,4,1.0,Mexico,Español,1351.23,6080.53,6.8,5.0,Tarjeta debito,Completada,G034,Media,6,2022,cliente1364@icloud.com
RES01610,2021-03-07,Chichen Itza,Valladolid + Chichen Itza,Privado,2,1.0,Estados Unidos,Español,2177.05,5442.62,6.2,4.7,Efectivo,Pendiente,,Alta,3,2021,cliente7938@yahoo.com
RES03782,2022-11-23,Uxmal,Ruta Puuc,Privado,3,0.0,Italia,Italiano,1568.13,4704.39,7.7,,Transferencia,Completada,,Media,11,2022,cliente6867@gmail.com
RES01555,2022-01-17,Cancun,Snorkel Arrecife,Privado,1,0.0,Estados Unidos,Frances,893.95,893.95,2.8,5.0,Tarjeta credito,Confirmada,G016,Baja,1,2022,cliente5493@yahoo.com
RES01565,2021-01-25,Akumal,Snorkel Tortugas Akumal,Privado,1,0.0,Reino Unido,Español,1120.27,1120.27,,5.0,Tarjeta debito,Completada,G031,Baja,1,2021,cliente8735@gmail.com
RES05066,2023-01-11,Cozumel,Tour Isla Cozumel,Privado,3,0.0,Mexico,Español,,4248.54,2.8,4.8,Tarjeta credito,Cancelada,G021,Baja,1,2023,cliente2455@yahoo.com
RES03627,2022-01-25,Akumal,Cenote Yalku,Grupal,17,6.0,Mexico,Español,651.74,13034.8,4.7,5.0,Transferencia,Completada,G011,Baja,1,2022,cliente8492@gmail.com
RES02168,2021-07-14,Uxmal,Uxmal + Kabah,Grupal,16,4.0,Colombia,Ingles,1193.38,21480.84,6.4,4.6,Efectivo,Completada,G015,Alta,7,2021,
RES02837,2021-08-02,Playa del Carmen,Xcaret,Grupal,14,3.0,Francia,Español,,15190.62,,4.9,Tarjeta credito,Completada,G009,Alta,8,2021,cliente6920@yahoo.com
RES02292,2022-04-17,Tulum,Cenote Dos Ojos,Grupal,13,5.0,Reino Unido,Ingles,1183.55,18345.02,5.8,4.3,Transferencia,Cancelada,,Alta,4,2022,cliente6574@yahoo.com
RES01104,2022-07-16,Playa del Carmen,Xel-Ha,Grupal,11,2.0,Argentina,,997.49,11969.88,8.6,,Paypal,Completada,G004,Alta,7,2022,cliente9520@yahoo.com
RES04774,2024-01-13,Cozumel,Snorkel El Cielo,Grupal,4,2.0,Canada,Italiano,872.94,4364.7,7.3,4.2,Tarjeta credito,Completada,G019,Baja,1,2024,usuario.dominio.com
RES04330,2023-12-19,Uxmal,Ruta Puuc,Grupal,6,3.0,Argentina,Español,1188.79,8915.92,5.1,4.2,Efectivo,Cancelada,G027,Alta,12,2023,cliente8716@hotmail.com
RES01169,2023-02-13,Uxmal,Ruta Puuc,Grupal,16,1.0,Mexico,Ingles,905.22,14936.13,7.3,5.0,Transferencia,Completada,,Baja,2,2023,cliente9927@yahoo.com
RES05973,2023-12-23,Cozumel,Tour Isla Cozumel,Grupal,20,,Reino Unido,Español,1446.58,34717.92,7.2,4.3,Efectivo,Cancelada,G008,Alta,12,2023,cliente4584@outlook.com
RES00933,2024-02-20,Cancun,Snorkel Arrecife,Grupal,13,6.0,Estados Unidos,Italiano,656.4,10502.4,2.6,4.7,Transferencia,Completada,G010,Baja,2,2024,cliente6324@outlook.com
RES00614,2022-11-04,Uxmal,Ruta Puuc,Grupal,18,3.0,Francia,Ingles,1024.07,19969.36,3.9,5.0,Transferencia,Confirmada,G001,Media,11,2022,cliente5888@outlook.com
RES01635,2024-01-26,Cozumel,Tour Isla Cozumel,Grupal,10,2.0,Estados Unidos,,900.29,9903.19,6.6,2.8,Crypto,Completada,G010,Baja,1,2024,cliente4863@hotmail.com
RES04801,2021-06-27,Chichen Itza,Valladolid + Chichen Itza,Grupal,8,0.0,Estados Unidos,Portugues,1219.2,9753.6,8.8,5.0,Efectivo,Pendiente,G021,Media,6,2021,cliente8314@yahoo.com
RES03091,2023-11-10,Holbox,Tour Isla Holbox,Grupal,4,1.0,Mexico,Español,1036.68,4665.06,10.1,4.3,Transferencia,Confirmada,G012,Media,11,2023,cliente3991@gmail.com
RES03117,2024-02-02,Merida,Izamal + Merida,Privado,4,0.0,Canada,Español,904.96,3619.84,9.5,4.7,Tarjeta credito,Pendiente,G032,Baja,2,2024,cliente6870@gmail.com
RES05442,2021-04-10,Holbox,Tour Isla Holbox,Privado,2,0.0,,Ingles,1872.9,3745.8,2.6,4.4,Tarjeta credito,Cancelada,G024,Alta,4,2021,cliente8904@icloud.com
RES00506,2021-10-30,Cozumel,Tour Isla Cozumel,Grupal,20,5.0,Suiza,Español,1051.67,23662.58,6.8,5.0,Tarjeta debito,Completada,,Media,10,2021,cliente3974@yahoo.com
RES01545,2022-11-24,Akumal,Snorkel Tortugas Akumal,Grupal,7,3.0,Reino Unido,Español,774.46,6582.91,5.1,1.0,Efectivo,Cancelada,G009,Media,11,2022,cliente505@hotmail.com
RES00273,2022-01-09,Uxmal,Uxmal + Kabah,Privado,1,0.0,Estados Unidos,Ingles,1334.34,1334.34,7.8,,Efectivo,Pendiente,G025,Baja,1,2022,cliente2891@outlook.com
RES05564,2022-03-14,Chichen Itza,Valladolid + Chichen Itza,Privado,3,1.0,Belgica,Español,2097.85,7342.47,10.4,5.0,Tarjeta credito,Completada,G033,Alta,3,2022,cliente4400@yahoo.com
RES03498,2024-02-02,Bacalar,Fuerte de San Felipe,Grupal,20,3.0,Italia,,717.04,15416.36,6.9,5.0,,Completada,G007,Baja,2,2024,cliente8925@hotmail.com
RES01521,2022-01-26,Merida,Izamal + Merida,Grupal,9,0.0,Mexico,Portugues,559.72,5037.48,4.1,5.0,Transferencia,Completada,G028,Baja,1,2022,cliente2877@gmail.com
RES04267,2022-10-18,Cancun,Zona Hotelera Tour,Grupal,4,2.0,Argentina,Ingles,779.32,3896.6,10.2,3.1,Tarjeta credito,Completada,G033,Media,10,2022,
RES00107,2021-08-22,Holbox,Punta Mosquito,Grupal,15,0.0,Francia,Aleman,1259.68,18895.2,5.3,4.9,,Cancelada,G030,Alta,8,2021,cliente8110@outlook.com
RES01102,2023-12-24,Holbox,Punta Mosquito,Grupal,12,6.0,Francia,Ingles,1255.5,18832.5,5.0,5.0,Tarjeta credito,Completada,G030,Alta,12,2023,cliente260@hotmail.com
RES01189,2021-04-27,Chichen Itza,Valladolid + Chichen Itza,Privado,4,2.0,Francia,Español,2259.49,11297.45,6.4,4.8,,Cancelada,,Alta,4,2021,cliente8738@gmail.com
RES00953,2022-06-04,Holbox,Avistamiento Tiburon Ballena,Grupal,11,1.0,Reino Unido,Español,1066.15,12260.73,5.6,5.0,Transferencia,Completada,G025,Media,6,2022,cliente7908@outlook.com
RES03415,2023-07-10,Uxmal,Uxmal + Kabah,Privado,2,0.0,Mexico,Español,1657.75,3315.5,3.3,3.1,Paypal,Completada,G029,Alta,7,2023,cliente2949@gmail.com
RES01613,2024-02-13,Akumal,Snorkel Tortugas Akumal,Privado,1,0.0,Suecia,Español,1007.2,1007.2,,4.9,Tarjeta credito,Completada,G002,Baja,2,2024,cliente2071@gmail.com
RES01730,2021-03-05,Chichen Itza,Valladolid + Chichen Itza,Grupal,4,2.0,Estados Unidos,Español,1344.46,6722.3,10.4,4.2,Transferencia,Completada,G039,Alta,3,2021,cliente7998@gmail.com
RES04670,2023-06-07,Bacalar,Laguna de los 7 Colores,Grupal,16,0.0,Canada,Español,936.73,14987.68,7.7,2.8,Tarjeta credito,Completada,G026,Media,6,2023,cliente1599@gmail.com
RES01025,2021-05-17,Merida,Izamal + Merida,Grupal,19,7.0,Mexico,Aleman,706.25,15890.62,7.0,4.3,Efectivo,Cancelada,G030,Media,5,2021,cliente398@outlook.com
RES02971,2022-01-25,Cozumel,Tour Isla Cozumel,Grupal,4,0.0,Estados Unidos,Ingles,1016.98,4067.92,5.4,4.7,Tarjeta debito,Confirmada,G039,Baja,1,2022,cliente2364@hotmail.com
RES01671,2022-11-30,Bacalar,Laguna de los 7 Colores,Grupal,6,3.0,Australia,Portugues,874.81,6561.07,10.0,4.9,Tarjeta credito,Completada,G020,Media,11,2022,cliente8514@hotmail.com
RES00417,2021-11-26,Cancun,Snorkel Arrecife,Grupal,-19,5.0,Holanda,Español,764.84,16444.06,9.5,,Tarjeta credito,Completada,G019,Media,11,2021,cliente2956@hotmail.com
RES01243,2021-05-07,Uxmal,Ruta Puuc,Privado,4,1.0,Estados Unidos,Frances,1444.82,6501.69,3.5,3.3,Transferencia,Completada,G027,Media,5,2021,cliente7181@gmail.com
RES01408,2021-04-07,Uxmal,Uxmal + Kabah,Grupal,14,,Colombia,Ingles,1249.48,21241.16,10.3,4.8,Efectivo,Cancelada,G032,Alta,4,2021,
RES05843,2022-02-15,Cozumel,Tour Isla Cozumel,Grupal,9,4.0,Mexico,Portugues,896.45,9860.95,2.9,5.0,Tarjeta credito,Cancelada,G039,Baja,2,2022,cliente8409@icloud.com
RES00565,2021-04-18,Merida,Izamal + Merida,Privado,4,1.0,Estados Unidos,Español,1351.61,6082.24,6.4,3.9,Efectivo,Pendiente,G039,Alta,4,2021,cliente8013@gmail.com
RES00479,2022-02-20,Uxmal,Ruta Puuc,Privado,1,0.0,Brasil,Español,1274.46,1274.46,7.0,2.6,Tarjeta credito,Pendiente,G023,Baja,2,2022,cliente5423@hotmail.com
RES01701,2024-01-23,Tulum,Ruinas de Tulum,Grupal,8,4.0,Brasil,Ingles,775.83,7758.3,10.4,,Tarjeta credito,Pendiente,G024,Baja,1,2024,cliente5990@outlook.com
RES00143,2021-04-19,Chichen Itza,Chichen Itza + Cenote Ik Kil,Grupal,12,1.0,Mexico,Aleman,1357.26,16965.75,7.6,5.0,,Confirmada,G009,Alta,4,2021,cliente2385@outlook.com
RES02578,2023-02-16,Merida,Haciendas del Mayab,Grupal,13,4.0,Alemania,Español,573.49,8602.35,3.1,4.7,Tarjeta debito,Completada,G023,Baja,2,2023,cliente6144@outlook.com
RES02003,2024-01-22,Merida,Centro Historico Merida,Grupal,18,0.0,Francia,Ingles,555.62,10001.16,2.9,4.9,Efectivo,Completada,G008,Baja,1,2024,cliente2511@outlook.com
RES03783,2024-03-30,Playa del Carmen,Xel-Ha,Privado,1,0.0,Mexico,Español,1410.53,1410.53,9.4,4.2,Tarjeta credito,Cancelada,G027,Alta,3,2024,cliente9053@yahoo.com
RES03795,2023-06-24,Bacalar,Kayak Canales,Privado,1,0.0,Canada,Aleman,1458.25,1458.25,3.3,1.8,Tarjeta debito,Completada,G027,Media,6,2023,cliente9636@hotmail.com
RES00606,2023-01-22,Uxmal,Ruta Puuc,Privado,3,0.0,Mexico,Español,1352.7,4058.1,8.5,4.9,Tarjeta credito,Completada,G014,Baja,1,2023,cliente1896@hotmail.com
RES01182,2021-09-06,Chichen Itza,Chichen Itza + Cenote Ik Kil,Privado,1,0.0,Canada,Español,1549.52,1549.52,7.1,4.0,Transferencia,Completada,G013,Baja,9,2021,cliente2768@hotmail.com
RES04642,2024-02-17,Uxmal,Uxmal + Kabah,Privado,2,1.0,Mexico,Ingles,1244.14,3110.35,10.2,5.0,Crypto,Completada,,Baja,2,2024,cliente2876@yahoo.com
RES00498,2023-03-12,Cancun,Isla Mujeres,Grupal,7,1.0,Mexico,Español,963.05,150000.0,2.6,5.0,Efectivo,Completada,G036,Alta,3,2023,cliente1680@hotmail.com
RES03215,2022-12-02,Tulum,Cenote Gran Cenote,Grupal,7,3.0,Brasil,Español,1176.72,10002.12,,4.7,Tarjeta credito,Completada,G005,Alta,12,2022,cliente9709@yahoo.com
RES05012,2023-06-10,Uxmal,Ruta Puuc,Grupal,8,,Mexico,Español,1028.17,9253.53,5.8,4.4,Transferencia,Cancelada,G015,Media,6,2023,cliente7537@icloud.com
RES03536,2021-10-20,Chichen Itza,Valladolid + Chichen Itza,Grupal,11,3.0,Suiza,Aleman,1115.86,13948.25,3.0,5.0,Efectivo,Completada,G009,Media,10,2021,cliente8119@outlook.com
RES04825,2022-02-12,Holbox,Tour Isla Holbox,Grupal,17,3.0,Reino Unido,Ingles,909.46,16825.01,9.1,3.6,Transferencia,Completada,G014,Baja,2,2022,cliente4906@icloud.com
RES00722,2022-05-22,Akumal,Cenote Yalku,Privado,3,1.0,,Ingles,1228.08,4298.28,4.4,4.7,Tarjeta debito,Completada,G010,Media,5,2022,cliente1487@hotmail.com
RES02866,2022-12-04,Playa del Carmen,Xcaret,Privado,1,0.0,Italia,Español,1682.08,1682.08,4.8,5.0,Transferencia,Pendiente,,Alta,12,2022,usuario@
RES01026,2023-11-02,Holbox,Punta Mosquito,Privado,2,1.0,Francia,Español,1714.35,4285.88,3.1,5.0,Transferencia,Cancelada,G034,Media,11,2023,cliente7961@icloud.com
RES05434,2023-09-17,Playa del Carmen,Quinta Avenida + Cozumel,Grupal,15,4.0,Estados Unidos,Italiano,783.71,13323.07,2.7,1.0,,Cancelada,G026,Baja,9,2023,cliente4589@icloud.com
RES05362,2023-04-21,Uxmal,Ruta Puuc,Grupal,15,7.0,Estados Unidos,Español,1310.24,24239.44,5.6,5.0,Efectivo,Completada,G024,Alta,4,2023,cliente8574@icloud.com
RES01345,2021-12-07,Bacalar,Laguna de los 7 Colores,Grupal,9,2.0,Mexico,Ingles,1040.69,10406.9,6.4,3.9,Paypal,Confirmada,G004,Alta,12,2021,cliente7050@icloud.com
RES01226,2021-08-05,Tulum,Sian Ka'an,Privado,4,2.0,Canada,Español,1608.03,8040.15,4.3,5.0,Tarjeta debito,Cancelada,G040,Alta,8,2021,usuario.dominio.com
RES02183,2022-10-25,Uxmal,Ruta Puuc,Privado,1,0.0,Mexico,Ingles,1618.88,1618.88,8.2,1.8,Tarjeta debito,Cancelada,G023,Media,10,2022,cliente2842@icloud.com
RES04861,2021-03-26,Cancun,Snorkel Arrecife,Grupal,18,6.0,Holanda,Ingles,857.6,18009.6,6.8,5.0,Tarjeta debito,Completada,G029,Alta,3,2021,cliente4873@yahoo.com
RES03455,2021-10-28,Merida,Centro Historico Merida,Grupal,16,7.0,Colombia,Ingles,705.72,13761.54,8.9,4.9,Paypal,Completada,G032,Media,10,2021,cliente2635@hotmail.com
RES02670,2023-08-26,Cozumel,Buceo Arrecife Palancar,Grupal,11,5.0,Argentina,Frances,1417.87,19141.24,5.7,3.0,Efectivo,Completada,G011,Alta,8,2023,cliente5993@icloud.com
RES03136,2022-02-12,Playa del Carmen,Quinta Avenida + Cozumel,Grupal,17,6.0,Estados Unidos,Español,673.67,13473.4,2.7,3.2,Efectivo,Cancelada,G014,Baja,2,2022,cliente3002@hotmail.com
RES01609,2024-01-01,Merida,Centro Historico Merida,Privado,3,0.0,Argentina,,829.77,2489.31,6.5,4.9,Tarjeta credito,Completada,G023,Baja,1,2024,cliente6042@gmail.com
RES00337,2021-12-03,Uxmal,Uxmal + Kabah,Privado,3,1.0,Estados Unidos,Italiano,1675.88,5865.58,7.1,4.6,Transferencia,Completada,G021,Alta,12,2021,cliente8848@outlook.com
RES05289,2021-09-04,Chichen Itza,Valladolid + Chichen Itza,Privado,3,1.0,Polonia,Español,1560.02,5460.07,,5.0,Efectivo,Completada,G017,Baja,9,2021,cliente8258@yahoo.com
RES02009,2023-03-24,Playa del Carmen,Quinta Avenida + Cozumel,Privado,1,0.0,Mexico,Italiano,1494.81,-1494.81,2.8,5.0,Efectivo,Completada,G014,Alta,3,2023,cliente9444@hotmail.com
RES05208,2023-01-02,Tulum,Sian Ka'an,Grupal,16,7.0,Argentina,Frances,782.9,15266.55,3.8,4.8,Transferencia,Completada,G013,Baja,1,2023,cliente3884@yahoo.com
RES02474,2022-02-03,Bacalar,Laguna de los 7 Colores,Privad0,2,,Estados Unidos,Español,1120.32,2800.8,5.9,2.3,Tarjeta credito,Confirmada,G006,Baja,2,2022,cliente1813@hotmail.com
RES01778,2022-11-11,Chichen Itza,Valladolid + Chichen Itza,Privado,2,0.0,Mexico,Español,45000.0,3676.24,4.4,5.0,Tarjeta credito,Completada,G020,Media,11,2022,cliente6451@yahoo.com
RES02729,2023-06-27,Merida,Izamal + Merida,Grupal,6,3.0,Brasil,Ingles,769.55,5771.62,7.1,4.9,Tarjeta credito,Completada,G017,Media,6,2023,cliente4416@hotmail.com
RES04109,2023-12-23,Bacalar,Kayak Canales,Grupal,4,1.0,Estados Unidos,Italiano,1073.31,4829.89,7.1,3.6,Tarjeta credito,Completada,G002,Alta,12,2023,cliente4980@icloud.com
RES05939,2022-08-07,Chichen Itza,Chichen Itza + Cenote Ik Kil,Grupal,15,6.0,Italia,Aleman,1351.65,24329.7,7.0,4.8,Efectivo,Completada,G035,Alta,8,2022,cliente885@icloud.com
RES04742,2021-08-15,Merida,Izamal + Merida,Grupal,18,1.0,Estados Unidos,Italiano,848.68,15700.58,7.3,4.2,,Pendiente,G018,Alta,8,2021,cliente5813@yahoo.com
RES00725,2024-01-21,Chichen Itza,Chichen Itza + Cenote Ik Kil,Grupal,10,5.0,Estados Unidos,Frances,979.58,12244.75,4.6,5.0,Tarjeta debito,Pendiente,G026,Baja,1,2024,
RES00766,2022-06-12,Holbox,Punta Mosquito,Grupal,10,3.0,Mexico,Italiano,1054.28,12124.22,8.2,5.0,Tarjeta credito,Cancelada,G012,Media,6,2022,cliente4689@gmail.com
RES00287,2021-11-25,Akumal,Cenote Yalku,Grupal,6,1.0,,Español,750.38,4877.47,9.8,3.7,Tarjeta credito,Completada,G022,Media,11,2021,
RES00308,2023-04-03,Cozumel,Tour Isla Cozumel,Privado,4,1.0,Estados Unidos,Ingles,1826.96,8221.32,7.2,2.0,Tarjeta debito,Completada,G027,Alta,4,2023,cliente9472@icloud.com
RES05896,2023-10-03,Merida,Centro Historico Merida,Grupal,9,0.0,Estados Unidos,Español,720.81,6487.29,3.8,4.3,Transferencia,Completada,G027,Media,10,2023,cliente7877@hotmail.com
RES04697,2024-02-08,Cozumel,Snorkel El Cielo,Grupal,12,3.0,Brasil,Español,947.38,12789.63,4.4,4.6,Tarjeta credito,Completada,G030,Baja,2,2024,
RES05470,2023-06-18,Cozumel,Snorkel El Cielo,Grupal,9,1.0,Estados Unidos,Italiano,1079.75,10257.62,5.4,5.0,Transferencia,Completada,G013,Media,6,2023,cliente9526@outlook.com
RES01770,2022-05-12,Chichen Itza,Valladolid + Chichen Itza,Grupal,10,0.0,Mexico,Ingles,1306.29,13062.9,10.1,2.0,Efectivo,Completada,G005,Media,5,2022,cliente9292@outlook.com
RES05361,2023-10-22,Tulum,Cenote Dos Ojos,Privado,1,0.0,Mexico,Español,1355.74,1355.74,6.7,8.0,,Completada,G040,Media,10,2023,cliente8475@yahoo.com
RES05115,2024-03-17,Tulum,Cenote Gran Cenote,Grupal,14,0.0,Mexico,Ingles,1244.52,17423.28,3.3,5.0,Tarjeta credito,Completada,G024,Alta,3,2024,cliente5087@outlook.com
RES01903,2023-02-18,Akumal,Cenote Yalku,Grupal,-8,4.0,Reino Unido,Ingles,690.34,6903.4,8.5,5.0,Tarjeta credito,Completada,G032,Baja,2,2023,cliente8447@yahoo.com
RES00072,2022-06-25,Holbox,Tour Isla Holbox,Grupal,16,3.0,Estados Unidos,Ingles,1146.21,20058.67,3.4,4.8,Tarjeta debito,Completada,G035,Media,6,2022,cliente2243@yahoo.com
RES03015,2021-01-05,Chichen Itza,Valladolid + Chichen Itza,Grupal,6,2.0,Japon,Español,1001.0,7007.0,7.1,4.1,Efectivo,Completada,G010,Baja,1,2021,cliente6072@yahoo.com
RES00712,2022-11-06,Merida,Haciendas del Mayab,Grupal,20,7.0,Mexico,Ingles,662.68,15572.98,3.1,3.9,Efectivo,Pendiente,G010,Media,11,2022,cliente5752@hotmail.com
RES03758,2024-01-19,Merida,Centro Historico Merida,Privado,1,0.0,Reino Unido,Frances,979.8,979.8,7.6,5.0,Tarjeta credito,Pendiente,G004,Baja,1,2024,cliente9307@hotmail.com
RES01021,2022-02-28,Akumal,Snorkel Tortugas Akumal,Grupal,11,3.0,,Ingles,673.3,8416.25,7.9,5.0,Tarjeta credito,Completada,G032,Baja,2,2022,cliente5259@icloud.com
RES01889,2023-05-23,Holbox,Punta Mosquito,Grupal,6,3.0,,Español,1069.06,8017.95,5.5,5.0,Efectivo,Completada,G030,Media,5,2023,cliente4027@hotmail.com
RES03790,2022-08-18,Cancun,Snorkel Arrecife,Privado,4,1.0,Estados Unidos,Español,1255.71,5650.69,7.4,4.2,Efectivo,Completada,G040,Alta,8,2022,cliente7796@icloud.com
RES03561,2021-05-24,Cancun,Snorkel Arrecife,Grupal,13,4.0,Estados Unidos,Portugues,,11454.9,6.6,5.0,,Completada,G018,Media,5,2021,cliente6411@outlook.com
RES00738,2021-12-28,Playa del Carmen,Xel-Ha,Gruupal,7,3.0,,Español,939.45,7985.33,2.8,2.9,Paypal,Completada,G040,Alta,12,2021,cliente5194@outlook.com
RES04270,2021-07-29,Cancun,Zona Hotelera Tour,Grupal,15,0.0,Mexico,Ingles,863.88,12958.2,5.8,4.9,Tarjeta credito,Confirmada,G026,Alta,7,2021,
RES02464,2023-10-28,Playa del Carmen,Quinta Avenida + Cozumel,Privado,4,1.0,España,Portugues,1223.27,5504.72,3.5,5.0,Efectivo,Completada,G033,Media,10,2023,cliente2934@hotmail.com
RES02851,2023-10-09,Holbox,Tour Isla Holbox,Privado,4,1.0,Colombia,Aleman,1658.28,7462.26,6.3,1.9,Efectivo,Completada,G008,Media,10,2023,cliente1342@hotmail.com
RES05605,2023-11-01,Cancun,Zona Hotelera Tour,Privado,4,2.0,Mexico,Italiano,1098.47,5492.35,8.1,4.7,Tarjeta debito,Completada,,Media,11,2023,usuario.dominio.com
RES02331,2023-12-18,Cancun,Snorkel Arrecife,Privado,3,1.0,Estados Unidos,Ingles,1365.45,4779.07,5.3,4.8,Transferencia,Completada,G002,Alta,12,2023,cliente8170@gmail.com
RES02997,2021-05-04,Tulum,Cenote Gran Cenote,Grupal,4,1.0,Colombia,Español,1025.39,4614.26,4.4,1.8,Tarjeta debito,Completada,G023,Media,5,2021,
RES01096,2022-11-01,Akumal,Snorkel Tortugas Akumal,Grupal,15,0.0,Estados Unidos,Español,822.24,12333.6,10.3,5.0,tarjeta credito,Confirmada,G009,Media,11,2022,cliente2611@outlook.com
RES04629,2023-12-22,Uxmal,Uxmal + Kabah,Grupal,4,2.0,Italia,Ingles,1287.33,6436.65,4.2,3.8,Efectivo,Confirmada,G024,Alta,12,2023,cliente6524@outlook.com
RES05849,2023-10-04,Bacalar,Kayak Canales,Privado,-1,0.0,Estados Unidos,Ingles,1420.33,1420.33,9.7,5.0,Paypal,Completada,G040,Media,10,2023,cliente3718@outlook.com
RES03922,2022-02-16,Holbox,Avistamiento Tiburon Ballena,Grupal,14,1.0,Estados Unidos,Frances,950.81,13786.74,8.5,3.9,,Completada,G022,Baja,2,2022,cliente9537@hotmail.com
RES05276,2022-01-10,Uxmal,Uxmal + Kabah,Grupal,19,4.0,Italia,Español,897.94,18856.74,5.7,4.1,Efectivo,Completada,G037,Baja,1,2022,cliente6462@icloud.com
RES00979,2022-03-11,,Xcaret,Privado,4,2.0,Estados Unidos,,1613.17,8065.85,4.6,4.9,Efectivo,Completada,G036,Alta,3,2022,cliente8079@outlook.com
RES05817,2021-07-17,Playa del Carmen,Quinta Avenida + Cozumel,Privado,1,0.0,Mexico,Español,1648.61,1648.61,9.7,4.0,Tarjeta credito,Confirmada,G011,Alta,7,2021,cliente920@outlook.com
RES05138,2023-11-27,Cozumel,Snorkel El Cielo,Grupal,11,3.0,Canada,,1083.52,13544.0,8.6,5.0,Tarjeta credito,Completada,G020,Media,11,2023,sinArroba.com
RES04620,2024-01-08,Cozumel,Snorkel El Cielo,Privado,4,0.0,Reino Unido,Ingles,1351.25,5405.0,6.1,5.0,Crypto,Cancelada,G040,Baja,1,2024,usuario.dominio.com
RES01236,2023-11-13,Merida,Haciendas del Mayab,Grupal,20,9.0,Japon,Italiano,690.39,16914.56,10.0,2.1,Transferencia,Cancelada,G004,Media,11,2023,cliente5167@icloud.com
RES05314,2022-10-31,Bacalar,Fuerte de San Felipe,Grupal,8,4.0,Alemania,Español,894.77,8947.7,9.9,4.9,,Cancelada,G037,Media,10,2022,cliente6587@hotmail.com
RES00345,2023-07-18,Bacalar,Kayak Canales,Grupal,20,,Argentina,Italiano,1104.33,27608.25,7.5,4.8,Tarjeta credito,Completada,G030,Alta,7,2023,cliente2263@yahoo.com
RES05745,2023-10-05,Merida,Haciendas del Mayab,Grupal,5,2.0,Alemania,Ingles,715.49,4292.94,4.7,5.0,Tarjeta credito,Confirmada,G003,Media,10,2023,cliente3695@yahoo.com
RES00912,2024-02-02,Akumal,Cenote Yalku,Grupal,10,5.0,,Ingles,744.92,9311.5,7.0,4.7,Efectivo,Completada,G036,Baja,2,2024,cliente4384@hotmail.com
RES01624,2022-08-30,Uxmal,Ruta Puuc,Privado,3,1.0,Mexico,Frances,1701.33,5954.65,8.5,5.0,Efectivo,Confirmada,,Alta,8,2022,cliente8669@outlook.com
RES00048,2022-07-22,Akumal,Snorkel Tortugas Akumal,Privado,2,1.0,Estados Unidos,Ingles,1437.48,3593.7,8.1,1.0,Paypal,Completada,G004,Alta,7,2022,cliente3350@outlook.com
RES02389,2022-05-10,Akumal,Snorkel Tortugas Akumal,Privado,3,0.0,Canada,Portugues,1194.19,3582.57,7.2,4.0,Tarjeta credito,Completada,G040,Media,5,2022,cliente5457@outlook.com
RES05765,2023-05-06,Akumal,Snorkel Tortugas Akumal,Privado,2,0.0,Argentina,Español,1220.03,150000.0,6.0,3.2,Transferencia,Completada,G026,Media,5,2023,cliente7570@outlook.com
RES00444,2021-12-01,Bacalar,Laguna de los 7 Colores,Grupal,14,1.0,España,Ingles,1109.28,16084.56,3.8,5.0,Tarjeta credito,Confirmada,G023,Alta,12,2021,cliente6579@hotmail.com
RES02964,2021-12-15,Cozumel,Tour Isla Cozumel,Privado,1,0.0,Canada,Ingles,1859.47,1859.47,7.3,4.3,Efectivo,Confirmada,G030,Alta,12,2021,cliente7018@yahoo.com
RES04606,2021-06-18,Cozumel,Buceo Arrecife Palancar,Grupal,14,5.0,Mexico,Ingles,1054.0,17391.0,9.0,4.7,Paypal,Completada,G020,Media,6,2021,cliente6184@gmail.com
RES02519,2021-05-03,Chichen Itza,Valladolid + Chichen Itza,Privado,2,1.0,Colombia,,1849.51,4623.77,6.6,5.0,Tarjeta credito,Pendiente,G007,Media,5,2021,cliente7730@icloud.com
RES02999,2023-08-10,Bacalar,Laguna de los 7 Colores,Grupal,11,3.0,Estados Unidos,Español,1064.96,13312.0,5.5,5.0,Crypto,Completada,G015,Alta,8,2023,cliente8967@yahoo.com
RES02064,2023-10-30,Merida,Izamal + Merida,Grupal,9,,Japon,Español,712.86,7485.03,5.0,3.1,Efectivo,Confirmada,G014,Media,10,2023,cliente2850@yahoo.com
RES04857,2021-01-28,Tulum,Sian Ka'an,Grupal,20,0.0,Canada,Frances,778.61,15572.2,7.5,4.8,,Completada,G006,Baja,1,2021,cliente1868@icloud.com
RES03481,2022-02-06,Cozumel,Buceo Arrecife Palancar,Grupal,20,10.0,Reino Unido,Ingles,989.81,24745.25,4.5,2.8,Efectivo,Completada,G016,Baja,2,2022,cliente2204@hotmail.com
RES01488,2023-02-24,Uxmal,Ruta Puuc,Privado,2,0.0,Estados Unidos,Español,1318.4,2636.8,9.5,5.0,Tarjeta credito,Completada,G010,Baja,2,2023,cliente7930@yahoo.com
RES05264,2021-06-22,Cozumel,Buceo Arrecife Palancar,Grupal,19,1.0,Canada,Español,1074.56,20953.92,9.2,4.8,Tarjeta debito,Completada,G002,Media,6,2021,cliente6087@icloud.com
RES01056,2021-12-08,Cozumel,Buceo Arrecife Palancar,Privado,2,1.0,Estados Unidos,Español,2171.55,5428.88,6.8,4.7,Transferencia,Completada,G040,Alta,12,2021,cliente4660@gmail.com
RES00849,2022-02-02,Cozumel,Buceo Arrecife Palancar,Grupal,9,1.0,Mexico,Español,977.15,9282.92,4.6,3.8,Tarjeta credito,Completada,G012,Baja,2,2022,cliente6435@yahoo.com
RES05133,2022-12-30,Cancun,Isla Mujeres,Grupal,9,4.0,Mexico,Español,893.02,9823.22,4.6,5.0,Tarjeta credito,Completada,G029,Alta,12,2022,
RES01955,2021-11-07,Uxmal,Ruta Puuc,Grupal,14,5.0,Mexico,Español,1097.91,18115.52,2.9,5.0,Tarjeta credito,Completada,G030,Media,11,2021,cliente5512@gmail.com
RES05040,2022-11-25,Chichen Itza,Valladolid + Chichen Itza,Grupal,13,6.0,Estados Unidos,Portugues,1134.95,18159.2,2.7,4.7,Tarjeta credito,Completada,G031,Media,11,2022,cliente4732@yahoo.com
RES02779,2022-01-17,Cancun,Snorkel Arrecife,Grupal,14,3.0,Mexico,Español,633.05,9812.27,3.0,5.0,Tarjeta credito,Completada,G022,Baja,1,2022,cliente2361@gmail.com
RES05641,2024-03-03,Uxmal,Uxmal + Kabah,Grupal,17,0.0,Italia,Ingles,1198.44,20373.48,6.7,3.9,Crypto,Confirmada,G014,Alta,3,2024,cliente2316@hotmail.com
RES04307,2022-02-14,Bacalar,Fuerte de San Felipe,Grupal,9,4.0,Holanda,Portugues,816.34,8979.74,6.2,2.8,Tarjeta credito,Completada,G023,Baja,2,2022,cliente7831@icloud.com
RES02241,2021-02-16,Holbox,Punta Mosquito,Grupal,13,1.0,Mexico,Español,850.32,11479.32,6.3,4.6,Tarjeta debito,Completada,G022,Baja,2,2021,cliente1823@yahoo.com
RES05844,2023-06-05,Holbox,Avistamiento Tiburon Ballena,Privado,2,1.0,Colombia,Español,1700.81,4252.02,9.7,4.1,Tarjeta debito,Completada,G018,Media,6,2023,cliente4888@icloud.com
RES05028,2024-01-25,Tulum,Sian Ka'an,Grupal,8,0.0,Estados Unidos,Ingles,743.86,5950.88,10.0,4.9,efectivo,Completada,G040,Baja,1,2024,cliente5788@yahoo.com
RES00777,2021-02-10,Merida,Haciendas del Mayab,Privado,2,,Italia,Ingles,949.74,1899.48,4.8,5.0,Transferencia,Completada,G020,Baja,2,2021,cliente919@icloud.com
RES05712,2024-03-16,Playa del Carmen,Quinta Avenida + Cozumel,Grupal,18,,Argentina,Ingles,1093.15,20769.85,5.2,3.0,Tarjeta debito,Completada,G011,Alta,3,2024,cliente5159@hotmail.com
RES00184,2021-09-20,Uxmal,Uxmal + Kabah,Grupal,15,3.0,Canada,Español,862.16,14225.64,5.1,5.0,Efectivo,Completada,G017,Baja,9,2021,cliente5666@outlook.com
RES03865,2021-08-28,Cancun,Zona Hotelera Tour,Grupal,6,2.0,Estados Unidos,Ingles,980.13,6860.91,6.3,3.9,Crypto,Completada,G032,Alta,8,2021,cliente1718@gmail.com
RES04661,2023-11-24,Chichen Itza,Valladolid + Chichen Itza,Grupal,8,3.0,Mexico,Ingles,1269.91,12064.15,6.3,4.8,Paypal,Cancelada,G004,Media,11,2023,cliente5268@yahoo.com
RES01220,2021-10-24,Chichen Itza,Valladolid + Chichen Itza,Grupal,14,7.0,Estados Unidos,Frances,1173.58,20537.65,,5.0,Crypto,Completada,G010,Media,10,2021,cliente7987@hotmail.com
RES01833,2022-06-24,Holbox,Avistamiento Tiburon Ballena,Grupal,10,0.0,Estados Unidos,Ingles,1117.05,11170.5,9.5,1.7,Efectivo,Completada,G017,Media,6,2022,cliente5387@gmail.com
RES00735,2021-05-01,Chichen Itza,Valladolid + Chichen Itza,Grupal,14,7.0,Canada,Español,1301.43,22775.03,8.5,3.3,Tarjeta debito,Completada,G005,Media,5,2021,cliente1193@hotmail.com
RES05081,2023-02-28,Cancun,Laguna Nichupte,Privado,1,0.0,Francia,Español,945.26,945.26,6.2,,Tarjeta debito,Completada,G031,Baja,2,2023,cliente441@icloud.com
RES04309,2022-01-02,Tulum,Cenote Gran Cenote,Grupal,9,4.0,Estados Unidos,Ingles,842.49,9267.39,6.3,4.8,Tarjeta debito,Pendiente,G025,Baja,1,2022,cliente8900@gmail.com
RES05912,2024-03-01,Akumal,Cenote Yalku,Grupal,11,5.0,Mexico,Español,949.16,12813.66,8.4,3.3,Efectivo,Completada,G030,Alta,3,2024,cliente718@icloud.com
RES03687,2021-06-01,Holbox,Avistamiento Tiburon Ballena,Privado,4,,Alemania,Frances,1640.81,7383.64,,4.7,Efectivo,Completada,G040,Media,6,2021,cliente7520@yahoo.com
RES00486,2023-05-30,Akumal,Cenote Yalku,Grupal,17,4.0,Mexico,Español,786.99,14952.81,7.6,5.0,Tarjeta debito,Completada,G010,Media,5,2023,cliente3088@outlook.com
RES01840,2022-03-15,Cancun,Isla Mujeres,Grupal,11,1.0,Estados Unidos,Español,934.83,10750.55,3.7,5.0,Tarjeta credito,Pendiente,G017,Alta,3,2022,cliente1766@yahoo.com
RES00453,2022-08-09,Playa del Carmen,Xel-Ha,Grupal,7,2.0,Estados Unidos,Frances,998.15,7985.2,9.6,3.8,Crypto,Completada,G011,Alta,8,2022,usuario@
RES02532,2021-08-29,Chichen Itza,Chichen Itza + Cenote Ik Kil,Grupal,18,,Mexico,Español,1437.45,28749.0,7.0,4.7,Paypal,Pendiente,G024,Alta,8,2021,cliente8686@icloud.com
RES04623,2023-02-17,Uxmal,Ruta Puuc,Grupal,4,1.0,Japon,Ingles,799.37,3597.16,3.6,5.0,Efectivo,Cancelada,G006,Baja,2,2023,cliente7660@gmail.com
RES00031,2021-08-10,Chichen Itza,Valladolid + Chichen Itza,Grupal,15,4.0,Argentina,Frances,1474.29,25062.93,8.9,5.0,,Cancelada,G023,Alta,8,2021,@dominio.com
RES00790,2021-02-02,Playa del Carmen,Xel-Ha,Grupal,7,1.0,Estados Unidos,Aleman,706.9,5301.75,9.9,5.0,Tarjeta credito,Completada,G006,Baja,2,2021,cliente2967@hotmail.com
RES03204,2023-02-24,Tulum,Sian Ka'an,Privado,1,0.0,Japon,Español,1209.97,1209.97,4.6,4.3,Tarjeta credito,Completada,G019,Baja,2,2023,cliente2122@gmail.com
RES03476,2021-03-22,Chichen Itza,Chichen Itza + Cenote Ik Kil,Grupal,13,5.0,Canada,Ingles,1499.13,23236.52,6.8,4.1,Efectivo,Completada,G037,Alta,3,2021,cliente2273@hotmail.com
RES01110,2021-05-05,,Snorkel Tortugas Akumal,Privado,3,0.0,,Aleman,1222.52,3667.56,6.8,4.2,Tarjeta debito,Completada,G019,Media,5,2021,cliente2704@icloud.com
RES00101,2022-01-11,Bacalar,Kayak Canales,Grupal,7,2.0,Mexico,Español,784.87,6278.96,7.2,4.7,Efectivo,Completada,G007,Baja,1,2022,cliente9893@icloud.com
RES04020,2022-05-18,Holbox,Tour Isla Holbox,Privado,1,0.0,Estados Unidos,Frances,,1596.16,9.8,2.8,Efectivo,Completada,G018,Media,5,2022,
RES03843,2022-08-19,Cozumel,Buceo Arrecife Palancar,Privado,4,2.0,Alemania,Frances,2112.22,10561.1,3.9,,Tarjeta credito,Completada,G034,Alta,8,2022,cliente3868@outlook.com
RES03208,2022-04-19,Akumal,Cenote Yalku,Grupal,16,1.0,Mexico,Español,897.19,14803.64,7.6,4.8,Tarjeta credito,Completada,G008,Alta,4,2022,cliente6041@yahoo.com
RES02808,2021-07-04,Holbox,Tour Isla Holbox,Grupal,6,,Francia,Italiano,1205.51,7233.06,8.8,4.3,Tarjeta credito,Completada,G001,Alta,7,2021,cliente6189@hotmail.com
RES02446,2021-03-03,Uxmal,Uxmal + Kabah,Grupal,20,10.0,Canada,Frances,1149.22,28730.5,3.2,,Crypto,Confirmada,G025,Alta,3,2021,cliente9824@outlook.com
RES05693,2021-10-12,Chichen Itza,Chichen Itza + Cenote Ik Kil,Privado,4,,Mexico,Portugues,1710.56,7697.52,2.9,4.9,Transferencia,Completada,G021,Media,10,2021,cliente9330@icloud.com
RES03803,2021-03-21,Tulum,Cenote Gran Cenote,Privado,3,0.0,Canada,Español,,5354.85,6.4,5.0,Tarjeta debito,Completada,G017,Alta,3,2021,cliente9711@outlook.com
RES03546,2023-10-20,Cancun,Laguna Nichupte,Grupal,12,5.0,Mexico,Español,812.85,11786.33,,5.0,Efectivo,Confirmada,G038,Media,10,2023,cliente1680@hotmail.com
RES00862,2024-02-05,Bacalar,Laguna de los 7 Colores,Privado,4,2.0,Estados Unidos,Español,1145.01,5725.05,7.7,4.6,Paypal,Cancelada,,Baja,2,2024,cliente9459@yahoo.com
RES01537,08/10/2021,Holbox,Tour Isla Holbox,Privado,3,0.0,,Español,1720.41,200000.0,3.8,4.9,Efectivo,Cancelada,,Media,10,2021,cliente2092@outlook.com
RES00904,2021-10-20,Playa del Carmen,Xcaret,Grupal,17,0.0,Estados Unidos,Ingles,922.33,15679.61,7.6,3.9,Tarjeta credito,Completada,G017,Media,10,2021,
RES03257,2022-04-17,Merida,Haciendas del Mayab,Grupal,13,5.0,Mexico,Ingles,922.91,14305.1,8.7,4.9,Tarjeta credito,Completada,G034,Alta,4,2022,cliente355@hotmail.com
RES00110,2022-06-07,Chichen Itza,Chichen Itza + Cenote Ik Kil,Grupal,20,4.0,Mexico,Español,1208.52,26587.44,9.1,3.7,Efectivo,Confirmada,,Media,6,2022,cliente1540@icloud.com
RES02717,2022-06-27,Holbox,Avistamiento Tiburon Ballena,privado,4,0.0,Francia,Español,1729.5,6918.0,8.6,1.3,Tarjeta credito,Completada,G040,Media,6,2022,cliente6730@outlook.com
RES05709,2023-03-13,Merida,Haciendas del Mayab,Privado,3,1.0,Mexico,Español,1206.12,4221.42,7.4,5.0,Tarjeta credito,Cancelada,G032,Alta,3,2023,cliente863@icloud.com
RES05353,2021-01-24,Cozumel,Snorkel El Cielo,Privado,2,0.0,Colombia,Frances,1409.58,2819.16,6.9,4.1,Efectivo,Completada,G026,Baja,1,2021,cliente6517@yahoo.com
RES03338,2022-01-18,Cancun,Zona Hotelera Tour,Grupal,4,0.0,Reino Unido,Español,698.35,2793.4,10.0,,Transferencia,Completada,G011,Baja,1,2022,cliente8117@gmail.com
RES05858,2021-05-03,Cancun,Laguna Nichupte,Grupal,9,0.0,Estados Unidos,Ingles,740.69,6666.21,8.8,5.0,Tarjeta debito,Completada,G006,Media,5,2021,cliente1556@yahoo.com
RES02848,2023-11-09,Playa del Carmen,Quinta Avenida + Cozumel,Grupal,10,3.0,Estados Unidos,Español,920.71,10588.17,5.7,,Tarjeta credito,Completada,G005,Media,11,2023,cliente4276@icloud.com
RES03571,2023-10-26,Holbox,Avistamiento Tiburon Ballena,Privado,2,1.0,Reino Unido,Ingles,1732.16,4330.4,5.0,5.0,Tarjeta credito,Completada,G035,Media,10,2023,cliente7339@yahoo.com
RES05901,2021-09-22,Uxmal,Uxmal + Kabah,Grupal,13,4.0,Canada,Italiano,810.05,12150.75,7.4,5.0,Tarjeta credito,Completada,G011,Baja,9,2021,cliente5841@icloud.com
RES02273,2021-08-18,Holbox,Avistamiento Tiburon Ballena,Grupal,11,5.0,Mexico,Español,1332.89,17994.02,,3.3,Paypal,Completada,G035,Alta,8,2021,cliente6792@outlook.com
RES02415,2021-10-22,Cozumel,Buceo Arrecife Palancar,Grupal,8,2.0,Estados Unidos,Portugues,1051.44,9462.96,5.1,2.7,Tarjeta credito,Confirmada,G004,Media,10,2021,cliente8956@yahoo.com
RES04618,2023-10-30,Bacalar,Kayak Canales,Privado,2,0.0,Suecia,Ingles,1435.11,2870.22,7.3,3.7,Tarjeta debito,Confirmada,G034,Media,10,2023,usuario.dominio.com
RES01984,2021-08-30,Merida,Centro Historico Merida,Grupal,15,4.0,Canada,Español,855.18,14538.06,5.8,1.0,Paypal,Completada,G033,Alta,8,2021,cliente6930@yahoo.com
RES01216,2023-08-30,Holbox,Avistamiento Tiburon Ballena,Grupal,13,1.0,Polonia,Ingles,1198.94,16185.69,2.5,1.8,Tarjeta debito,Cancelada,G013,Alta,8,2023,
RES02081,2021-02-24,Holbox,Punta Mosquito,Grupal,9,2.0,,Ingles,968.79,9687.9,7.2,5.0,Transferencia,Completada,G027,Baja,2,2021,cliente5730@icloud.com
RES05674,2022-05-20,Cozumel,Buceo Arrecife Palancar,Grupal,15,1.0,Mexico,Español,1172.33,18171.11,5.4,3.9,Tarjeta credito,Completada,G024,Media,5,2022,cliente7728@icloud.com
RES03936,2023-01-17,Cancun,Laguna Nichupte,Grupal,5,1.0,Mexico,Español,641.89,3530.39,4.9,4.0,Tarjeta credito,Completada,G036,Baja,1,2023,cliente2992@hotmail.com
RES01095,2021-09-21,Akumal,Cenote Yalku,Grupal,17,6.0,Canada,Español,741.15,14823.0,7.7,5.0,Tarjeta debito,Confirmada,G014,Baja,9,2021,cliente8757@yahoo.com
RES01122,2021-11-18,Holbox,Avistamiento Tiburon Ballena,Grupal,15,3.0,Canada,Español,977.77,16133.2,4.3,5.0,Efectivo,Completada,G034,Media,11,2021,cliente7429@icloud.com
RES04432,2021-03-13,Chichen Itza,Chichen Itza + Cenote Ik Kil,Grupal,18,7.0,Alemania,Ingles,1555.27,33438.31,4.1,2.3,Tarjeta credito,Completada,G011,Alta,3,2021,cliente4909@gmail.com
RES04061,2022-01-12,Playa del Carmen,Quinta Avenida + Cozumel,Grupal,16,6.0,Mexico,Aleman,727.95,13831.05,3.4,,Tarjeta debito,Completada,G006,Baja,1,2022,cliente7482@gmail.com
RES00810,2023-03-14,Playa del Carmen,Xel-Ha,Grupal,16,5.0,Mexico,Aleman,1095.0,20257.5,6.6,1.8,,Pendiente,G014,Alta,3,2023,cliente3040@hotmail.com
RES04582,2023-07-23,Chichen Itza,Chichen Itza + Cenote Ik Kil,Privado,1,0.0,Mexico,Italiano,2210.92,2210.92,,5.0,Efectivo,Completada,G040,Alta,7,2023,cliente9018@yahoo.com
RES02580,2021-05-27,Uxmal,Uxmal + Kabah,Grupal,12,1.0,Reino Unido,Italiano,937.58,11719.75,8.8,4.7,Crypto,Completada,G035,Media,5,2021,cliente1452@icloud.com
RES05948,2021-12-02,Merida,Izamal + Merida,Privado,2,0.0,Francia,Español,1276.2,2552.4,2.5,4.3,Transferencia,Completada,G038,Alta,12,2021,cliente1007@outlook.com
RES05210,2021-08-13,Tulum,Ruinas de Tulum,Grupal,6,1.0,Estados Unidos,Español,,7368.86,5.7,4.1,Tarjeta credito,Completada,G001,Alta,8,2021,cliente7832@hotmail.com
RES04251,2023-03-16,Chichen Itza,Valladolid + Chichen Itza,Privado,4,0.0,Mexico,Ingles,2349.17,9396.68,3.9,4.0,Transferencia,Completada,G009,Alta,3,2023,cliente4632@outlook.com
RES04621,2022-03-27,Merida,Centro Historico Merida,Grupal,18,5.0,,Español,917.02,18798.91,5.1,4.1,Tarjeta credito,Completada,G001,Alta,3,2022,cliente1513@outlook.com
RES05689,2022-07-11,Cozumel,Snorkel El Cielo,Privado,1,0.0,Canada,Italiano,2007.74,2007.74,,4.2,Tarjeta credito,Completada,G010,Alta,7,2022,cliente6060@yahoo.com
RES01502,2021-03-25,Playa del Carmen,Quinta Avenida + Cozumel,Privado,1,,,Español,1547.34,1547.34,10.1,4.0,,Pendiente,G024,Alta,3,2021,cliente607@outlook.com
RES05200,2023-11-03,Akumal,Snorkel Tortugas Akumal,Grupal,11,1.0,Estados Unidos,Ingles,774.05,8901.57,9.5,4.3,Paypal,Confirmada,G012,Media,11,2023,cliente7666@gmail.com
RES01648,2022-04-06,Chichen Itza,Chichen Itza + Cenote Ik Kil,Privado,2,0.0,Mexico,Ingles,2092.98,4185.96,3.2,1.0,Efectivo,Completada,G001,Alta,4,2022,cliente5446@hotmail.com
RES02816,2021-02-07,Cozumel,Buceo Arrecife Palancar,Grupal,8,3.0,Canada,Español,880.14,8361.33,9.6,3.8,Paypal,Completada,G011,Baja,2,2021,sinArroba.com
RES02883,2023-05-15,Cozumel,Buceo Arrecife Palancar,Grupal,18,2.0,Estados Unidos,Español,1088.41,20679.79,6.0,1.7,,Cancelada,G005,Media,5,2023,cliente9515@yahoo.com
RES04318,2023-02-23,Uxmal,Uxmal + Kabah,Privado,3,1.0,Francia,Español,1179.04,4126.64,6.2,5.0,Efectivo,Completada,G037,Baja,2,2023,cliente7896@icloud.com
RES04268,2023-11-25,Uxmal,Uxmal + Kabah,Privado,1,0.0,Colombia,Español,1415.03,1415.03,10.3,1.4,Tarjeta credito,Completada,G038,Media,11,2023,cliente4945@outlook.com
RES05383,2021-05-23,Akumal,Cenote Yalku,Privado,3,0.0,,,1301.05,3903.15,3.2,3.9,Efectivo,Completada,G037,Media,5,2021,cliente5710@outlook.com
RES01205,2023-12-21,Akumal,Cenote Yalku,Grupal,13,6.0,Mexico,Español,1002.15,16034.4,8.8,5.0,Efectivo,Completada,G032,Alta,12,2023,cliente1833@icloud.com
RES05664,2023-05-16,Uxmal,Ruta Puuc,Privado,2,0.0,Francia,Frances,1399.06,2798.12,9.4,4.8,Efectivo,Completada,G024,Media,5,2023,cliente279@yahoo.com
RES03427,2021-08-16,Bacalar,Fuerte de San Felipe,Grupal,16,2.0,Reino Unido,Italiano,1110.49,18878.33,5.7,5.0,Tarjeta credito,Cancelada,G033,Alta,8,2021,cliente7674@icloud.com
RES02376,2022-06-28,Cancun,Zona Hotelera Tour,Grupal,14,2.0,Japon,,712.48,10687.2,5.7,3.8,Efectivo,Pendiente,G005,Media,6,2022,cliente5762@icloud.com
RES05713,2021-04-04,Playa del Carmen,Xel-Ha,Grupal,20,4.0,Estados Unidos,Español,1018.46,22406.12,5.1,3.9,Tarjeta credito,Completada,G010,Alta,4,2021,cliente3636@yahoo.com
RES05546,2023-10-17,Uxmal,Uxmal + Kabah,Grupal,16,5.0,Estados Unidos,,1039.11,19223.53,,3.6,Tarjeta credito,Completada,G004,Media,10,2023,cliente3604@gmail.com
RES01139,2023-03-09,Merida,Izamal + Merida,Privado,4,1.0,Holanda,Frances,1232.22,5544.99,5.1,3.3,Tarjeta debito,Completada,G034,Alta,3,2023,cliente3096@icloud.com
RES04424,2022-05-24,Uxmal,Ruta Puuc,Privado,4,2.0,Argentina,,1402.36,7011.8,3.8,4.9,Efectivo,Completada,G036,Media,5,2022,
RES00830,2021-05-24,Chichen Itza,Valladolid + Chichen Itza,Privado,2,1.0,Mexico,Ingles,1858.34,4645.85,,,Tarjeta credito,Confirmada,G024,Media,5,2021,cliente4935@icloud.com
RES02474,2022-02-03,Bacalar,Laguna de los 7 Colores,Privad0,2,,Estados Unidos,Español,1120.32,2800.8,5.9,2.3,Tarjeta credito,Confirmada,G006,Baja,2,2022,
RES03182,2023-06-03,Holbox,Avistamiento Tiburon Ballena,Grupal,8,3.0,Mexico,Italiano,1037.51,9856.34,5.6,4.0,Tarjeta credito,Completada,G022,Media,6,2023,cliente6997@outlook.com
RES00439,2023-08-08,Cozumel,Buceo Arrecife Palancar,Privado,2,1.0,Mexico,Español,2101.62,5254.05,7.4,,Transferencia,Confirmada,G021,Alta,8,2023,cliente3804@gmail.com
RES00628,2024-02-19,Playa del Carmen,Xcaret,Privado,3,,Estados Unidos,Ingles,1154.87,3464.61,3.3,3.8,Tarjeta debito,Completada,G021,Baja,2,2024,cliente5940@hotmail.com
RES04185,2023-01-12,Uxmal,Uxmal + Kabah,Privado,4,1.0,Mexico,Español,1393.43,6270.44,4.8,4.9,Efectivo,Completada,G012,Baja,1,2023,cliente8635@icloud.com
RES02982,2022-07-27,Tulum,Cenote Dos Ojos,Grupal,6,1.0,Canada,Ingles,1163.31,7561.51,,5.0,Transferencia,Completada,G029,Alta,7,2022,cliente870@yahoo.com
RES00926,2023-12-17,Chichen Itza,Valladolid + Chichen Itza,Privado,3,0.0,Estados Unidos,Ingles,2307.93,6923.79,7.1,5.0,Crypto,Pendiente,G030,Alta,12,2023,cliente3810@outlook.com
RES05562,2023-01-11,Cancun,Zona Hotelera Tour,Grupal,7,1.0,Mexico,Español,618.23,4636.73,7.6,5.0,Tarjeta debito,Completada,G015,Baja,1,2023,cliente5881@yahoo.com
RES03067,2021-06-02,Playa del Carmen,Xcaret,Privado,4,0.0,Mexico,Español,1370.84,5483.36,8.2,5.0,Tarjeta credito,Confirmada,G021,Media,6,2021,usuario.dominio.com
RES02132,2021-12-23,Cancun,Zona Hotelera Tour,Grupal,16,1.0,Mexico,Español,863.3,14244.45,,4.7,Tarjeta credito,Completada,G035,Alta,12,2021,cliente5250@yahoo.com
RES04824,2021-06-12,Cancun,Isla Mujeres,Privado,1,0.0,Reino Unido,Español,1233.23,1233.23,6.8,,Tarjeta debito,Completada,G021,Media,6,2021,cliente6132@outlook.com
RES05888,2023-01-21,Playa del Carmen,Xel-Ha,Grupal,19,3.0,Estados Unidos,Español,678.75,13914.38,6.8,3.2,Efectivo,Confirmada,G014,Baja,1,2023,cliente2953@gmail.com
RES01174,2023-04-04,Uxmal,Uxmal + Kabah,Privado,2,1.0,Alemania,Ingles,1964.9,4912.25,10.3,5.0,Paypal,Completada,G016,Alta,4,2023,cliente8600@hotmail.com
RES04990,2022-11-10,Cozumel,Buceo Arrecife Palancar,Grupal,19,7.0,Francia,Español,1129.3,25409.25,5.3,3.3,Tarjeta credito,Completada,,Media,11,2022,cliente5794@outlook.com
RES01741,2023-08-23,Cozumel,Buceo Arrecife Palancar,Privado,1,0.0,Polonia,Español,1966.11,1966.11,10.0,4.0,Tarjeta credito,Confirmada,G034,Alta,8,2023,cliente2308@icloud.com
RES00945,2022-12-08,Uxmal,Uxmal + Kabah,Privado,3,1.0,Mexico,Español,1970.4,6896.4,,3.3,Tarjeta debito,Confirmada,G018,Alta,12,2022,cliente7895@icloud.com
RES04798,2021-04-11,Merida,Izamal + Merida,Grupal,17,1.0,Francia,Frances,862.98,15102.15,8.9,4.8,Paypal,Pendiente,G014,Alta,4,2021,
RES02318,2022-08-06,Holbox,Tour Isla Holbox,Grupal,10,3.0,España,Español,1232.91,14178.47,7.4,3.8,Tarjeta credito,Completada,G039,Alta,8,2022,cliente1578@icloud.com
RES00013,2021-09-02,Cancun,Isla Mujeres,Grupal,15,6.0,Mexico,Ingles,667.41,12013.38,3.2,5.0,Transferencia,Pendiente,G008,Baja,9,2021,cliente6952@gmail.com
RES01118,2023-10-31,Cozumel,Buceo Arrecife Palancar,Grupal,8,1.0,Mexico,,1147.5,9753.75,7.2,5.0,Efectivo,Completada,G005,Media,10,2023,cliente1102@outlook.com
RES04392,2023-01-08,Cozumel,Tour Isla Cozumel,Privado,4,1.0,Mexico,Español,1349.53,6072.89,7.4,5.0,Efectivo,Completada,G003,Baja,1,2023,cliente4766@yahoo.com
RES02593,2022-07-06,Playa del Carmen,Quinta Avenida + Cozumel,grupal,10,0.0,Argentina,Ingles,970.65,9706.5,4.6,5.0,Crypto,Completada,G020,Alta,7,2022,sinArroba.com
RES03808,2021-06-07,Merida,Centro Historico Merida,Grupal,16,7.0,Canada,Ingles,738.13,14393.53,10.4,5.0,Crypto,Completada,G023,Media,6,2021,cliente6925@yahoo.com
RES00643,2021-01-15,Cozumel,Snorkel El Cielo,Grupal,7,,Estados Unidos,,879.03,7471.76,10.2,,Tarjeta credito,Completada,,Baja,1,2021,cliente8138@outlook.com
RES04201,2024-03-19,Holbox,Tour Isla Holbox,Grupal,10,2.0,Colombia,Ingles,1240.82,13649.02,7.7,4.8,Transferencia,Completada,G033,Alta,3,2024,cliente2972@outlook.com
RES04510,2021-04-20,Akumal,Cenote Yalku,Privado,3,1.0,Canada,Español,1471.77,5151.19,6.1,4.9,Paypal,Completada,G013,Alta,4,2021,cliente3398@yahoo.com
RES05883,2024-02-03,Tulum,Ruinas de Tulum,Grupal,19,4.0,Canada,Español,778.75,16353.75,5.6,4.9,Transferencia,Completada,G004,Baja,2,2024,cliente3840@outlook.com
RES04996,2023-04-19,Cozumel,Snorkel El Cielo,Privado,2,1.0,Polonia,Español,2090.32,5225.8,4.4,3.9,Tarjeta debito,Completada,G007,Alta,4,2023,cliente9893@hotmail.com
RES03159,2023-10-28,Uxmal,Uxmal + Kabah,Grupal,19,8.0,Estados Unidos,Español,998.78,22971.94,8.2,3.6,Tarjeta debito,Completada,G018,Media,10,2023,cliente8768@outlook.com
RES05477,2024-03-26,Akumal,Cenote Yalku,Privado,4,2.0,Mexico,Ingles,1368.49,6842.45,6.3,5.0,Efectivo,Confirmada,G035,Alta,3,2024,cliente5326@outlook.com
RES05522,11-23-2021,Tulum,Ruinas de Tulum,Grupal,9,4.0,Mexico,,889.23,9781.53,2.9,5.0,Tarjeta credito,Confirmada,G032,Media,11,2021,cliente866@yahoo.com
RES05141,2022-11-24,Holbox,Tour Isla Holbox,Privado,1,0.0,Canada,Ingles,1710.37,1710.37,5.7,3.9,Efectivo,Completada,G015,Media,11,2022,cliente499@icloud.com
RES02374,2022-09-19,Merida,Centro Historico Merida,Privado,2,1.0,Estados Unidos,Español,891.78,2229.45,9.3,3.7,Tarjeta credito,Confirmada,G026,Baja,9,2022,cliente1876@yahoo.com
RES02116,2024-02-06,Holbox,Tour Isla Holbox,Privado,4,2.0,Estados Unidos,Frances,1383.97,6919.85,5.1,5.0,Transferencia,Completada,G034,Baja,2,2024,cliente262@outlook.com
RES02989,2023-05-12,Cozumel,Snorkel El Cielo,Privado,2,0.0,Reino Unido,Ingles,1575.89,3151.78,4.4,4.1,Transferencia,Completada,G029,Media,5,2023,cliente6676@gmail.com
RES00654,2024-01-23,Cancun,Snorkel Arrecife,Grupal,7,1.0,Estados Unidos,Ingles,696.16,5221.2,9.6,2.9,Crypto,Confirmada,G007,Baja,1,2024,cliente5416@outlook.com
RES00430,2022-04-17,Chichen Itza,Chichen Itza + Cenote Ik Kil,Grupal,13,0.0,Estados Unidos,Español,1517.54,19728.02,9.6,,Transferencia,Completada,G021,Alta,4,2022,cliente5058@gmail.com
RES03768,2021-10-05,Akumal,Cenote Yalku,Grupal,20,2.0,Colombia,Frances,878.97,18458.37,4.9,4.3,Tarjeta credito,Cancelada,G029,Media,10,2021,us er@gmail.com
RES04648,2022-12-19,Chichen Itza,Chichen Itza + Cenote Ik Kil,Grupal,12,,Italia,Español,1525.92,22125.84,4.3,4.7,Tarjeta credito,Completada,G038,Alta,12,2022,cliente421@gmail.com
RES02551,2021-06-11,Cozumel,Tour Isla Cozumel,Grupal,17,6.0,Canada,Portugues,1118.16,22363.2,9.2,3.8,Efectivo,Completada,,Media,6,2021,@dominio.com
RES05994,2021-11-02,Cozumel,Buceo Arrecife Palancar,Grupal,9,0.0,Brasil,Español,1206.63,10859.67,2.5,5.0,Tarjeta debito,Completada,G009,Media,11,2021,cliente8937@yahoo.com
RES04607,2021-11-12,Chichen Itza,Valladolid + Chichen Itza,Privado,1,0.0,Japon,Frances,1724.25,1724.25,6.4,5.0,,Completada,G022,Media,11,2021,
RES04756,2021-02-24,Merida,Centro Historico Merida,Grupal,9,3.0,Alemania,Español,592.36,6219.78,7.3,4.9,Transferencia,Completada,G029,Baja,2,2021,cliente8842@yahoo.com
RES00839,2022-03-05,Tulum,Cenote Dos Ojos,Privado,1,0.0,Mexico,Ingles,1674.45,1674.45,4.0,5.0,Crypto,Completada,G024,Alta,3,2022,usuario@
RES01088,2022-07-15,Playa del Carmen,Xel-Ha,Grupal,7,3.0,Mexico,Ingles,1001.64,8513.94,4.7,4.1,Tarjeta credito,Completada,G005,Alta,7,2022,cliente376@outlook.com
RES02522,2023-10-15,Bacalar,Laguna de los 7 Colores,Grupal,16,4.0,Suecia,Ingles,986.35,17754.3,9.6,4.7,Crypto,Completada,G025,Media,10,2023,
RES02894,2022-11-08,Bacalar,Fuerte de San Felipe,Grupal,20,9.0,Australia,Ingles,916.21,22447.15,8.7,2.8,Tarjeta credito,Completada,G031,Media,11,2022,cliente7383@hotmail.com
RES01887,2024-01-03,Playa del Carmen,Xel-Ha,Grupal,8,3.0,Italia,Ingles,781.81,7427.19,4.2,5.0,Tarjeta credito,Pendiente,G007,Baja,1,2024,cliente2331@outlook.com
RES01361,2022-09-21,Cancun,Zona Hotelera Tour,Privado,2,,Estados Unidos,Aleman,958.05,2395.12,4.1,4.9,Crypto,Completada,G016,Baja,9,2022,cliente9678@hotmail.com
RES04181,2021-07-18,Bacalar,Laguna de los 7 Colores,Privado,1,0.0,Alemania,Ingles,,1571.62,4.3,4.7,Efectivo,Completada,G039,Alta,7,2021,cliente4105@hotmail.com
RES00857,2022-08-27,Tulum,Ruinas de Tulum,Privado,3,1.0,Alemania,Ingles,1660.42,5811.47,5.7,5.0,Efectivo,Completada,G027,Alta,8,2022,cliente3166@gmail.com
RES01804,2021-09-14,Playa del Carmen,Xel-Ha,Grupal,11,3.0,Mexico,Ingles,707.6,8845.0,7.4,2.9,Paypal,Completada,G012,Baja,9,2021,cliente6175@gmail.com
RES05990,2021-03-30,Playa del Carmen,Xcaret,Grupal,10,2.0,Mexico,Italiano,994.69,10941.59,6.3,3.6,Efectivo,Completada,G028,Alta,3,2021,cliente2926@gmail.com
RES03947,2023-03-13,Uxmal,Ruta Puuc,Grupal,10,1.0,Mexico,Ingles,1314.88,13806.24,10.3,5.0,Paypal,Completada,G002,Alta,3,2023,cliente8321@gmail.com
RES02452,2022-09-04,Akumal,Snorkel Tortugas Akumal,Grupal,15,,Francia,Ingles,725.0,11962.5,8.0,3.8,,Pendiente,G018,Baja,9,2022,cliente797@icloud.com
RES04945,2023-11-27,Tulum,Cenote Gran Cenote,Grupal,10,0.0,Estados Unidos,,966.21,9662.1,7.8,4.7,,Confirmada,G016,Media,11,2023,cliente4083@hotmail.com
RES02125,2022-04-22,Uxmal,Ruta Puuc,Grupal,5,,Mexico,Frances,1187.58,-5937.9,4.7,4.2,Tarjeta credito,Pendiente,G029,Alta,4,2022,cliente5720@icloud.com
RES00694,2021-03-24,Uxmal,Ruta Puuc,Privado,1,0.0,Suiza,Ingles,1672.18,1672.18,7.5,1.7,Crypto,Completada,G038,Alta,3,2021,cliente6874@yahoo.com
RES02679,2023-05-09,Bacalar,Laguna de los 7 Colores,Privado,3,0.0,Mexico,Ingles,1405.65,4216.95,7.1,2.6,Tarjeta credito,Completada,G034,Media,5,2023,cliente4012@icloud.com
RES05642,2023-02-05,Uxmal,Ruta Puuc,Privado,3,0.0,Mexico,Italiano,1369.34,4108.02,4.2,4.8,Paypal,Completada,G025,Baja,2,2023,cliente4095@icloud.com
RES00189,2023-10-20,Uxmal,Uxmal + Kabah,Grupal,20,6.0,Estados Unidos,Español,,21770.88,8.7,4.1,Efectivo,Completada,G026,Media,10,2023,usuario@
RES00288,2022-01-18,Chichen Itza,Valladolid + Chichen Itza,Grupal,17,6.0,Colombia,Español,1053.35,21067.0,5.7,,Efectivo,Completada,G019,Baja,1,2022,cliente5565@hotmail.com
RES03456,2021-10-18,Chichen Itza,Chichen Itza + Cenote Ik Kil,Grupal,17,5.0,Estados Unidos,Español,1142.39,22276.61,3.7,5.0,Tarjeta credito,Completada,G014,Media,10,2021,cliente6621@gmail.com
RES01865,2021-07-31,Chichen Itza,Valladolid + Chichen Itza,Privado,1,0.0,Mexico,Ingles,2008.11,2008.11,9.8,5.0,Tarjeta debito,Completada,G017,Alta,7,2021,cliente5342@hotmail.com
RES02777,2021-03-05,Holbox,Avistamiento Tiburon Ballena,Privado,3,0.0,Reino Unido,Español,1961.72,5885.16,8.9,4.9,Efectivo,Completada,G034,Alta,3,2021,cliente1286@yahoo.com
RES03103,2023-03-04,Holbox,Avistamiento Tiburon Ballena,Grupal,10,5.0,Mexico,Español,1280.2,16002.5,5.5,5.0,Crypto,Completada,G017,Alta,3,2023,cliente8835@yahoo.com
RES03917,2021-06-24,Uxmal,Uxmal + Kabah,Privado,3,1.0,Reino Unido,Español,1441.86,5046.51,3.4,5.0,Efectivo,Cancelada,G034,Media,6,2021,cliente4584@gmail.com
RES02094,2022-06-15,Playa del Carmen,Xcaret,Grupal,19,7.0,Francia,Ingles,912.63,20534.17,9.7,4.9,Efectivo,Completada,G002,Media,6,2022,cliente2233@hotmail.com
RES05139,2021-05-23,Bacalar,Fuerte de San Felipe,Grupal,13,6.0,Francia,Español,901.66,14426.56,10.3,3.6,Tarjeta debito,Completada,G036,Media,5,2021,cliente5830@outlook.com
RES02887,2022-07-13,Uxmal,Uxmal + Kabah,Grupal,13,4.0,Francia,Ingles,1167.72,17515.8,3.5,3.8,Tarjeta credito,Confirmada,G013,Alta,7,2022,cliente411@hotmail.com
RES02169,2022-03-10,Uxmal,Uxmal + Kabah,Privado,1,0.0,Estados Unidos,Español,1758.74,-1758.74,,4.8,Transferencia,Completada,,Alta,3,2022,cliente2522@yahoo.com
RES04484,2023-11-28,Holbox,Punta Mosquito,Grupal,5,2.0,Estados Unidos,Ingles,1128.52,6771.12,3.0,4.9,Efectivo,Completada,G029,Media,11,2023,cliente8386@icloud.com
RES03018,2023-05-13,Cozumel,Snorkel El Cielo,Grupal,7,1.0,Colombia,Ingles,1154.88,8661.6,7.3,5.0,Efectivo,Completada,G001,Media,5,2023,cliente4224@gmail.com
RES00211,2024-02-16,Uxmal,Ruta Puuc,Privado,4,1.0,Estados Unidos,Ingles,1190.79,5358.56,10.2,5.0,Crypto,Completada,G023,Baja,2,2024,cliente2347@icloud.com
RES02781,2022-02-24,Playa del Carmen,Quinta Avenida + Cozumel,Grupal,16,0.0,Estados Unidos,Italiano,718.64,11498.24,200.0,5.0,Efectivo,Completada,G024,Baja,2,2022,cliente9326@hotmail.com
RES03906,2021-02-13,Holbox,Tour Isla Holbox,Grupal,4,0.0,Brasil,Ingles,954.02,3816.08,8.4,3.8,Tarjeta credito,Completada,G009,Baja,2,2021,cliente1942@yahoo.com
RES04627,2021-03-08,Merida,Izamal + Merida,Privado,2,1.0,Estados Unidos,Portugues,1256.58,3141.45,8.3,3.9,Tarjeta credito,Completada,G012,Alta,3,2021,cliente1952@outlook.com
RES01351,2022-06-22,Tulum,Cenote Dos Ojos,Grupal,18,7.0,Estados Unidos,Español,879.16,18901.94,9.9,4.8,Tarjeta credito,Completada,G034,Media,6,2022,cliente3548@icloud.com
RES00074,2021-01-06,Bacalar,Fuerte de San Felipe,Grupal,4,2.0,Estados Unidos,Español,808.48,4042.4,8.4,3.3,Tarjeta credito,Completada,G013,Baja,1,2021,cliente2823@icloud.com
RES02544,2022-03-09,Tulum,Cenote Dos Ojos,Privado,4,1.0,Mexico,Español,1759.9,7919.55,5.4,4.7,Paypal,Completada,G024,Alta,3,2022,cliente600@icloud.com
RES02707,2021-08-31,Cancun,Isla Mujeres,Grupal,6,1.0,Mexico,,832.28,5409.82,6.1,4.4,Crypto,Completada,G033,Alta,8,2021,cliente3283@outlook.com
RES04871,2023-01-10,Uxmal,Uxmal + Kabah,Grupal,14,2.0,Argentina,Portugues,,12778.35,9.1,4.8,Tarjeta debito,Completada,G037,Baja,1,2023,cliente392@yahoo.com
RES02648,2023-10-27,Akumal,Snorkel Tortugas Akumal,Privado,3,0.0,Estados Unidos,Español,1167.71,3503.13,,2.4,Tarjeta credito,Completada,G036,Media,10,2023,cliente1413@outlook.com
RES03826,2022-03-05,Cancun,Zona Hotelera Tour,Grupal,8,1.0,Mexico,Español,853.24,7252.54,3.2,4.8,Efectivo,Completada,G025,Alta,3,2022,us er@gmail.com
RES04562,2021-12-13,Tulum,Cenote Dos Ojos,Privado,3,1.0,Mexico,Ingles,1657.77,5802.19,7.1,4.8,,Completada,G014,Alta,12,2021,cliente3268@outlook.com
RES05870,2023-07-28,Uxmal,Uxmal + Kabah,Grupal,17,6.0,Japon,Ingles,,200000.0,8.4,5.0,Tarjeta credito,Completada,G035,Alta,7,2023,cliente7162@outlook.com
RES05629,2022-01-11,Uxmal,Uxmal + Kabah,Privado,2,1.0,Suecia,Español,1213.68,3034.2,8.5,3.9,Efectivo,Completada,G001,Baja,1,2022,cliente8482@hotmail.com
RES02234,2022-08-10,Playa del Carmen,Xcaret,Privado,2,0.0,Estados Unidos,Ingles,1655.77,3311.54,,5.0,Tarjeta credito,Completada,G007,Alta,8,2022,cliente7653@yahoo.com
RES01232,2021-07-21,Holbox,Avistamiento Tiburon Ballena,Privado,3,1.0,Mexico,Español,1951.64,6830.74,8.8,5.0,Transferencia,Confirmada,G007,Alta,7,2021,
RES05098,2023-06-28,Bacalar,Laguna de los 7 Colores,Privado,1,0.0,Estados Unidos,Italiano,1360.54,1360.54,3.9,4.1,TARJETA CREDITO,Cancelada,G030,Media,6,2023,cliente8747@hotmail.com
RES01478,2023-01-31,Holbox,Punta Mosquito,Grupal,17,4.0,Belgica,Español,960.86,18256.34,9.9,5.0,Paypal,Completada,G031,Baja,1,2023,cliente1994@hotmail.com
RES05906,2021-07-11,Playa del Carmen,Xcaret,Grupal,17,5.0,Reino Unido,Frances,1085.22,21161.79,7.9,4.8,,Completada,G011,Alta,7,2021,cliente8964@yahoo.com
RES03612,2023-03-06,Playa del Carmen,Quinta Avenida + Cozumel,Grupal,20,1.0,Japon,Español,980.27,20095.53,9.4,5.0,Tarjeta credito,Completada,G014,Alta,3,2023,cliente4075@hotmail.com
RES00114,2022-11-24,Bacalar,Laguna de los 7 Colores,Grupal,18,4.0,Argentina,Español,99999.0,18035.4,8.8,1.9,Transferencia,Completada,G022,Media,11,2022,cliente4491@icloud.com
RES05247,2022-12-02,Merida,Haciendas del Mayab,Grupal,12,4.0,Francia,Ingles,841.98,11787.72,6.3,4.1,Tarjeta debito,Completada,G031,Alta,12,2022,cliente6550@outlook.com
RES04561,2022-04-18,Akumal,Cenote Yalku,Privado,1,0.0,Mexico,Aleman,1330.73,1330.73,10.2,2.9,Transferencia,Completada,G012,Alta,4,2022,
RES01919,2021-07-04,Cancun,Isla Mujeres,Grupal,11,2.0,Colombia,Ingles,899.5,10794.0,7.0,,Tarjeta credito,Completada,G019,Alta,7,2021,cliente8092@icloud.com
RES05428,2023-08-16,Akumal,Cenote Yalku,Grupal,15,3.0,Suecia,Portugues,895.09,14768.99,8.6,4.1,Tarjeta credito,Completada,G006,Alta,8,2023,@dominio.com
RES03615,2022-06-10,Cozumel,Buceo Arrecife Palancar,Grupal,10,1.0,Francia,Ingles,1172.15,12307.58,2.6,3.8,Efectivo,Completada,G026,Media,6,2022,cliente9080@icloud.com
RES02986,2022-05-05,Bacalar,Laguna de los 7 Colores,Grupal,15,3.0,Alemania,Español,957.52,15799.08,6.9,,Paypal,Completada,G025,Media,5,2022,cliente2647@outlook.com
RES01783,2022-10-26,Cozumel,Snorkel El Cielo,Grupal,18,2.0,Estados Unidos,Italiano,1174.57,22316.83,4.9,5.0,Efectivo,Completada,G028,Media,10,2022,cliente4759@hotmail.com
RES01882,2023-04-08,Holbox,Avistamiento Tiburon Ballena,Privado,1,0.0,Italia,Ingles,1880.78,1880.78,8.2,4.0,Efectivo,Confirmada,G022,Alta,4,2023,cliente5121@gmail.com
RES04293,2022-08-23,Bacalar,Fuerte de San Felipe,Privado,2,0.0,Mexico,Ingles,1696.61,3393.22,5.8,5.0,Tarjeta debito,Confirmada,G031,Alta,8,2022,cliente2791@outlook.com
RES01745,2022-03-12,Uxmal,Ruta Puuc,Grupal,12,2.0,Mexico,Ingles,1270.73,16519.49,4.1,5.0,Efectivo,Completada,,Alta,3,2022,usuario.dominio.com
RES01868,2021-10-07,Chichen Itza,Chichen Itza + Cenote Ik Kil,Grupal,20,8.0,Canada,Español,1193.9,28653.6,8.6,1.6,Tarjeta credito,Completada,G033,Media,10,2021,cliente3059@outlook.com
RES04366,2023-03-07,Akumal,Cenote Yalku,Privado,4,1.0,Brasil,Español,1508.78,6789.51,6.6,3.2,Tarjeta credito,Completada,G017,Alta,3,2023,cliente7780@hotmail.com
RES02465,2024-02-05,Merida,Haciendas del Mayab,Grupal,19,3.0,Estados Unidos,Español,577.32,11835.06,9.9,2.8,Tarjeta credito,Completada,G008,Baja,2,2024,cliente838@icloud.com
RES04523,2023-10-24,Cozumel,Snorkel El Cielo,Privado,3,0.0,Francia,Español,1649.01,4947.03,5.9,3.2,EFECTIVO,Confirmada,G032,Media,10,2023,cliente7386@icloud.com
RES03581,2022-03-05,Cozumel,Buceo Arrecife Palancar,Grupal,8,0.0,Mexico,Español,1272.47,10179.76,3.5,5.0,Efectivo,Completada,G021,Alta,3,2022,cliente5851@icloud.com
RES00253,2023-04-01,Akumal,Cenote Yalku,Grupal,14,6.0,Mexico,Español,961.3,16342.1,5.3,3.7,Transferencia,Completada,G035,Alta,4,2023,cliente660@hotmail.com
RES00351,2022-05-08,Bacalar,Fuerte de San Felipe,Privado,3,1.0,Estados Unidos,Frances,1384.59,4846.06,4.3,4.9,Efectivo,Cancelada,G020,Media,5,2022,cliente1398@outlook.com
RES02795,2022-08-27,Akumal,Cenote Yalku,Privado,1,0.0,Canada,Ingles,1417.44,1417.44,7.3,4.0,Tarjeta credito,Cancelada,G020,Alta,8,2022,cliente8153@outlook.com
RES03948,2023-05-23,Bacalar,Fuerte de San Felipe,Grupal,12,6.0,Mexico,Español,951.4,14271.0,7.0,4.4,efectivo,Cancelada,G025,Media,5,2023,cliente8720@icloud.com
RES00458,2023-04-14,Holbox,Tour Isla Holbox,Grupal,4,0.0,Alemania,Español,1181.17,4724.68,8.5,4.3,Efectivo,Completada,G003,Alta,4,2023,cliente9692@icloud.com
RES04057,2022-07-03,Akumal,Snorkel Tortugas Akumal,Grupal,6,0.0,Francia,Ingles,963.17,5779.02,9.6,5.0,Tarjeta debito,Confirmada,G040,Alta,7,2022,
RES00480,2022-08-09,Chichen Itza,Chichen Itza + Cenote Ik Kil,Privado,4,1.0,Estados Unidos,Español,2299.76,10348.92,6.2,4.9,Crypto,Completada,G038,Alta,8,2022,cliente7813@yahoo.com
RES01115,2023-06-27,Holbox,Avistamiento Tiburon Ballena,Privado,1,0.0,Mexico,Ingles,1650.4,1650.4,7.6,5.0,Efectivo,Confirmada,G007,Media,6,2023,cliente1557@yahoo.com
RES00799,2023-11-17,Playa del Carmen,Xcaret,Grupal,12,2.0,Italia,Ingles,788.66,10252.58,6.4,,Tarjeta debito,Pendiente,G040,Media,11,2023,cliente2918@gmail.com
RES04248,2022-01-29,Cancun,Zona Hotelera Tour,Privado,-1,0.0,Argentina,Español,948.73,948.73,,4.7,Tarjeta credito,Completada,G026,Baja,1,2022,cliente1186@gmail.com
RES04610,2023-07-05,Tulum,Sian Ka'an,Grupal,6,0.0,Estados Unidos,Español,1171.52,7029.12,8.4,1.0,Tarjeta debito,Completada,G034,Alta,7,2023,cliente3078@hotmail.com
RES05794,2022-07-25,Akumal,Cenote Yalku,Grupal,20,5.0,Italia,Ingles,962.72,21661.2,7.0,4.9,,Completada,G020,Alta,7,2022,cliente3763@yahoo.com
RES00027,2023-07-12,Playa del Carmen,Quinta Avenida + Cozumel,privado,3,0.0,Francia,Ingles,1629.81,4889.43,9.2,4.8,Transferencia,Completada,G027,Alta,7,2023,cliente339@gmail.com
RES03115,2024-02-25,Uxmal,Ruta Puuc,Privado,4,1.0,Argentina,Español,1306.43,5878.94,100.0,2.9,Tarjeta debito,Pendiente,G028,Baja,2,2024,usuario.dominio.com
RES01581,2022-05-23,Merida,Izamal + Merida,Grupal,5,0.0,Francia,Español,688.79,3443.95,2.6,2.6,Efectivo,Cancelada,G028,Media,5,2022,cliente5250@yahoo.com
RES03314,2022-03-24,Akumal,Snorkel Tortugas Akumal,Grupal,14,4.0,Brasil,Aleman,,14819.2,4.2,4.8,Crypto,Confirmada,G018,Alta,3,2022,cliente7112@outlook.com
RES01787,2024-03-07,Tulum,Cenote Gran Cenote,Grupal,8,1.0,Suecia,Ingles,1119.84,9518.64,10.1,2.7,Tarjeta credito,Completada,,Alta,3,2024,cliente6272@yahoo.com
RES01288,2023-07-06,Bacalar,Fuerte de San Felipe,Privado,1,0.0,Brasil,Ingles,1504.55,1504.55,2.7,3.2,Efectivo,Completada,,Alta,7,2023,cliente8979@yahoo.com
RES01282,2021-01-27,Chichen Itza,Chichen Itza + Cenote Ik Kil,Privado,1,0.0,Mexico,Aleman,1675.43,1675.43,6.6,3.7,Transferencia,Completada,G011,Baja,1,2021,cliente7970@outlook.com
RES03099,2022-02-01,Akumal,Cenote Yalku,Grupal,20,0.0,Mexico,Ingles,662.78,13255.6,3.3,3.8,Tarjeta credito,Cancelada,G013,Baja,2,2022,cliente4825@yahoo.com
RES02655,2022-09-24,Chichen Itza,Valladolid + Chichen Itza,Privado,3,1.0,Mexico,Ingles,1584.64,5546.24,6.7,4.2,Tarjeta credito,Completada,G037,Baja,9,2022,cliente3283@hotmail.com
RES04723,2022-02-24,Cozumel,Tour Isla Cozumel,Grupal,16,8.0,Estados Unidos,Español,1026.1,20522.0,9.2,2.1,Tarjeta credito,Cancelada,G013,Baja,2,2022,cliente6919@outlook.com
RES04378,2021-11-27,Merida,Haciendas del Mayab,Privado,4,2.0,Alemania,Español,25000.0,5707.65,8.9,2.7,Transferencia,Completada,G037,Media,11,2021,cliente1798@gmail.com
RES03633,2022-01-20,Cancun,Laguna Nichupte,Privado,2,1.0,Estados Unidos,Ingles,1025.33,2563.32,2.9,,Tarjeta credito,Confirmada,G006,Baja,1,2022,cliente1244@icloud.com
RES05184,2022-12-24,Tulum,Ruinas de Tulum,Grupal,12,2.0,Francia,,1100.71,14309.23,8.4,4.3,Tarjeta credito,Completada,G010,Alta,12,2022,cliente8244@outlook.com
RES04746,2022-11-02,Cancun,Isla Mujeres,Privado,3,1.0,Australia,Ingles,1071.48,3750.18,8.5,4.9,Tarjeta credito,Cancelada,G002,Media,11,2022,cliente885@yahoo.com
RES04889,2022-12-29,Akumal,Cenote Yalku,Grupal,9,4.0,Canada,Italiano,1051.52,11566.72,9.8,5.0,Efectivo,Completada,G034,Alta,12,2022,
RES02543,2024-03-19,Tulum,Sian Ka'an,Grupal,16,6.0,Mexico,Ingles,1165.92,22152.48,3.9,4.8,Tarjeta credito,Completada,G031,Alta,3,2024,
RES04782,2022-06-14,Chichen Itza,Valladolid + Chichen Itza,Privado,2,0.0,Francia,Español,1762.57,3525.14,4.9,5.0,Tarjeta debito,Completada,G034,Media,6,2022,cliente6815@icloud.com
RES05341,2021-06-22,Holbox,Punta Mosquito,Grupal,7,2.0,Mexico,Aleman,1081.48,8651.84,8.6,5.0,Tarjeta debito,Completada,G034,Media,6,2021,cliente6726@yahoo.com
RES00608,2022-03-11,Holbox,Tour Isla Holbox,Privado,1,0.0,Japon,Ingles,1915.35,1915.35,3.7,5.0,Transferencia,Completada,G004,Alta,3,2022,cliente7958@yahoo.com
RES02164,2021-11-19,Cancun,Zona Hotelera Tour,Grupal,4,1.0,Mexico,Ingles,816.7,3675.15,8.2,4.7,Paypal,Completada,G020,Media,11,2021,cliente7530@gmail.com
RES04595,2023-01-02,Holbox,Punta Mosquito,Grupal,20,9.0,Francia,Italiano,851.6,20864.2,4.1,,Tarjeta credito,Pendiente,G039,Baja,1,2023,cliente8574@gmail.com
RES04681,2022-01-03,Akumal,Snorkel Tortugas Akumal,Privado,2,1.0,Estados Unidos,Español,999.35,2498.38,3.1,1.9,Tarjeta debito,Completada,G023,Baja,1,2022,cliente9182@gmail.com
RES05900,2023-05-31,Chichen Itza,Valladolid + Chichen Itza,Privado,1,0.0,Japon,Español,1749.86,1749.86,4.0,5.0,Tarjeta credito,Completada,G010,Media,5,2023,usuario.dominio.com
RES05927,2024-03-24,Playa del Carmen,Xel-Ha,Grupal,14,0.0,Brasil,Español,1103.45,15448.3,8.0,4.0,Tarjeta credito,Completada,G036,Alta,3,2024,cliente3539@gmail.com
RES04882,2022-05-19,Tulum,Sian Ka'an,Grupal,16,4.0,Canada,Frances,998.97,17981.46,6.0,4.9,Tarjeta debito,Confirmada,G034,Media,5,2022,cliente4050@outlook.com
RES05934,2024-02-04,Chichen Itza,Chichen Itza + Cenote Ik Kil,Grupal,16,1.0,Mexico,Ingles,951.78,15704.37,,4.1,Tarjeta debito,Completada,G009,Baja,2,2024,cliente9868@yahoo.com
RES04951,2021-01-17,Chichen Itza,Chichen Itza + Cenote Ik Kil,Privad0,2,0.0,Estados Unidos,Español,1443.14,2886.28,7.1,4.8,Paypal,Completada,G032,Baja,1,2021,cliente224@icloud.com
RES00204,2021-03-31,Uxmal,Ruta Puuc,Grupal,6,3.0,Estados Unidos,Español,1256.69,9425.18,10.0,4.7,Tarjeta credito,Pendiente,G016,Alta,3,2021,cliente997@yahoo.com
RES00340,2021-09-23,Cozumel,Tour Isla Cozumel,Grupal,7,0.0,Mexico,Aleman,892.94,6250.58,9.3,4.3,Tarjeta credito,Cancelada,G007,Baja,9,2021,cliente386@yahoo.com
RES04190,2024-02-18,Holbox,Punta Mosquito,Privado,3,0.0,Estados Unidos,Ingles,1463.23,4389.69,7.7,5.0,Efectivo,Pendiente,G040,Baja,2,2024,cliente8143@hotmail.com
RES00838,2022-12-22,Akumal,Cenote Yalku,Grupal,14,0.0,Reino Unido,Frances,1040.5,-14567.0,5.0,5.0,Efectivo,Completada,,Alta,12,2022,cliente4150@outlook.com
RES04386,2023-11-18,Akumal,Cenote Yalku,Privado,2,1.0,Estados Unidos,Italiano,1160.19,2900.48,9.3,5.0,Tarjeta debito,Completada,,Media,11,2023,cliente7868@yahoo.com
RES00388,2021-10-12,Tulum,Ruinas de Tulum,Grupal,4,1.0,Francia,Frances,882.38,3970.71,9.5,5.0,Tarjeta debito,Completada,G029,Media,10,2021,cliente638@icloud.com
RES01421,2023-08-03,Chichen Itza,Chichen Itza + Cenote Ik Kil,Privado,4,2.0,Japon,Italiano,2210.04,11050.2,9.9,4.6,Transferencia,Completada,G030,Alta,8,2023,cliente620@outlook.com
RES04576,2023-04-06,Chichen Itza,Valladolid + Chichen Itza,Grupal,6,3.0,Estados Unidos,Ingles,1568.42,11763.15,5.5,5.0,Efectivo,Completada,G029,Alta,4,2023,cliente8846@gmail.com
RES02612,2021-05-08,Holbox,Tour Isla Holbox,Privado,1,0.0,Mexico,Español,,1653.22,10.1,5.0,Paypal,Cancelada,G021,Media,5,2021,cliente8846@hotmail.com
RES05019,2022-08-26,Uxmal,Uxmal + Kabah,Privado,1,0.0,Francia,Frances,1805.84,1805.84,6.2,5.0,Tarjeta debito,Completada,G022,Alta,8,2022,cliente9266@hotmail.com
RES05772,2023-08-12,Playa del Carmen,Xel-Ha,Privado,2,1.0,Mexico,Ingles,1648.78,4121.95,10.1,,Efectivo,Completada,G012,Alta,8,2023,cliente6138@outlook.com
RES03472,2024-02-09,Holbox,Avistamiento Tiburon Ballena,Grupal,18,3.0,Japon,Ingles,852.37,16621.22,4.1,,Transferencia,Confirmada,G035,Baja,2,2024,cliente3957@outlook.com
RES03027,2022-02-22,Holbox,Tour Isla Holbox,Privado,2,0.0,Mexico,Aleman,1332.07,2664.14,5.6,5.0,,Completada,G006,Baja,2,2022,cliente1579@icloud.com
RES01500,2023-01-09,Tulum,Cenote Gran Cenote,Grupal,11,,Argentina,Frances,776.55,8930.32,6.1,5.0,Tarjeta credito,Completada,G005,Baja,1,2023,us er@gmail.com
RES02865,2022-02-20,Merida,Centro Historico Merida,Grupal,14,5.0,Mexico,Español,650.2,10728.3,3.6,5.0,Tarjeta debito,Completada,G039,Baja,2,2022,cliente3685@yahoo.com
RES04193,2023-09-27,Tulum,Sian Ka'an,Privado,4,2.0,Francia,Ingles,1175.58,5877.9,4.2,5.0,Efectivo,Completada,G013,Baja,9,2023,cliente8371@yahoo.com
RES03185,2021-11-23,Bacalar,Kayak Canales,Grupal,5,2.0,Alemania,Español,,5493.66,7.9,4.7,Efectivo,Confirmada,G033,Media,11,2021,cliente6191@hotmail.com
RES03548,2021-10-27,Playa del Carmen,Quinta Avenida + Cozumel,Grupal,6,3.0,Brasil,Ingles,934.78,7010.85,7.5,5.0,Efectivo,Pendiente,G022,Media,10,2021,cliente8934@icloud.com
RES00678,2023-01-07,Uxmal,Ruta Puuc,Privado,2,0.0,Holanda,Ingles,1213.4,2426.8,8.8,4.9,Transferencia,Completada,G021,Baja,1,2023,cliente2280@gmail.com
RES01587,2021-04-03,Cancun,Zona Hotelera Tour,Privado,1,0.0,Mexico,Español,1461.63,1461.63,5.9,4.0,Crypto,Completada,,Alta,4,2021,cliente7612@hotmail.com
RES03411,2023-06-14,Akumal,Snorkel Tortugas Akumal,Grupal,13,4.0,Canada,Español,819.33,12289.95,,4.2,Tarjeta credito,Pendiente,G033,Media,6,2023,cliente7059@gmail.com
RES01536,2023-04-24,Uxmal,Ruta Puuc,Privado,1,0.0,Mexico,Aleman,1900.44,1900.44,3.0,4.7,Transferencia,Completada,G023,Alta,4,2023,usuario@
RES00062,2022-08-25,Merida,Haciendas del Mayab,Privado,4,0.0,Estados Unidos,Español,1382.19,5528.76,9.1,4.9,,Confirmada,G007,Alta,8,2022,cliente9812@icloud.com
RES01514,2022-05-26,Uxmal,Uxmal + Kabah,Grupal,13,,,Español,975.9,13662.6,5.0,3.3,Crypto,Confirmada,G028,Media,5,2022,cliente4855@gmail.com
RES01756,2021-03-08,Merida,Centro Historico Merida,Grupal,20,10.0,Brasil,Español,892.34,22308.5,9.3,4.7,Tarjeta credito,Completada,G001,Alta,3,2021,cliente1230@yahoo.com
RES04164,2021-04-14,Cozumel,Tour Isla Cozumel,Grupal,5,2.0,Mexico,Español,1325.1,7950.6,3.2,3.6,Paypal,Completada,G027,Alta,4,2021,cliente7908@hotmail.com
RES03459,2021-06-21,Chichen Itza,Valladolid + Chichen Itza,Privado,1,0.0,Belgica,Italiano,1876.03,1876.03,3.3,5.0,Tarjeta debito,Completada,G036,Media,6,2021,cliente1086@hotmail.com
RES04942,2021-10-02,Cancun,Snorkel Arrecife,Privado,3,1.0,Estados Unidos,Aleman,1186.87,4154.05,,,Transferencia,Confirmada,G011,Media,10,2021,cliente4040@gmail.com
RES00791,2024-01-22,Chichen Itza,Valladolid + Chichen Itza,Grupal,5,1.0,Canada,Aleman,1068.55,5877.02,7.9,5.0,Paypal,Completada,G038,Baja,1,2024,cliente7841@icloud.com
RES03056,2021-01-13,Cancun,Snorkel Arrecife,Grupal,17,3.0,,Ingles,652.76,12076.06,7.5,5.0,Transferencia,Completada,G008,Baja,1,2021,cliente7113@icloud.com
RES04225,2024-02-18,Chichen Itza,Chichen Itza + Cenote Ik Kil,Grupal,6,0.0,Estados Unidos,Ingles,1102.28,6613.68,4.4,5.0,Efctivo,Completada,G006,Baja,2,2024,cliente6665@hotmail.com
RES05469,2022-03-17,Chichen Itza,Chichen Itza + Cenote Ik Kil,Grupal,11,3.0,Mexico,Ingles,1582.53,19781.62,3.4,4.1,Tarjeta credito,Confirmada,,Alta,3,2022,cliente587@gmail.com
RES04843,2021-12-05,Bacalar,Fuerte de San Felipe,Grupal,15,4.0,Mexico,Español,1081.01,18377.17,6.5,4.4,Paypal,Completada,G040,Alta,12,2021,cliente1659@gmail.com
RES05339,2023-09-15,Bacalar,Laguna de los 7 Colores,Privado,1,0.0,Mexico,,1142.47,1142.47,9.1,5.0,Efectivo,Completada,G029,Baja,9,2023,cliente1534@hotmail.com
RES04459,2023-03-13,Cozumel,Tour Isla Cozumel,Grupal,16,8.0,Estados Unidos,Español,1234.92,24698.4,7.4,4.6,Efectivo,Confirmada,G021,Alta,3,2023,cliente6008@gmail.com
RES03197,2022-11-01,Cancun,Isla Mujeres,Privado,2,0.0,Estados Unidos,Portugues,1107.79,2215.58,8.3,3.9,,Completada,G002,Media,11,2022,cliente3999@outlook.com
RES05524,2022-08-17,Holbox,Avistamiento Tiburon Ballena,Grupal,4,1.0,Mexico,Ingles,1284.27,5779.22,3.9,,Transferencia,Completada,G040,Alta,8,2022,cliente3720@gmail.com
RES04846,2021-06-19,Chichen Itza,Valladolid + Chichen Itza,Grupal,13,3.0,Reino Unido,Español,1314.71,19063.3,2.5,4.7,Tarjeta debito,Completada,G018,Media,6,2021,
RES04097,2022-11-28,Holbox,Tour Isla Holbox,Privado,1,0.0,Estados Unidos,Español,1537.7,1537.7,10.3,5.0,Efectivo,Completada,G003,Media,11,2022,cliente4473@gmail.com
RES04055,2023-02-20,Merida,Haciendas del Mayab,Grupal,14,0.0,Belgica,Ingles,,7804.86,4.2,5.0,Efectivo,Completada,G017,Baja,2,2023,cliente2267@gmail.com
RES03755,2021-01-09,Chichen Itza,Chichen Itza + Cenote Ik Kil,Grupal,18,4.0,,Frances,1083.88,21677.6,5.8,4.0,Tarjeta credito,Completada,G032,Baja,1,2021,cliente6849@gmail.com
RES00734,2024-02-14,Playa del Carmen,Xcaret,Grupal,10,3.0,Mexico,Español,708.12,8143.38,4.9,5.0,Tarjeta debito,Completada,G036,Baja,2,2024,cliente1772@yahoo.com
RES05633,2023-08-08,Chichen Itza,Valladolid + Chichen Itza,Grupal,8,4.0,Mexico,Aleman,1374.4,13744.0,6.1,5.0,Tarjeta credito,Completada,,Alta,8,2023,cliente5731@yahoo.com
RES04578,2022-09-03,Merida,Centro Historico Merida,Grupal,11,5.0,,Ingles,648.13,8749.75,5.2,2.9,Tarjeta credito,Completada,G010,Baja,9,2022,cliente7604@outlook.com
RES03845,2021-02-22,Holbox,Punta Mosquito,Privado,4,0.0,Mexico,Ingles,1398.24,5592.96,6.3,4.3,Efectivo,Completada,G029,Baja,2,2021,cliente7732@yahoo.com
RES05119,2023-10-16,Merida,Izamal + Merida,Grupal,18,2.0,Italia,Ingles,756.35,14370.65,4.0,4.9,Efectivo,Completada,G030,Media,10,2023,cliente2446@yahoo.com
RES05363,2023-06-08,Merida,Centro Historico Merida,Grupal,6,3.0,Mexico,Español,,5199.3,7.7,4.8,Transferencia,Completada,G007,Media,6,2023,cliente6972@hotmail.com
RES05616,2021-10-18,Chichen Itza,Valladolid + Chichen Itza,Privado,1,0.0,Mexico,Español,1772.3,1772.3,5.1,,Tarjeta credito,Completada,G001,Media,10,2021,cliente4441@hotmail.com
RES00528,2023-05-28,Cancun,Snorkel Arrecife,Grupal,14,7.0,Argentina,Español,789.97,13824.48,7.4,5.0,Paypal,Completada,G020,Media,5,2023,cliente273@icloud.com
RES04418,2023-12-24,Tulum,Cenote Dos Ojos,Privado,-3,1.0,Mexico,Aleman,1630.79,5707.76,7.2,5.0,Transferencia,Completada,,Alta,12,2023,cliente5596@outlook.com
RES02601,2022-05-29,Uxmal,Uxmal + Kabah,Grupal,15,7.0,Reino Unido,Ingles,1064.09,19685.66,10.0,3.6,Tarjeta debito,Completada,G027,Media,5,2022,cliente7936@gmail.com
RES03102,2021-08-05,Bacalar,Laguna de los 7 Colores,Gruupal,9,2.0,Brasil,Italiano,1070.72,10707.2,7.0,5.0,Tarjeta credito,Completada,G034,Alta,8,2021,cliente8129@yahoo.com
RES02875,2022-08-07,Akumal,Snorkel Tortugas Akumal,Privado,4,1.0,Mexico,Ingles,1359.1,6115.95,3.8,4.3,Tarjeta credito,Cancelada,G002,Alta,8,2022,cliente9757@hotmail.com
RES02969,2023-05-05,Cozumel,Tour Isla Cozumel,Grupal,6,3.0,Japon,Español,1168.88,8766.6,3.0,4.0,,Cancelada,G026,Media,5,2023,cliente3120@yahoo.com
RES04105,2024-02-09,Chichen Itza,Chichen Itza + Cenote Ik Kil,Privado,2,1.0,Reino Unido,Ingles,1603.57,4008.92,3.3,4.2,Efectivo,Confirmada,G023,Baja,2,2024,cliente360@yahoo.com
RES00804,2023-11-27,Bacalar,Laguna de los 7 Colores,Privado,1,0.0,Francia,Ingles,1347.96,1347.96,6.7,2.2,Efectivo,Completada,G017,Media,11,2023,cliente2405@icloud.com
RES00858,2023-06-28,Uxmal,Uxmal + Kabah,Grupal,10,0.0,Mexico,Español,1048.2,10482.0,8.5,4.8,Efectivo,Cancelada,G012,Media,6,2023,cliente8371@gmail.com
RES04698,2021-04-12,Holbox,Avistamiento Tiburon Ballena,Grupal,9,0.0,Mexico,Español,1199.55,10795.95,10.0,,Efectivo,Confirmada,G032,Alta,4,2021,cliente943@hotmail.com
RES04952,2022-10-02,Tulum,Ruinas de Tulum,Grupal,12,5.0,Brasil,Español,890.37,12910.36,4.5,4.7,Efectivo,Completada,G019,Media,10,2022,cliente8272@icloud.com
RES03322,2021-08-27,Cozumel,Tour Isla Cozumel,Grupal,14,2.0,Mexico,,1402.91,21043.65,9.7,3.7,Efectivo,Completada,G029,Alta,8,2021,cliente5022@hotmail.com
RES03952,2023-03-05,Akumal,Snorkel Tortugas Akumal,Privado,4,2.0,Belgica,Español,1565.17,7825.85,9.5,,Tarjeta debito,Completada,G033,Alta,3,2023,cliente6978@gmail.com
RES04708,2022-12-01,Merida,Haciendas del Mayab,Privado,2,1.0,Reino Unido,Portugues,1290.73,3226.82,7.6,4.0,Efectivo,Confirmada,G038,Alta,12,2022,cliente8526@hotmail.com
RES04883,2022-10-29,Bacalar,Fuerte de San Felipe,Privado,2,0.0,Mexico,Español,1454.33,2908.66,6.8,5.0,Transferencia,Completada,G025,Media,10,2022,cliente821@outlook.com
RES00220,2021-04-29,Uxmal,Ruta Puuc,Privado,4,0.0,,Ingles,1691.73,6766.92,6.5,4.6,Tarjeta credito,Completada,G003,Alta,4,2021,
RES05036,2023-09-05,Bacalar,Fuerte de San Felipe,Grupal,16,4.0,Mexico,Ingles,803.99,14471.82,6.6,3.1,Tarjeta debito,Completada,G015,Baja,9,2023,cliente1661@yahoo.com
RES01289,2021-11-05,Akumal,Cenote Yalku,Grupal,8,1.0,Estados Unidos,Aleman,771.93,-6561.4,5.5,5.0,Efectivo,Completada,G025,Media,11,2021,cliente8215@gmail.com
RES01116,2022-12-23,Holbox,Punta Mosquito,Grupal,7,,Estados Unidos,Español,1204.75,10240.38,9.9,5.0,Transferencia,Confirmada,G018,Alta,12,2022,cliente6151@hotmail.com
RES00583,2022-03-15,Bacalar,Fuerte de San Felipe,Grupal,12,6.0,Colombia,Español,,-17566.95,2.8,1.9,Tarjeta credito,Cancelada,G009,Alta,3,2022,cliente7975@icloud.com
RES05068,2023-02-21,Bacalar,Fuerte de San Felipe,Grupal,19,2.0,Alemania,Español,775.11,15502.2,7.1,5.0,,Cancelada,,Baja,2,2023,cliente2668@yahoo.com
RES00044,2022-03-18,Holbox,Tour Isla Holbox,Grupal,8,3.0,Mexico,Ingles,1215.33,11545.63,2.8,3.1,Tarjeta debito,Completada,G027,Alta,3,2022,cliente717@icloud.com
RES05380,2022-12-12,Holbox,Punta Mosquito,Privado,2,1.0,Alemania,Portugues,1802.3,4505.75,3.2,4.7,Transferencia,Pendiente,G027,Alta,12,2022,cliente4368@yahoo.com
RES02210,2023-03-17,Chichen Itza,Valladolid + Chichen Itza,Privado,2,0.0,Estados Unidos,Español,1998.78,3997.56,4.9,4.7,Tarjeta credito,Completada,G037,Alta,3,2023,cliente5532@gmail.com
RES03794,2021-10-23,Cozumel,Tour Isla Cozumel,Grupal,13,0.0,Mexico,Español,1109.82,14427.66,4.7,4.7,Tarjeta credito,Completada,,Media,10,2021,cliente4434@yahoo.com
RES04828,2023-02-13,Cancun,Laguna Nichupte,Grupal,13,3.0,Mexico,Español,625.74,9073.23,8.6,4.2,Paypal,Completada,G029,Baja,2,2023,cliente9179@outlook.com
RES01666,2021-04-15,Bacalar,Kayak Canales,Grupal,14,7.0,Mexico,Ingles,1121.24,19621.7,8.7,4.3,Efectivo,Confirmada,G032,Alta,4,2021,cliente4149@icloud.com
RES03879,2024-01-07,Holbox,Punta Mosquito,Grupal,18,3.0,Estados Unidos,Ingles,843.16,16441.62,3.6,5.0,Efectivo,Cancelada,G032,Baja,1,2024,cliente5128@icloud.com
RES02158,2024-01-23,Akumal,Snorkel Tortugas Akumal,Grupal,16,2.0,Reino Unido,Español,687.33,11684.61,4.6,5.0,,Completada,G021,Baja,1,2024,cliente5777@yahoo.com
RES01667,2022-11-28,Cancun,Laguna Nichupte,Privado,2,0.0,Estados Unidos,Español,1115.51,2231.02,9.9,4.7,Tarjeta debito,Cancelada,G028,Media,11,2022,cliente194@yahoo.com
RES05281,2024-01-13,Cozumel,Buceo Arrecife Palancar,Grupal,9,4.0,Argentina,Español,928.76,10216.36,3.1,4.1,Crypto,Completada,G009,Baja,1,2024,cliente5247@icloud.com
RES01225,2022-06-13,Akumal,Cenote Yalku,Grupal,18,7.0,Estados Unidos,Ingles,785.86,16895.99,6.1,3.7,Tarjeta debito,Completada,G007,Media,6,2022,cliente7190@yahoo.com
RES02836,2023-11-22,Merida,Haciendas del Mayab,Grupal,13,1.0,Japon,Ingles,644.18,8696.43,5.5,4.8,Efectivo,Completada,G039,Media,11,2023,cliente8059@hotmail.com
RES02367,2021-03-14,Playa del Carmen,Xel-Ha,Grupal,6,1.0,Alemania,Ingles,1077.76,7005.44,9.3,4.4,,Cancelada,G021,Alta,3,2021,
RES01072,2024-03-09,Tulum,Sian Ka'an,Grupal,13,2.0,Colombia,Ingles,1184.14,16577.96,6.3,,Tarjeta debito,Completada,G019,Alta,3,2024,cliente4657@gmail.com
RES00719,2022-06-12,Chichen Itza,Valladolid + Chichen Itza,Grupal,7,0.0,Holanda,Español,,8297.87,8.7,4.1,Paypal,Cancelada,G013,Media,6,2022,cliente8837@yahoo.com
RES04383,2023-01-29,Tulum,Cenote Gran Cenote,Privado,2,0.0,Mexico,Ingles,,2388.14,5.0,1.1,Tarjeta debito,Completada,G033,Baja,1,2023,cliente6482@yahoo.com
RES02347,2021-10-13,Merida,Haciendas del Mayab,Privado,2,1.0,Argentina,Español,1006.78,2516.95,7.4,5.0,Efectivo,Confirmada,G006,Media,10,2021,cliente5240@yahoo.com
RES00671,2022-11-24,Chichen Itza,Chichen Itza + Cenote Ik Kil,Grupal,20,0.0,Japon,Aleman,1129.03,22580.6,7.9,3.2,Efectivo,Pendiente,G031,Media,11,2022,cliente368@yahoo.com
RES03943,2023-03-08,Holbox,Punta Mosquito,Grupal,18,5.0,Mexico,Español,1189.24,24379.42,5.8,4.2,Tarjeta credito,Completada,G016,Alta,3,2023,cliente2121@outlook.com
RES05807,2021-01-19,Holbox,Punta Mosquito,Grupal,7,0.0,Holanda,Español,940.32,6582.24,2.9,4.8,Efectivo,Pendiente,G001,Baja,1,2021,cliente1094@yahoo.com
RES02073,2022-10-29,Chichen Itza,Valladolid + Chichen Itza,Grupal,14,7.0,Mexico,Español,1319.26,23087.05,5.1,5.0,Tarjeta credito,Completada,G034,Media,10,2022,cliente3612@hotmail.com
RES04826,2021-04-08,Bacalar,Kayak Canales,Privado,1,0.0,Estados Unidos,Ingles,1653.55,1653.55,2.9,3.9,Efectivo,Completada,G025,Alta,4,2021,cliente3104@gmail.com
RES03129,2022-05-25,Merida,Haciendas del Mayab,Grupal,18,0.0,Italia,Español,706.81,12722.58,3.8,4.7,,Completada,G003,Media,5,2022,cliente3053@outlook.com
RES00898,2022-08-29,Merida,Izamal + Merida,Grupal,7,2.0,España,Ingles,861.15,6889.2,7.6,2.8,Tarjeta credito,Completada,G028,Alta,8,2022,cliente3464@gmail.com
RES01259,2022-06-24,Playa del Carmen,Quinta Avenida + Cozumel,Grupal,13,6.0,Estados Unidos,Aleman,813.62,13017.92,7.7,4.8,Tarjeta credito,Completada,G020,Media,6,2022,cliente2444@hotmail.com
RES02108,2024-03-01,Bacalar,Laguna de los 7 Colores,Grupal,17,7.0,Mexico,Aleman,1069.77,21930.28,8.3,5.0,Transferencia,Completada,G009,Alta,3,2024,cliente8647@yahoo.com
RES00096,2023-06-15,Uxmal,Ruta Puuc,Grupal,4,2.0,Suecia,Español,1066.75,5333.75,,3.9,Efectivo,Completada,G007,Media,6,2023,cliente7614@outlook.com
RES05623,2024-03-13,Chichen Itza,Chichen Itza + Cenote Ik Kil,Grupal,11,4.0,Mexico,Español,1395.13,18136.69,8.6,5.0,Transferencia,Completada,G037,Alta,3,2024,cliente761@outlook.com
RES04909,2022-05-16,Cozumel,Tour Isla Cozumel,Privado,3,1.0,Mexico,,1804.28,6314.98,10.2,3.9,Efectivo,Completada,G014,Media,5,2022,cliente8360@outlook.com
RES00843,2021-09-07,Holbox,Avistamiento Tiburon Ballena,Grupal,14,2.0,Canada,Español,976.01,14640.15,6.5,2.8,Efectivo,Completada,G009,Baja,9,2021,cliente2255@gmail.com
RES02058,2021-04-22,Playa del Carmen,Xcaret,Privado,3,1.0,,Español,1624.12,5684.42,5.6,3.3,Efectivo,Completada,G040,Alta,4,2021,cliente6980@outlook.com
RES04232,2021-04-02,Cozumel,Snorkel El Cielo,Grupal,9,3.0,Mexico,Frances,1297.81,13627.0,9.2,5.0,Transferencia,Completada,G019,Alta,4,2021,cliente7896@outlook.com
RES05005,2022-07-22,Uxmal,Ruta Puuc,Grupal,14,0.0,Mexico,Frances,1217.83,17049.62,5.2,5.0,Tarjeta debito,Cancelada,G012,Alta,7,2022,cliente6675@yahoo.com
RES02654,2021-06-20,Merida,Haciendas del Mayab,Privado,4,2.0,Canada,Español,983.45,4917.25,9.7,5.0,Efectivo,Cancelada,G019,Media,6,2021,cliente2837@gmail.com
RES03651,2023-05-28,Bacalar,Kayak Canales,Grupal,11,0.0,,Español,945.47,10400.17,6.1,,Transferencia,Completada,G006,Media,5,2023,cliente6209@hotmail.com
RES02174,2021-06-05,Bacalar,Kayak Canales,Grupal,6,2.0,Alemania,Italiano,877.32,6141.24,4.5,4.9,Efectivo,Pendiente,G037,Media,6,2021,cliente6127@icloud.com
RES04598,2021-07-19,Akumal,Cenote Yalku,Privado,1,0.0,Alemania,Ingles,1347.55,1347.55,4.2,4.2,Efectivo,Completada,G031,Alta,7,2021,cliente7761@outlook.com
RES00323,2021-06-30,Holbox,Tour Isla Holbox,Grupal,17,2.0,Mexico,Ingles,1068.75,19237.5,6.1,4.9,,Confirmada,G016,Media,6,2021,cliente9532@outlook.com
RES04382,2022-06-27,Cozumel,Snorkel El Cielo,Grupal,7,1.0,Estados Unidos,Español,1088.35,8162.62,7.5,5.0,Tarjeta debito,Completada,G018,Media,6,2022,cliente8989@hotmail.com
RES03797,2022-07-28,Tulum,Ruinas de Tulum,Grupal,-14,7.0,,,1192.3,20865.25,7.5,5.0,Tarjeta credito,Completada,G019,Alta,7,2022,sinArroba.com
RES05554,2023-05-06,Cancun,Isla Mujeres,Grupal,14,0.0,Mexico,Español,,10777.9,3.7,5.0,Efectivo,Cancelada,G025,Media,5,2023,cliente9270@outlook.com
RES00335,2022-10-21,Bacalar,Kayak Canales,grupo,16,8.0,Mexico,Italiano,976.48,19529.6,7.6,4.6,Tarjeta credito,Completada,G004,Media,10,2022,cliente9014@yahoo.com
RES04820,2022-08-16,Chichen Itza,Chichen Itza + Cenote Ik Kil,Privado,2,0.0,Holanda,Español,2301.91,4603.82,6.7,5.0,Transferencia,Completada,G025,Alta,8,2022,cliente8602@gmail.com
RES00333,2021-05-06,Akumal,Cenote Yalku,Grupal,20,3.0,Argentina,Portugues,848.01,18232.22,5.2,3.3,Paypal,Completada,,Media,5,2021,cliente9730@hotmail.com
RES00834,2023-08-29,Uxmal,Ruta Puuc,Grupal,12,0.0,Alemania,Español,1206.21,14474.52,4.0,5.0,Paypal,Completada,G002,Alta,8,2023,cliente6586@icloud.com
RES05942,2023-08-25,Bacalar,Fuerte de San Felipe,Privado,2,0.0,Mexico,Ingles,1768.55,3537.1,6.6,5.0,Tarjeta credito,Cancelada,G020,Alta,8,2023,cliente4570@yahoo.com
RES02555,2022-04-20,Cancun,Laguna Nichupte,Grupal,4,1.0,Mexico,Portugues,873.82,3932.19,6.9,4.9,Transferencia,Pendiente,G026,Alta,4,2022,usuario@
RES04085,2022-07-05,Playa del Carmen,Xcaret,Grupal,4,0.0,Italia,Español,1069.63,4278.52,5.0,5.0,Tarjeta debito,Completada,G002,Alta,7,2022,cliente6172@yahoo.com
RES01644,2021-05-19,Akumal,Snorkel Tortugas Akumal,Grupal,8,1.0,Mexico,Español,835.41,7100.98,9.6,5.0,Tarjeta credito,Completada,G028,Media,5,2021,cliente960@icloud.com
RES05315,2023-12-09,Playa del Carmen,Xel-Ha,Privado,3,0.0,Mexico,Ingles,1617.23,4851.69,2.9,,Tarjeta debito,Pendiente,G009,Alta,12,2023,cliente7112@outlook.com
RES00732,2023-09-01,Cozumel,Tour Isla Cozumel,Grupal,11,1.0,Mexico,Italiano,895.53,10298.59,3.6,4.0,,Completada,G029,Baja,9,2023,cliente3205@gmail.com
RES04727,2023-02-08,Chichen Itza,Chichen Itza + Cenote Ik Kil,Grupal,13,5.0,Mexico,Ingles,990.21,15348.26,9.1,4.9,Tarjeta debito,Confirmada,G038,Baja,2,2023,cliente6624@outlook.com
RES00292,2023-09-23,Holbox,Punta Mosquito,Grupal,11,5.0,Estados Unidos,Español,868.77,11728.4,5.9,4.1,Tarjeta credito,Pendiente,G022,Baja,9,2023,usuario@
RES00185,2023-10-13,Cozumel,Tour Isla Cozumel,Privado,1,0.0,Japon,Ingles,1696.06,1696.06,8.6,3.7,Crypto,Completada,G032,Media,10,2023,cliente8579@yahoo.com
RES05705,2023-09-08,Holbox,Avistamiento Tiburon Ballena,Privado,2,0.0,Mexico,Español,1436.62,2873.24,4.4,2.7,Tarjeta debito,Completada,G018,Baja,9,2023,cliente7263@outlook.com
RES02678,2021-06-24,Holbox,Punta Mosquito,Privado,3,0.0,Canada,Español,1586.08,4758.24,6.8,,Tarjeta debito,Completada,G026,Media,6,2021,cliente3041@icloud.com
RES03802,2023-03-27,Holbox,Tour Isla Holbox,Grupal,9,2.0,Canada,Español,1182.61,11826.1,8.8,4.7,Tarjeta credito,Completada,G035,Alta,3,2023,cliente7095@icloud.com
RES00534,2023-04-02,Akumal,Snorkel Tortugas Akumal,Grupal,5,1.0,Estados Unidos,Ingles,888.43,4886.36,8.5,5.0,Paypal,Completada,G008,Alta,4,2023,cliente6979@icloud.com
RES05323,2023-04-02,Chichen Itza,Valladolid + Chichen Itza,Grupal,11,0.0,,Frances,1364.72,15011.92,6.5,2.9,Tarjeta debito,Completada,G008,Alta,4,2023,cliente1574@gmail.com
RES05793,2022-11-05,Playa del Carmen,Xel-Ha,Privado,2,0.0,Reino Unido,Español,1399.65,2799.3,,5.0,Paypal,Confirmada,G031,Media,11,2022,cliente6180@icloud.com
RES05243,2022-08-09,Playa del Carmen,Quinta Avenida + Cozumel,Grupal,7,3.0,Brasil,Frances,1076.2,9147.7,7.1,4.7,Efectivo,Completada,G008,Alta,8,2022,cliente2045@gmail.com
RES03209,2021/06/08,Uxmal,Ruta Puuc,Grupal,14,4.0,Mexico,Ingles,1063.15,17010.4,7.8,5.0,Efectivo,Completada,,Media,6,2021,cliente1942@yahoo.com
RES00658,2021-06-02,Playa del Carmen,Quinta Avenida + Cozumel,Grupal,18,3.0,Estados Unidos,Español,925.22,18041.79,3.6,4.9,Tarjeta credito,Completada,G038,Media,6,2021,cliente3453@gmail.com
RES01256,2022-11-29,Merida,Haciendas del Mayab,Grupal,16,,Estados Unidos,Ingles,714.84,14296.8,2.8,5.0,Tarjeta credito,Confirmada,G032,Media,11,2022,usuario.dominio.com
RES05639,2021-03-28,Holbox,Avistamiento Tiburon Ballena,Privado,3,0.0,Mexico,Español,1997.14,5991.42,3.3,4.0,Tarjeta debito,Completada,G018,Alta,3,2021,cliente6283@icloud.com
RES03831,2021-05-28,Tulum,Cenote Gran Cenote,Grupal,9,3.0,Suiza,Español,1013.12,10637.76,9.2,4.7,Tarjeta debito,Cancelada,G026,Media,5,2021,cliente1671@outlook.com
RES02514,2023-08-11,Merida,Centro Historico Merida,Grupal,12,1.0,Francia,Español,827.09,10338.62,4.0,4.3,Transferencia,Completada,G013,Alta,8,2023,cliente3966@icloud.com
RES05283,2023-01-03,Akumal,Snorkel Tortugas Akumal,Privado,2,1.0,Mexico,Portugues,962.98,2407.45,5.2,5.0,Tarjeta credito,Completada,G005,Baja,1,2023,cliente751@outlook.com
RES00899,2021-06-07,Bacalar,Laguna de los 7 Colores,Grupal,4,0.0,,Español,914.81,3659.24,5.2,3.8,Crypto,Cancelada,G034,Media,6,2021,cliente2736@yahoo.com
RES00429,2021-09-18,Holbox,Avistamiento Tiburon Ballena,Privado,1,0.0,Brasil,Frances,1298.48,1298.48,8.5,3.7,Tarjeta credito,Confirmada,G014,Baja,9,2021,cliente634@icloud.com
RES04913,2022-02-21,Tulum,Cenote Gran Cenote,Grupal,9,,Canada,Frances,879.33,9672.63,,4.9,Paypal,Pendiente,G032,Baja,2,2022,us er@gmail.com
RES05278,2021-08-18,Cancun,Laguna Nichupte,Grupal,9,3.0,Mexico,Ingles,929.42,9758.91,7.6,3.7,Tarjeta credito,Completada,G016,Alta,8,2021,cliente1606@outlook.com
RES05567,2023-12-21,Bacalar,Fuerte de San Felipe,Grupal,20,7.0,,Italiano,1096.19,25760.47,,4.0,Efectivo,Completada,G027,Alta,12,2023,cliente9832@gmail.com
RES01437,2023-08-23,Tulum,Sian Ka'an,Grupal,4,2.0,Mexico,Ingles,1073.42,5367.1,9.1,2.6,Tarjeta credito,Completada,G024,Alta,8,2023,cliente8159@gmail.com
RES05941,2023-06-03,Merida,Centro Historico Merida,Grupal,9,4.0,Reino Unido,Italiano,709.54,7804.94,5.7,4.3,Tarjeta credito,Completada,G019,Media,6,2023,
RES01223,2022-07-16,Akumal,Cenote Yalku,Grupal,7,3.0,Estados Unidos,Español,1030.21,8756.78,4.6,3.6,Efectivo,Completada,G022,Alta,7,2022,cliente6783@icloud.com
RES03379,2022-03-06,Merida,Centro Historico Merida,Grupal,9,4.0,Mexico,Ingles,821.34,9034.74,8.2,4.7,Tarjeta debito,Completada,G002,Alta,3,2022,cliente2199@yahoo.com
RES01870,2023-05-03,Holbox,Tour Isla Holbox,Grupal,4,2.0,,Español,984.67,4923.35,4.9,4.3,Crypto,Confirmada,G029,Media,5,2023,cliente393@outlook.com
RES05462,2023-08-28,Bacalar,Fuerte de San Felipe,Grupal,19,2.0,Francia,Ingles,1046.23,20924.6,7.2,4.1,Tarjeta credito,Completada,G031,Alta,8,2023,cliente8219@icloud.com
RES05157,2021-06-18,Tulum,Sian Ka'an,Privado,3,0.0,Canada,Ingles,1467.58,4402.74,,5.0,Efectivo,Completada,G030,Media,6,2021,@dominio.com
RES01653,2023-05-16,Tulum,Sian Ka'an,Grupal,20,8.0,Mexico,Aleman,964.63,23151.12,5.2,1.0,Tarjeta credito,Completada,G030,Media,5,2023,cliente9752@icloud.com
RES04624,2021-06-22,Merida,Izamal + Merida,Privado,2,0.0,España,Frances,1023.49,2046.98,3.4,4.8,Tarjeta credito,Confirmada,G030,Media,6,2021,cliente3641@outlook.com
RES04741,2024-03-30,Cancun,Isla Mujeres,Grupal,19,,Brasil,Español,,21156.0,2.8,5.0,Paypal,Completada,G018,Alta,3,2024,cliente9822@yahoo.com
RES02260,2023-10-22,Uxmal,Uxmal + Kabah,Grupal,12,0.0,Estados Unidos,Español,988.46,11861.52,9.3,5.0,Tarjeta credito,Completada,G032,Media,10,2023,cliente6660@gmail.com
RES02485,2021-08-07,Chichen Itza,Chichen Itza + Cenote Ik Kil,Privado,1,0.0,Mexico,Portugues,2364.56,2364.56,10.0,3.8,Tarjeta debito,Completada,G018,Alta,8,2021,cliente9020@gmail.com
RES01761,2021-04-26,Holbox,Punta Mosquito,Privado,1,0.0,Estados Unidos,Ingles,1840.49,1840.49,4.3,4.7,Efectivo,Completada,G031,Alta,4,2021,cliente6108@icloud.com
RES03133,2022-08-26,Merida,Haciendas del Mayab,Grupal,17,8.0,Mexico,Español,916.11,19238.31,9.7,3.9,Efectivo,Completada,G020,Alta,8,2022,cliente6712@yahoo.com
RES01861,2022-01-17,Holbox,Tour Isla Holbox,Grupal,16,4.0,Mexico,Frances,854.52,15381.36,5.1,3.6,Transferencia,Completada,G005,Baja,1,2022,cliente3840@yahoo.com
RES05453,2022-01-14,Cozumel,Tour Isla Cozumel,Grupal,13,2.0,Francia,Español,927.3,12982.2,6.7,4.4,Transferencia,Cancelada,,Baja,1,2022,cliente7757@outlook.com
RES03640,2021-12-01,Bacalar,Fuerte de San Felipe,Grupal,14,7.0,Estados Unidos,Español,1028.75,18003.12,5.8,4.9,Tarjeta debito,Completada,G022,Alta,12,2021,cliente6672@outlook.com
RES04985,2023-04-12,Uxmal,Ruta Puuc,Grupal,8,4.0,España,Portugues,1284.54,12845.4,8.1,,Tarjeta credito,Cancelada,G017,Alta,4,2023,cliente4551@hotmail.com
RES02803,2022-12-02,Uxmal,Uxmal + Kabah,Grupal,12,4.0,Colombia,Español,1293.4,18107.6,4.3,3.9,Tarjeta credito,Completada,G035,Alta,12,2022,cliente936@yahoo.com
RES02340,2021-04-11,Akumal,Snorkel Tortugas Akumal,Grupal,4,1.0,Mexico,Español,891.22,4010.49,8.6,5.0,Tarjeta credito,Completada,G008,Alta,4,2021,
RES02128,2024-03-12,Playa del Carmen,Xel-Ha,Grupal,7,3.0,Mexico,Ingles,997.65,8480.02,3.4,3.8,Tarjeta credito,Completada,G022,Alta,3,2024,cliente1131@outlook.com
RES01411,2022-11-04,Akumal,Snorkel Tortugas Akumal,Privado,4,0.0,Mexico,Ingles,1308.43,5233.72,5.3,,Tarjeta debito,Pendiente,G029,Media,11,2022,cliente9823@hotmail.com
RES04369,2022-05-15,Akumal,Cenote Yalku,Grupal,8,4.0,Mexico,Italiano,,7414.7,5.0,5.0,Paypal,Completada,G040,Media,5,2022,
RES02339,2021-11-28,Playa del Carmen,Xcaret,Grupal,12,3.0,Estados Unidos,Aleman,821.12,11085.12,4.4,5.0,Efectivo,Completada,G037,Media,11,2021,usuario@
RES04437,2021-05-25,Chichen Itza,Valladolid + Chichen Itza,Privado,2,0.0,Estados Unidos,Portugues,1657.8,3315.6,6.8,3.3,Efectivo,Completada,G002,Media,5,2021,cliente2260@icloud.com
RES00193,2023-03-03,Akumal,Snorkel Tortugas Akumal,Grupal,7,1.0,Mexico,Ingles,968.66,7264.95,8.3,,Tarjeta credito,Confirmada,G010,Alta,3,2023,cliente1516@hotmail.com
RES01874,2023-12-31,Holbox,Punta Mosquito,Grupal,13,4.0,Estados Unidos,Frances,1188.23,17823.45,8.9,4.1,Efectivo,Completada,G035,Alta,12,2023,cliente3382@yahoo.com
RES01127,2022-06-07,Cozumel,Snorkel El Cielo,Grupal,7,0.0,Japon,Portugues,1158.19,8107.33,,4.4,Tarjeta credito,Completada,G019,Media,6,2022,cliente2618@gmail.com
RES05846,2024-02-12,Uxmal,Ruta Puuc,Grupal,18,5.0,,Frances,930.16,19068.28,8.9,4.8,Transferencia,Confirmada,G033,Baja,2,2024,cliente1505@hotmail.com
RES01789,2023-10-06,Holbox,Tour Isla Holbox,Grupal,19,8.0,Australia,Español,1056.28,24294.44,7.2,,Tarjeta credito,Completada,G027,Media,10,2023,cliente5778@icloud.com
RES03198,2023-10-22,Merida,Izamal + Merida,Grupal,15,3.0,Estados Unidos,Español,729.45,12035.93,2.6,4.9,Transferencia,Completada,G029,Media,10,2023,cliente2472@yahoo.com
RES02722,2022-12-20,Cozumel,Buceo Arrecife Palancar,Privado,4,1.0,Mexico,Ingles,1873.87,8432.41,7.9,4.7,Transferencia,Completada,G013,Alta,12,2022,cliente2153@outlook.com
RES00305,2021-03-25,Tulum,Cenote Gran Cenote,Privado,2,1.0,Mexico,Ingles,1690.35,4225.88,6.5,5.0,Efectivo,Cancelada,G031,Alta,3,2021,cliente9037@hotmail.com
RES01942,2024-02-28,Merida,Centro Historico Merida,Privado,2,,Argentina,Español,931.01,2327.53,10.1,4.8,Efectivo,Completada,G009,Baja,2,2024,cliente2382@gmail.com
RES01293,2023-02-21,Holbox,Tour Isla Holbox,Privado,1,0.0,Estados Unidos,Frances,1450.28,1450.28,10.0,3.8,Tarjeta credito,Completada,G006,Baja,2,2023,cliente4132@hotmail.com
RES00071,2022-02-21,Merida,Centro Historico Merida,Privado,1,0.0,Mexico,Aleman,832.94,832.94,10.3,5.0,Paypal,Completada,,Baja,2,2022,cliente4662@yahoo.com
RES01946,2023-02-05,Bacalar,Fuerte de San Felipe,Grupal,9,4.0,Mexico,Frances,793.1,8724.1,7.3,3.6,Efectivo,Completada,G023,Baja,2,2023,cliente8290@outlook.com
RES01306,2024-01-22,Uxmal,Uxmal + Kabah,Privado,1,0.0,Estados Unidos,Aleman,1234.01,1234.01,7.4,1.7,Efectivo,Completada,G021,Baja,1,2024,cliente2854@gmail.com
RES05545,2021-05-21,Uxmal,Uxmal + Kabah,Grupal,6,1.0,Estados Unidos,Ingles,1000.08,6500.52,3.1,3.9,Efectivo,Confirmada,G029,Media,5,2021,cliente8296@hotmail.com
RES03905,2022-10-08,Cozumel,Tour Isla Cozumel,Grupal,4,0.0,Mexico,Español,1114.54,4458.16,8.7,5.0,Transferencia,Completada,G005,Media,10,2022,cliente4357@hotmail.com
RES01757,2021-09-25,Chichen Itza,Valladolid + Chichen Itza,Grupal,11,0.0,Alemania,Español,968.22,10650.42,6.9,1.0,Tarjeta credito,Completada,G037,Baja,9,2021,usuario@
RES03296,2022-05-18,Cozumel,Tour Isla Cozumel,Grupal,15,4.0,Mexico,Ingles,1178.68,20037.56,6.0,4.3,,Completada,G034,Media,5,2022,cliente6812@icloud.com
RES01341,2021-11-25,Merida,Haciendas del Mayab,Grupal,15,5.0,Estados Unidos,Portugues,709.37,12413.98,10.4,5.0,Tarjeta credito,Confirmada,G024,Media,11,2021,cliente5856@yahoo.com
RES00832,2021-01-28,Playa del Carmen,Quinta Avenida + Cozumel,Grupal,16,3.0,Alemania,Ingles,789.46,13815.55,7.0,4.9,Crypto,Pendiente,G012,Baja,1,2021,cliente1182@icloud.com
RES02230,2022-11-17,Holbox,Tour Isla Holbox,Grupal,14,0.0,Suecia,Español,1152.71,16137.94,7.2,2.0,,Cancelada,G012,Media,11,2022,cliente7768@hotmail.com
RES01457,2021-12-14,Tulum,Cenote Dos Ojos,Grupal,11,2.0,,Portugues,1160.82,13929.84,6.1,,Tarjeta debito,Cancelada,G015,Alta,12,2021,cliente9367@gmail.com
RES03967,2022-09-16,Chichen Itza,Valladolid + Chichen Itza,Privado,1,0.0,Estados Unidos,Italiano,1593.31,1593.31,7.9,3.7,Crypto,Completada,G003,Baja,9,2022,cliente1547@gmail.com
RES03916,2023-09-02,Tulum,Cenote Gran Cenote,Privado,1,0.0,Mexico,Ingles,1160.9,1160.9,7.7,1.4,Efectivo,Completada,G006,Baja,9,2023,cliente5627@outlook.com
RES00239,2021-08-18,Holbox,Tour Isla Holbox,Grupal,16,1.0,Mexico,Español,1223.49,20187.58,3.4,5.0,Transferencia,Completada,G002,Alta,8,2021,cliente8139@outlook.com
RES00093,2024-01-23,Cancun,Snorkel Arrecife,Privado,2,0.0,Brasil,Ingles,965.18,1930.36,5.0,5.0,Tarjeta debito,Completada,G022,Baja,1,2024,
RES02229,2022-01-04,Cozumel,Buceo Arrecife Palancar,Grupal,6,2.0,Argentina,Ingles,924.53,6471.71,7.8,4.8,Paypal,Confirmada,G038,Baja,1,2022,cliente5553@hotmail.com
RES01601,2021-06-11,Cancun,Zona Hotelera Tour,Grupal,20,9.0,Mexico,Ingles,,17348.21,3.9,3.0,Paypal,Completada,G040,Media,6,2021,cliente107@outlook.com
RES02523,2023-04-24,Bacalar,Laguna de los 7 Colores,Grupal,12,3.0,Mexico,Español,995.4,13437.9,10.1,4.9,Tarjeta debito,Completada,G022,Alta,4,2023,cliente7381@hotmail.com
RES04016,2023-06-05,Holbox,Punta Mosquito,Grupal,18,0.0,Francia,Italiano,30000.0,18529.74,7.2,3.9,Transferencia,Completada,G028,Media,6,2023,cliente5121@gmail.com
RES02639,2022-11-13,Uxmal,Uxmal + Kabah,Privado,4,1.0,Estados Unidos,Ingles,1581.06,7114.77,5.0,5.0,Tarjeta debito,Confirmada,G022,Media,11,2022,cliente3031@hotmail.com
RES02916,2021-07-19,Cancun,Snorkel Arrecife,Grupal,10,1.0,Argentina,Ingles,929.77,9762.58,9.9,5.0,Efectivo,Completada,G024,Alta,7,2021,cliente4189@gmail.com
RES03485,2021-09-08,Bacalar,Laguna de los 7 Colores,Privado,4,0.0,Reino Unido,Español,1122.44,4489.76,8.0,5.0,,Completada,G004,Baja,9,2021,cliente6012@hotmail.com
RES01002,2021-08-14,Chichen Itza,Chichen Itza + Cenote Ik Kil,Grupal,17,1.0,Canada,Frances,1419.27,24837.22,7.3,4.3,Tarjeta debito,Completada,G005,Alta,8,2021,cliente4043@outlook.com
RES03216,2021-10-16,Chichen Itza,Chichen Itza + Cenote Ik Kil,Privado,4,0.0,Mexico,Aleman,1699.23,6796.92,8.7,5.0,Tarjeta debito,Completada,G017,Media,10,2021,cliente7708@gmail.com
RES04728,2023-06-27,Chichen Itza,Valladolid + Chichen Itza,Privado,3,0.0,Francia,Ingles,1970.16,5910.48,3.5,5.0,Crypto,Pendiente,G013,Media,6,2023,cliente969@hotmail.com
RES02466,2023-05-05,Holbox,Avistamiento Tiburon Ballena,Grupal,13,2.0,Reino Unido,Aleman,1001.14,14015.96,5.0,2.6,Efectivo,Completada,G017,Media,5,2023,cliente100@outlook.com
RES04458,2021-04-12,Tulum,Cenote Gran Cenote,Grupal,15,1.0,España,Ingles,1234.02,19127.31,10.4,3.9,Paypal,Confirmada,G036,Alta,4,2021,cliente4051@hotmail.com
RES01505,01-12-2024,Uxmal,Uxmal + Kabah,Privado,2,1.0,Estados Unidos,Ingles,1356.32,3390.8,8.2,5.0,Tarjeta credito,Completada,G009,Baja,1,2024,cliente3689@outlook.com
RES00958,2021-01-13,Merida,Haciendas del Mayab,Privado,2,0.0,Estados Unidos,Español,957.45,1914.9,5.5,2.8,Tarjeta credito,Completada,G034,Baja,1,2021,cliente8763@yahoo.com
RES05213,2022-02-28,Akumal,Snorkel Tortugas Akumal,Privado,1,0.0,Estados Unidos,Italiano,1103.25,1103.25,4.4,5.0,Transferencia,Pendiente,G004,Baja,2,2022,cliente868@gmail.com
RES04212,2021-09-25,Holbox,Avistamiento Tiburon Ballena,Grupal,18,4.0,Suiza,Español,890.21,17804.2,3.9,4.0,Tarjeta credito,Completada,G011,Baja,9,2021,cliente7595@outlook.com
RES01922,2024-01-06,Playa del Carmen,Xcaret,Privado,2,0.0,Canada,Español,1042.73,2085.46,4.5,2.7,T. Credito,Completada,G019,Baja,1,2024,cliente4356@yahoo.com
RES01533,2022-03-30,Chichen Itza,Chichen Itza + Cenote Ik Kil,Grupal,13,0.0,Canada,Español,1564.54,20339.02,9.6,4.2,Tarjeta credito,Completada,G039,Alta,3,2022,cliente5979@yahoo.com
RES01744,2021-09-18,Chichen Itza,Chichen Itza + Cenote Ik Kil,Grupal,10,1.0,Colombia,Español,1054.76,11074.98,4.2,4.7,Transferencia,Confirmada,G038,Baja,9,2021,cliente7506@gmail.com
RES00412,2021-08-21,Akumal,Cenote Yalku,Grupal,18,1.0,Francia,Ingles,1014.43,18766.95,4.8,5.0,Efectivo,Cancelada,G039,Alta,8,2021,cliente1430@outlook.com
RES01406,2024-01-25,,Laguna de los 7 Colores,Grupal,12,2.0,Mexico,Frances,806.76,10487.88,3.4,4.3,Efectivo,Completada,G039,Baja,1,2024,cliente3465@gmail.com
RES05538,2022-09-28,Chichen Itza,Valladolid + Chichen Itza,Grupal,9,0.0,Estados Unidos,Español,1004.75,9042.75,7.4,,Efectivo,Completada,G039,Baja,9,2022,cliente7346@yahoo.com
RES05796,2022-01-01,Uxmal,Uxmal + Kabah,Grupal,4,1.0,Argentina,Ingles,928.9,4180.05,8.2,4.7,Efectivo,Cancelada,G025,Baja,1,2022,cliente2114@hotmail.com
RES03436,2023-12-23,Cozumel,Tour Isla Cozumel,Privado,2,0.0,Suiza,Ingles,2120.74,4241.48,10.1,,Tarjeta credito,Confirmada,G016,Alta,12,2023,
RES02930,2023-05-13,Cozumel,Tour Isla Cozumel,Grupal,12,4.0,Alemania,Español,1187.81,16629.34,6.1,5.0,Crypto,Completada,G010,Media,5,2023,cliente4818@outlook.com
RES03359,2021-08-13,Chichen Itza,Chichen Itza + Cenote Ik Kil,Grupal,19,6.0,Mexico,Español,1456.59,32044.98,4.4,3.8,Tarjeta credito,Cancelada,G032,Alta,8,2021,cliente1334@hotmail.com
RES04350,2022-01-30,Cozumel,Tour Isla Cozumel,Grupal,12,1.0,Mexico,Frances,1027.66,12845.75,9.6,5.0,Efectivo,Completada,G040,Baja,1,2022,cliente1632@hotmail.com
RES03170,2021-10-04,Uxmal,Ruta Puuc,Privado,1,0.0,Estados Unidos,Ingles,1624.71,1624.71,10.1,5.0,Efectivo,Completada,G001,Media,10,2021,us er@gmail.com
RES01035,2021-07-10,Holbox,Avistamiento Tiburon Ballena,Grupal,9,3.0,Francia,Español,1216.09,-12768.94,6.7,4.9,Efectivo,Completada,G010,Alta,7,2021,sinArroba.com
RES02760,2022-10-20,Tulum,Cenote Dos Ojos,Grupal,10,2.0,Estados Unidos,Español,1021.14,11232.54,6.0,4.7,Tarjeta credito,Completada,G004,Media,10,2022,cliente2459@gmail.com
RES03942,2022-07-31,Merida,Haciendas del Mayab,Privado,4,1.0,Mexico,Español,1164.76,5241.42,6.2,4.9,Efectivo,Completada,G010,Alta,7,2022,cliente8704@icloud.com
RES05190,2023-06-02,Uxmal,Uxmal + Kabah,Grupal,7,1.0,Estados Unidos,Portugues,1015.31,7614.82,,3.8,Tarjeta credito,Completada,G017,Media,6,2023,cliente5439@gmail.com
RES00932,2023-12-06,Akumal,Snorkel Tortugas Akumal,Grupal,11,2.0,Estados Unidos,Español,966.36,11596.32,8.6,3.3,Efectivo,Completada,G025,Alta,12,2023,cliente6789@hotmail.com
RES05506,2021-03-23,Cozumel,Buceo Arrecife Palancar,Grupal,17,1.0,Canada,Ingles,,22199.62,4.7,3.7,Tarjeta credito,Completada,G003,Alta,3,2021,cliente2073@icloud.com
RES04954,2021-07-31,Tulum,Ruinas de Tulum,Privado,2,0.0,Belgica,Español,1641.5,3283.0,4.4,3.9,Efectivo,Confirmada,G010,Alta,7,2021,cliente5857@gmail.com
RES00634,2024-01-27,Holbox,Tour Isla Holbox,Privado,3,1.0,Reino Unido,Frances,1405.2,4918.2,5.9,4.9,Tarjeta credito,Completada,G029,Baja,1,2024,sinArroba.com
RES05695,2023-03-19,Merida,Haciendas del Mayab,Grupal,10,0.0,Estados Unidos,Aleman,877.34,8773.4,3.6,4.1,Tarjeta credito,Completada,G015,Alta,3,2023,
RES00499,2022-07-26,Cancun,Laguna Nichupte,Grupal,14,2.0,Mexico,Ingles,897.85,13467.75,8.2,5.0,Tarjeta credito,Completada,G012,Alta,7,2022,cliente8188@gmail.com
RES00938,2021-05-16,Holbox,Punta Mosquito,privad,2,0.0,Reino Unido,Español,1579.94,3159.88,7.1,3.8,,Pendiente,G026,Media,5,2021,cliente5213@icloud.com
RES00416,2022-11-26,Akumal,Snorkel Tortugas Akumal,Grupal,19,5.0,Suecia,Español,824.28,17722.02,9.8,3.3,Tarjeta credito,Completada,,Media,11,2022,cliente3447@gmail.com
RES02358,2023-02-25,Chichen Itza,Valladolid + Chichen Itza,Grupal,9,3.0,Estados Unidos,Portugues,1107.92,11633.16,9.0,3.8,Efectivo,Completada,,Baja,2,2023,cliente4786@hotmail.com
RES03323,2021-11-19,Cozumel,Buceo Arrecife Palancar,Grupal,5,1.0,Estados Unidos,Ingles,1074.84,5911.62,8.6,3.9,Efectivo,Completada,G001,Media,11,2021,cliente390@outlook.com
RES05142,2024-01-29,Tulum,Cenote Gran Cenote,Grupal,13,3.0,,Español,792.05,11484.72,8.0,4.9,Efectivo,Confirmada,G019,Baja,1,2024,cliente2944@yahoo.com
RES05006,2021-01-28,Chichen Itza,Valladolid + Chichen Itza,Privado,4,1.0,Estados Unidos,Español,1541.22,6935.49,9.2,5.0,Tarjeta debito,Completada,G034,Baja,1,2021,cliente5059@outlook.com
RES02570,2023-11-15,Merida,Izamal + Merida,Grupal,15,3.0,Brasil,Español,721.66,11907.39,6.9,5.0,,Confirmada,G011,Media,11,2023,cliente5540@yahoo.com
RES00758,2022-10-16,Merida,Centro Historico Merida,Privado,3,0.0,Mexico,Español,1081.27,3243.81,7.7,4.7,Efectivo,Completada,G014,Media,10,2022,
RES05267,2023-06-03,Akumal,Snorkel Tortugas Akumal,Grupal,6,2.0,Brasil,Español,831.32,5819.24,2.8,3.9,Efectivo,Completada,G025,Media,6,2023,cliente7465@yahoo.com
RES01042,2021-06-18,Uxmal,Uxmal + Kabah,Privado,2,0.0,Canada,Frances,1530.07,3060.14,9.0,4.8,Tarjeta debito,Completada,G023,Media,6,2021,cliente7889@yahoo.com
RES02237,2023-11-30,Bacalar,Kayak Canales,Privado,2,1.0,Estados Unidos,Portugues,1365.31,3413.27,2.8,3.9,,Pendiente,,Media,11,2023,cliente8399@outlook.com
RES02996,2021-12-20,Akumal,Snorkel Tortugas Akumal,Privado,1,0.0,Suiza,Ingles,1529.02,1529.02,9.3,3.9,Efectivo,Cancelada,G001,Alta,12,2021,cliente4004@hotmail.com
RES04379,2022-11-03,Playa del Carmen,Quinta Avenida + Cozumel,Grupal,14,7.0,Reino Unido,Italiano,841.84,14732.2,5.8,5.0,Tarjeta debito,Cancelada,G032,Media,11,2022,@dominio.com
RES03810,2022-04-09,Bacalar,Kayak Canales,Grupal,9,4.0,Mexico,Ingles,1133.55,12469.05,5.4,5.0,Efectivo,Pendiente,G005,Alta,4,2022,cliente7982@outlook.com
RES00597,2023-07-25,Playa del Carmen,Xcaret,Grupal,12,6.0,Francia,Italiano,994.63,14919.45,9.5,4.3,Tarjeta debito,Completada,G028,Alta,7,2023,cliente7039@hotmail.com
RES02228,2023-09-07,Cancun,Zona Hotelera Tour,Grupal,18,1.0,Estados Unidos,Ingles,622.29,11512.36,6.1,4.2,Efectivo,Completada,G003,Baja,9,2023,cliente8477@gmail.com
RES02766,2024-03-07,Akumal,Cenote Yalku,Privado,3,1.0,Estados Unidos,Italiano,1397.28,4890.48,5.8,4.2,,Completada,G038,Alta,3,2024,cliente8782@outlook.com
RES01069,2021-01-28,Holbox,Punta Mosquito,Grupal,18,8.0,Canada,Ingles,,19808.14,3.1,3.9,Transferencia,Completada,G033,Baja,1,2021,cliente4055@yahoo.com
RES02224,2021-07-01,Cancun,Zona Hotelera Tour,Grupal,19,8.0,Mexico,Español,834.15,19185.45,3.8,4.7,Tarjeta credito,Pendiente,G025,Alta,7,2021,cliente1488@gmail.com
RES03077,2021-11-23,Akumal,Cenote Yalku,Privado,2,0.0,Canada,Ingles,1135.23,2270.46,3.2,5.0,Efectivo,Confirmada,G039,Media,11,2021,cliente3062@yahoo.com
RES02155,2021-04-06,Holbox,Tour Isla Holbox,Privado,2,1.0,Mexico,Ingles,,4468.4,5.1,4.0,Transferencia,Completada,G034,Alta,4,2021,cliente2809@hotmail.com
RES03269,2022-09-27,Cancun,Zona Hotelera Tour,Privado,2,1.0,Brasil,Español,30000.0,2571.35,4.6,1.0,Efectivo,Completada,G017,Baja,9,2022,
RES00653,2024-03-26,Bacalar,Kayak Canales,Privado,1,0.0,Estados Unidos,Español,1518.08,1518.08,3.3,,Tarjeta debito,Completada,G039,Alta,3,2024,cliente3910@gmail.com
RES04790,2023-12-06,Uxmal,Ruta Puuc,Privado,1,0.0,Mexico,Ingles,1921.92,1921.92,6.8,4.1,Paypal,Pendiente,G015,Alta,12,2023,usuario@
RES04653,2021-08-27,Bacalar,Fuerte de San Felipe,Privado,3,0.0,Mexico,Ingles,1593.76,4781.28,4.4,4.9,Efectivo,Confirmada,G011,Alta,8,2021,cliente8635@gmail.com
RES04838,2022-06-18,Merida,Haciendas del Mayab,Grupal,11,2.0,Suiza,Español,658.73,7904.76,8.8,4.9,,Completada,G027,Media,6,2022,cliente287@gmail.com
RES02922,2022-11-21,Cozumel,Snorkel El Cielo,Grupal,19,0.0,Estados Unidos,Español,1046.04,19874.76,5.8,5.0,Efectivo,Completada,G001,Media,11,2022,cliente1276@outlook.com
RES03255,2023-02-17,Bacalar,Kayak Canales,Grupal,6,2.0,,Ingles,775.17,5426.19,3.4,,Efectivo,Completada,G017,Baja,2,2023,cliente4695@icloud.com
RES05584,2023-10-02,Uxmal,Ruta Puuc,Privado,1,0.0,España,Español,1601.25,1601.25,8.2,4.3,Tarjeta credito,Completada,G004,Media,10,2023,cliente1747@icloud.com
RES04120,2021-07-23,Uxmal,Uxmal + Kabah,Privado,1,0.0,Holanda,Ingles,30000.0,1829.29,6.1,4.9,,Completada,G035,Alta,7,2021,cliente8583@yahoo.com
RES03316,2021-01-22,Merida,Izamal + Merida,Grupal,16,3.0,Francia,Español,608.33,10645.78,,,Transferencia,Cancelada,G024,Baja,1,2021,cliente1507@hotmail.com
RES04694,2023-03-17,Cancun,Isla Mujeres,Privado,2,1.0,Brasil,Español,1297.25,3243.12,2.8,2.3,Efectivo,Confirmada,G022,Alta,3,2023,cliente4868@gmail.com
RES00076,2022-04-27,Chichen Itza,Valladolid + Chichen Itza,Privado,4,1.0,Mexico,Ingles,2242.42,-10090.89,8.3,4.1,Efectivo,Confirmada,G037,Alta,4,2022,cliente6588@icloud.com
RES04837,2023-08-17,Chichen Itza,Chichen Itza + Cenote Ik Kil,Grupal,8,1.0,Estados Unidos,Ingles,1548.42,13161.57,3.9,4.0,Tarjeta debito,Completada,G038,Alta,8,2023,cliente8953@outlook.com
RES05921,2022-09-02,Cozumel,Tour Isla Cozumel,Grupal,16,5.0,Mexico,Español,959.84,17757.04,3.7,4.0,Tarjeta debito,Cancelada,G038,Baja,9,2022,usuario@
RES05563,2023-03-15,Bacalar,Fuerte de San Felipe,Grupal,6,3.0,Mexico,Español,1178.86,8841.45,8.2,5.0,Paypal,Completada,G040,Alta,3,2023,cliente6952@yahoo.com
RES05083,2022-09-02,Akumal,Snorkel Tortugas Akumal,Privado,2,1.0,Brasil,Español,1120.62,2801.55,8.3,4.1,Efectivo,Completada,G038,Baja,9,2022,usuario.dominio.com
RES03940,2021-10-08,Playa del Carmen,Quinta Avenida + Cozumel,Grupal,20,6.0,Argentina,Español,929.73,21383.79,7.4,4.1,Tarjeta credito,Completada,G002,Media,10,2021,cliente802@gmail.com
RES01935,2022-04-24,Chichen Itza,Valladolid + Chichen Itza,Grupal,13,3.0,Mexico,Ingles,1577.59,22875.06,6.1,4.2,Tarjeta credito,Completada,G008,Alta,4,2022,cliente5306@outlook.com
RES01871,2023-04-21,Bacalar,Fuerte de San Felipe,Privado,1,0.0,Estados Unidos,,1585.61,1585.61,3.5,4.7,Efectivo,Completada,G009,Alta,4,2023,cliente3938@yahoo.com
RES05317,2021-04-14,Chichen Itza,Chichen Itza + Cenote Ik Kil,Privado,3,0.0,España,Ingles,2147.49,6442.47,9.1,5.0,Efectivo,Completada,G034,Alta,4,2021,cliente8962@outlook.com
RES02517,2023-05-29,Holbox,Tour Isla Holbox,Grupal,14,1.0,Estados Unidos,Ingles,1152.52,16711.54,3.7,1.4,Tarjeta debito,Completada,G001,Media,5,2023,cliente1992@gmail.com
RES00109,2023-05-01,Uxmal,Uxmal + Kabah,Privado,2,0.0,Alemania,Ingles,1418.18,2836.36,6.8,4.4,Paypal,Completada,G028,Media,5,2023,cliente9712@icloud.com
RES01011,2022-11-21,Holbox,Punta Mosquito,Privado,3,0.0,,Frances,1511.4,4534.2,8.7,4.8,Efectivo,Cancelada,G028,Media,11,2022,cliente879@icloud.com
RES01030,2022-11-11,Akumal,Cenote Yalku,Grupal,15,7.0,Mexico,Italiano,853.52,15790.12,7.5,4.1,Tarjeta debito,Completada,G030,Media,11,2022,cliente2589@yahoo.com
RES04834,2021-02-07,Chichen Itza,Chichen Itza + Cenote Ik Kil,Grupal,20,7.0,Suecia,Ingles,1041.87,24483.94,9.9,3.9,Transferencia,Completada,,Baja,2,2021,cliente4972@yahoo.com
RES00829,2022-02-03,Bacalar,Laguna de los 7 Colores,Grupal,14,2.0,Mexico,Español,752.26,11283.9,7.5,3.0,Paypal,Completada,G039,Baja,2,2022,cliente9047@gmail.com
RES02742,2023-06-27,Chichen Itza,Valladolid + Chichen Itza,Grupal,8,1.0,Argentina,Ingles,1112.24,9454.04,9.4,4.8,Efectivo,Completada,G001,Media,6,2023,cliente3522@icloud.com
RES03946,2022-11-22,Holbox,Punta Mosquito,Privado,4,0.0,Alemania,Español,1472.33,5889.32,7.0,4.3,Paypal,Completada,G021,Media,11,2022,usuario@
RES00097,2023-12-25,Cozumel,Snorkel El Cielo,Grupal,19,7.0,Canada,Español,,28100.48,7.2,5.0,Transferencia,Completada,G036,Alta,12,2023,usuario@
RES03131,2022-03-05,Holbox,Tour Isla Holbox,Grupal,13,4.0,,Ingles,1256.6,18849.0,6.6,5.0,Efectivo,Completada,G020,Alta,3,2022,cliente7678@outlook.com
RES04626,2023-05-25,Cozumel,Tour Isla Cozumel,Privado,4,1.0,Estados Unidos,Frances,1759.94,7919.73,8.0,,,Completada,G033,Media,5,2023,cliente1756@outlook.com
RES03461,2023-11-12,Cozumel,Tour Isla Cozumel,Grupal,5,0.0,Japon,Español,1062.38,5311.9,7.2,5.0,Transferencia,Completada,G003,Media,11,2023,cliente2650@hotmail.com
RES01386,2022-02-23,Holbox,Tour Isla Holbox,Grupal,16,2.0,Mexico,Italiano,952.99,16200.83,8.7,4.2,Tarjeta credito,Completada,,Baja,2,2022,cliente4770@hotmail.com
RES01201,2023-03-17,Cancun,Zona Hotelera Tour,Grupal,5,1.0,Mexico,Español,25000.0,5346.27,5.8,5.0,Crypto,Pendiente,G014,Alta,3,2023,cliente3869@outlook.com
RES00622,2021-04-13,Bacalar,Fuerte de San Felipe,Privado,2,1.0,Brasil,Ingles,1714.06,4285.15,4.6,4.1,Efectivo,Completada,G010,Alta,4,2021,cliente650@hotmail.com
RES05488,2023-03-18,Bacalar,Laguna de los 7 Colores,Grupal,17,0.0,Reino Unido,Ingles,1079.26,18347.42,7.8,,Tarjeta debito,Cancelada,,Alta,3,2023,
RES01413,2022-03-03,Bacalar,Kayak Canales,Grupal,6,3.0,España,Ingles,1032.05,7740.38,5.2,4.1,Efectivo,Completada,G039,Alta,3,2022,cliente4445@gmail.com
RES00567,2023-10-28,Akumal,Cenote Yalku,Grupal,15,3.0,Mexico,Ingles,782.57,12912.41,9.4,3.9,Tarjeta credito,Completada,G016,Media,10,2023,cliente1175@icloud.com
RES00544,2022-01-23,Holbox,Avistamiento Tiburon Ballena,Privado,3,1.0,Mexico,Frances,1405.89,4920.62,4.9,4.2,Efectivo,Completada,G032,Baja,1,2022,cliente7166@outlook.com
RES01335,2022-08-10,Holbox,Punta Mosquito,Privado,3,0.0,Italia,Ingles,1822.75,5468.25,2.8,1.4,Efectivo,Cancelada,G031,Alta,8,2022,cliente925@outlook.com
RES03050,2022-04-05,Chichen Itza,Valladolid + Chichen Itza,Grupal,18,4.0,Mexico,Ingles,,30831.4,7.8,5.0,Paypal,Cancelada,G027,Alta,4,2022,cliente5267@hotmail.com
RES00052,2022-09-04,Playa del Carmen,Quinta Avenida + Cozumel,Privado,4,2.0,Estados Unidos,Español,25000.0,5705.95,,2.4,Paypal,Completada,G021,Baja,9,2022,cliente4093@yahoo.com
RES05076,2022-06-03,Playa del Carmen,Quinta Avenida + Cozumel,Grupal,4,0.0,España,Español,829.67,3318.68,9.0,5.0,Tarjeta credito,Completada,G034,Media,6,2022,cliente5267@hotmail.com
RES03934,2022-03-20,Tulum,Cenote Dos Ojos,Privado,2,0.0,Suecia,Español,1704.8,3409.6,7.5,5.0,Paypal,Completada,G036,Alta,3,2022,cliente694@outlook.com
RES03263,2021-06-01,Akumal,Cenote Yalku,Grupal,11,5.0,Francia,Ingles,823.76,11120.76,6.9,5.0,tarjeta credito,Cancelada,G021,Media,6,2021,cliente7843@outlook.com
RES01559,2022-04-07,Chichen Itza,Chichen Itza + Cenote Ik Kil,Grupal,8,3.0,Mexico,Español,1543.66,14664.77,7.9,5.0,Efectivo,Confirmada,G037,Alta,4,2022,cliente5988@yahoo.com
RES00746,2023-05-12,Akumal,Cenote Yalku,Privado,1,0.0,Suiza,Ingles,1302.33,1302.33,5.8,5.0,Efectivo,Completada,G034,Media,5,2023,
RES04400,2023-10-26,Merida,Izamal + Merida,Privado,2,1.0,Polonia,Español,1083.18,2707.95,10.4,2.7,Tarjeta debito,Completada,G033,Media,10,2023,cliente8340@hotmail.com
RES02912,2022-12-26,Uxmal,Uxmal + Kabah,Privado,3,0.0,Japon,Frances,1761.21,5283.63,4.6,3.9,Efectivo,Completada,G020,Alta,12,2022,cliente9652@icloud.com
RES01468,2023-03-06,Merida,Centro Historico Merida,Privado,4,2.0,Estados Unidos,Frances,1207.49,6037.45,5.2,4.8,Efectivo,Completada,G032,Alta,3,2023,cliente8937@icloud.com
RES02390,2023-02-01,Merida,Centro Historico Merida,Privado,3,1.0,Estados Unidos,Español,913.76,3198.16,9.2,3.2,Tarjeta debito,Confirmada,G032,Baja,2,2023,cliente8190@hotmail.com
RES00196,2023-11-03,Akumal,Cenote Yalku,Grupal,13,2.0,Canada,Español,739.8,10357.2,7.6,4.7,,Completada,G012,Media,11,2023,cliente5680@icloud.com
RES04373,2021-09-19,Akumal,Snorkel Tortugas Akumal,Grupal,18,7.0,Mexico,Español,633.9,13628.85,200.0,4.9,Transferencia,Confirmada,G033,Baja,9,2021,cliente935@hotmail.com
RES05419,2023-09-10,Playa del Carmen,Xcaret,Privado,1,0.0,Alemania,Español,1012.64,1012.64,9.0,4.6,Tarjeta credito,Completada,G036,Baja,9,2023,cliente1328@icloud.com
RES03827,2023-04-09,Playa del Carmen,Xel-Ha,Grupal,17,3.0,España,Español,995.42,18415.27,7.3,3.8,Tarjeta credito,Completada,G021,Alta,4,2023,cliente4509@gmail.com
RES00803,2023-05-21,Merida,Centro Historico Merida,Privado,3,1.0,Estados Unidos,Aleman,997.99,3492.97,9.3,4.3,Efectivo,Completada,G029,Media,5,2023,cliente4368@icloud.com
RES01619,2021-05-01,Cancun,Snorkel Arrecife,Privado,2,1.0,Francia,Español,1050.83,2627.07,10.3,4.7,Efectivo,Confirmada,G021,Media,5,2021,cliente933@gmail.com
RES03310,2023-11-17,Chichen Itza,Valladolid + Chichen Itza,Privado,3,0.0,Polonia,Ingles,1877.26,5631.78,4.6,2.7,Tarjeta credito,Completada,G010,Media,11,2023,cliente8140@outlook.com
RES04206,2022-02-28,Tulum,Cenote Gran Cenote,Grupal,13,6.0,Mexico,Español,761.13,12178.08,,4.7,Tarjeta credito,Cancelada,G031,Baja,2,2022,cliente9188@icloud.com
RES00621,2021-08-20,Bacalar,Kayak Canales,Privado,4,2.0,Canada,Español,1511.09,7555.45,8.7,2.6,Tarjeta debito,Confirmada,G007,Alta,8,2021,cliente6048@gmail.com
RES01790,2022-03-21,Akumal,Snorkel Tortugas Akumal,Privado,2,1.0,Francia,Ingles,1482.79,3706.97,8.3,3.1,Transferencia,Completada,G032,Alta,3,2022,cliente5339@icloud.com
RES04175,2023-12-24,Uxmal,Uxmal + Kabah,Privado,2,0.0,Canada,Italiano,1740.16,3480.32,9.3,3.3,Tarjeta credito,Cancelada,G037,Alta,12,2023,cliente8944@yahoo.com
RES03672,2021-05-18,Tulum,Cenote Dos Ojos,Privado,3,0.0,Mexico,Ingles,1429.8,4289.4,7.1,3.7,Crypto,Completada,G020,Media,5,2021,cliente6354@hotmail.com
RES05231,2021-07-02,Uxmal,Uxmal + Kabah,Privado,1,0.0,Colombia,Ingles,1755.73,1755.73,10.1,5.0,Efectivo,Completada,G001,Alta,7,2021,cliente3954@yahoo.com
RES01836,2022-05-03,Holbox,Avistamiento Tiburon Ballena,Grupal,18,2.0,Mexico,Español,1135.39,21572.41,4.0,2.2,Paypal,Completada,G026,Media,5,2022,cliente1157@yahoo.com
RES03253,2021-09-11,Tulum,Sian Ka'an,Grupal,15,0.0,Mexico,Ingles,757.38,11360.7,,4.0,,Cancelada,G026,Baja,9,2021,cliente7322@hotmail.com
RES00645,2023-08-15,Bacalar,Kayak Canales,Grupal,16,1.0,Francia,Portugues,1121.9,18511.35,4.3,5.0,EFECTIVO,Cancelada,G019,Alta,8,2023,@dominio.com
RES05333,2021-07-26,Tulum,Cenote Dos Ojos,Grupal,18,2.0,Estados Unidos,Español,1229.52,23360.88,4.8,1.1,Transferencia,Confirmada,G025,Alta,7,2021,cliente4109@outlook.com
RES04519,2023-04-14,Uxmal,Ruta Puuc,Grupal,14,,Italia,Ingles,1163.53,16871.19,6.7,3.7,Efectivo,Completada,G011,Alta,4,2023,
RES05885,2023-02-27,Playa del Carmen,Xel-Ha,Grupal,11,0.0,Mexico,Español,689.43,7583.73,3.6,5.0,T. Credito,Completada,G016,Baja,2,2023,cliente3097@yahoo.com
RES01062,2021-06-16,,Haciendas del Mayab,Grupal,14,6.0,Italia,Español,702.69,11945.73,4.2,,Tarjeta debito,Completada,G036,Media,6,2021,cliente1292@outlook.com
RES04184,2021-08-08,Uxmal,Uxmal + Kabah,Privado,1,0.0,Estados Unidos,Español,1974.38,1974.38,8.3,4.3,Efectivo,Completada,G005,Alta,8,2021,cliente9599@gmail.com
RES04982,2022-10-16,Bacalar,Kayak Canales,Grupal,5,2.0,España,Español,941.69,5650.14,8.3,5.0,Efectivo,Completada,G013,Media,10,2022,cliente3607@outlook.com
RES00121,2022-11-29,Playa del Carmen,Xcaret,Privado,2,0.0,Canada,Español,1238.3,2476.6,9.5,4.3,Paypal,Completada,,Media,11,2022,cliente1627@outlook.com
RES02953,2024-01-18,Bacalar,Laguna de los 7 Colores,Privado,4,0.0,Mexico,Español,1253.29,5013.16,7.4,4.6,Crypto,Confirmada,G014,Baja,1,2024,cliente6961@icloud.com
RES02898,2022-11-22,Bacalar,Laguna de los 7 Colores,Grupal,19,4.0,Reino Unido,Español,837.41,17585.61,8.6,4.8,Tarjeta debito,Pendiente,G018,Media,11,2022,cliente310@yahoo.com
RES04156,2024-03-02,Bacalar,Laguna de los 7 Colores,Grupal,14,2.0,Estados Unidos,Español,1057.24,15858.6,6.1,4.8,Efectivo,Confirmada,G020,Alta,3,2024,cliente6878@gmail.com
RES04848,2023-09-22,Bacalar,Fuerte de San Felipe,Grupal,13,6.0,Estados Unidos,Ingles,790.83,12653.28,4.4,4.6,Tarjeta credito,Cancelada,,Baja,9,2023,cliente5805@icloud.com
RES03101,2021-07-26,Chichen Itza,Valladolid + Chichen Itza,Grupal,8,3.0,Mexico,Español,1373.09,13044.35,3.8,3.6,Efectivo,Completada,G028,Alta,7,2021,
RES01231,2024-01-13,Holbox,Punta Mosquito,Privado,4,1.0,Australia,Español,1398.63,6293.84,4.6,5.0,Tarjeta debito,Completada,G018,Baja,1,2024,cliente8620@gmail.com
RES02847,2021-01-07,Cozumel,Snorkel El Cielo,Grupal,15,0.0,Brasil,Español,1015.94,15239.1,5.8,4.8,Crypto,Completada,G001,Baja,1,2021,cliente9792@yahoo.com
RES03514,2024-02-12,Cozumel,Snorkel El Cielo,Privado,4,1.0,Estados Unidos,Ingles,1508.56,6788.52,6.5,3.8,Tarjeta debito,Cancelada,G026,Baja,2,2024,cliente2038@gmail.com
RES03490,2021-09-11,Bacalar,Kayak Canales,Grupal,8,1.0,Italia,Español,726.56,6175.76,7.7,4.6,Crypto,Pendiente,G019,Baja,9,2021,cliente2416@outlook.com
RES03859,2022-05-30,Bacalar,Fuerte de San Felipe,Privado,4,0.0,Estados Unidos,Ingles,1331.37,5325.48,5.7,5.0,Tarjeta credito,Completada,,Media,5,2022,cliente7415@hotmail.com
RES03350,2023-11-10,Cozumel,Buceo Arrecife Palancar,Grupal,5,2.0,Brasil,Ingles,1186.81,7120.86,8.4,4.0,Tarjeta credito,Completada,G005,Media,11,2023,cliente7623@gmail.com
RES00135,2022-05-07,Bacalar,Kayak Canales,Grupal,11,1.0,Estados Unidos,Aleman,956.45,10999.18,9.6,2.1,Tarjeta debito,Completada,G016,Media,5,2022,cliente9422@icloud.com
RES03529,2021-04-27,Uxmal,Ruta Puuc,Grupal,18,2.0,Brasil,Español,1310.96,24908.24,3.2,3.2,Efectivo,Confirmada,G008,Alta,4,2021,cliente8729@hotmail.com
RES03143,2022-07-12,Holbox,Avistamiento Tiburon Ballena,Grupal,20,0.0,Estados Unidos,Italiano,1314.63,26292.6,5.2,1.1,Efectivo,Completada,G035,Alta,7,2022,sinArroba.com
RES02877,2023-12-04,Chichen Itza,Valladolid + Chichen Itza,Grupal,6,2.0,Francia,Ingles,1516.1,10612.7,5.8,2.9,Efectivo,Completada,G021,Alta,12,2023,cliente4585@hotmail.com
RES02459,2022-04-19,Holbox,Punta Mosquito,GRUPAL,10,0.0,Canada,Español,1263.23,12632.3,10.1,5.0,Efectivo,Cancelada,G025,Alta,4,2022,cliente6803@yahoo.com
RES04775,2023-06-14,Cancun,Snorkel Arrecife,Privado,4,2.0,Estados Unidos,,1231.3,6156.5,7.1,5.0,Transferencia,Completada,G010,Media,6,2023,cliente9087@outlook.com
RES01722,2022-07-17,Bacalar,Kayak Canales,Privado,4,2.0,Estados Unidos,Italiano,1696.53,8482.65,10.0,,Tarjeta debito,Confirmada,G015,Alta,7,2022,cliente6077@icloud.com
RES03265,2022-06-06,Akumal,Snorkel Tortugas Akumal,Grupal,16,1.0,Estados Unidos,Español,796.0,13134.0,7.5,1.0,Crypto,Completada,G009,Media,6,2022,cliente3104@yahoo.com
RES00512,2024-02-11,Tulum,Sian Ka'an,Grupal,9,4.0,Estados Unidos,Italiano,839.5,9234.5,7.0,5.0,Efectivo,Completada,G012,Baja,2,2024,cliente3818@hotmail.com
RES04101,2024-01-04,Cancun,Zona Hotelera Tour,Grupal,8,1.0,Mexico,Frances,684.01,5814.09,6.4,4.1,Tarjeta debito,Confirmada,G015,Baja,1,2024,cliente8602@outlook.com
RES00063,2022-11-13,Playa del Carmen,Xcaret,Grupal,14,7.0,Argentina,Español,932.9,16325.75,9.4,4.0,,Completada,G008,Media,11,2022,cliente2375@yahoo.com
RES01554,2021-03-17,Merida,Centro Historico Merida,Privado,3,1.0,Italia,Español,1352.64,4734.24,3.8,3.8,Efectivo,Completada,G028,Alta,3,2021,cliente6001@gmail.com
RES03818,2021-04-25,Akumal,Cenote Yalku,Grupal,11,1.0,Estados Unidos,Italiano,1013.97,11660.66,6.6,5.0,Tarjeta credito,Confirmada,G013,Alta,4,2021,cliente3713@icloud.com
RES05248,2021-01-22,Chichen Itza,Valladolid + Chichen Itza,Privado,4,2.0,Alemania,Frances,1519.17,7595.85,3.3,3.7,Efectivo,Completada,G013,Baja,1,2021,cliente5120@gmail.com
RES02524,2024-01-28,Merida,Haciendas del Mayab,grupal,7,3.0,Estados Unidos,Español,570.84,4852.14,9.4,4.3,EFECTIVO,Confirmada,G031,Baja,1,2024,cliente8029@gmail.com
RES02264,2023-11-12,Tulum,Sian Ka'an,Grupal,7,1.0,Mexico,Ingles,876.99,6577.43,4.9,5.0,Efectivo,Completada,G018,Media,11,2023,
RES03430,2022-12-07,Playa del Carmen,Xel-Ha,Privado,2,1.0,Mexico,Ingles,1455.26,3638.15,3.9,5.0,Tarjeta debito,Completada,G016,Alta,12,2022,cliente5786@yahoo.com
RES05803,2024-02-27,Cozumel,Tour Isla Cozumel,Privado,3,0.0,Mexico,Ingles,1484.46,4453.38,4.6,3.2,Efectivo,Confirmada,G023,Baja,2,2024,cliente1769@outlook.com
RES02216,2021-06-28,Uxmal,Uxmal + Kabah,Grupal,5,0.0,Canada,Ingles,1094.98,5474.9,8.5,,Efectivo,Pendiente,G004,Media,6,2021,cliente9422@outlook.com
RES00680,04-23-2022,Cozumel,Buceo Arrecife Palancar,Privado,1,0.0,Estados Unidos,Italiano,2136.09,2136.09,8.1,2.6,Tarjeta debito,Pendiente,G039,Alta,4,2022,cliente9918@icloud.com
RES03733,2021-06-07,Merida,Izamal + Merida,Privado,1,0.0,Estados Unidos,Español,1049.75,1049.75,8.2,2.0,Efectivo,Completada,G005,Media,6,2021,cliente2855@yahoo.com
RES01212,2021-02-21,Uxmal,Uxmal + Kabah,Privado,2,1.0,Mexico,Aleman,1208.71,3021.78,5.5,5.0,Tarjeta debito,Pendiente,G018,Baja,2,2021,sinArroba.com
RES00123,2021-08-22,Akumal,Snorkel Tortugas Akumal,Privado,4,2.0,Francia,Español,1373.83,6869.15,5.9,1.9,Crypto,Completada,G002,Alta,8,2021,cliente3754@gmail.com
RES02677,2021-11-09,Tulum,Cenote Gran Cenote,Privado,1,0.0,Canada,Español,1366.72,1366.72,9.0,3.7,Tarjeta debito,Pendiente,G016,Media,11,2021,cliente4027@yahoo.com
RES01943,2024-03-23,Cozumel,Buceo Arrecife Palancar,Privado,1,0.0,Mexico,Español,1825.42,1825.42,6.2,5.0,Efectivo,Completada,G022,Alta,3,2024,
RES04113,2022-06-04,Bacalar,Laguna de los 7 Colores,Privado,1,0.0,Estados Unidos,Ingles,1261.69,1261.69,3.4,,Tarjeta debito,Completada,G005,Media,6,2022,cliente8775@yahoo.com
RES04672,2023-03-06,Bacalar,Kayak Canales,Privado,4,0.0,Alemania,Aleman,1570.74,6282.96,7.1,5.0,Transferencia,Completada,G012,Alta,3,2023,cliente4672@outlook.com
RES03218,2021-08-31,Merida,Centro Historico Merida,Privado,4,0.0,Mexico,Aleman,1204.94,4819.76,6.6,3.9,Efectivo,Completada,G027,Alta,8,2021,cliente1864@gmail.com
RES01211,2021-07-28,Tulum,Sian Ka'an,Grupal,9,1.0,Mexico,Español,1105.83,10505.38,6.4,5.0,Efectivo,Completada,G034,Alta,7,2021,cliente6215@icloud.com
RES00568,2023-08-02,Cozumel,Snorkel El Cielo,Privado,3,1.0,Francia,Aleman,2054.21,7189.74,6.8,5.0,Efectivo,Completada,G029,Alta,8,2023,cliente6351@outlook.com
RES02379,2023-05-23,Tulum,Cenote Dos Ojos,Grupal,6,1.0,Suecia,Frances,972.59,6321.84,4.0,4.0,Tarjeta credito,Completada,G004,Media,5,2023,cliente2636@hotmail.com
RES00549,2021-11-11,Holbox,Tour Isla Holbox,Grupal,16,6.0,Estados Unidos,Ingles,1058.39,20109.41,4.8,,Efectivo,Completada,G038,Media,11,2021,cliente5868@hotmail.com
RES04222,2021-06-29,Chichen Itza,Chichen Itza + Cenote Ik Kil,Grupal,8,2.0,Estados Unidos,Español,1268.55,11416.95,9.4,,Efectivo,Completada,G022,Media,6,2021,cliente6917@icloud.com
RES00865,2022-06-09,Cozumel,Buceo Arrecife Palancar,Privado,4,0.0,Canada,Frances,1666.7,6666.8,2.6,4.0,Efectivo,Completada,G027,Media,6,2022,cliente3361@yahoo.com
RES04831,2023-09-08,Holbox,Punta Mosquito,Privado,1,0.0,Estados Unidos,Español,1273.35,1273.35,10.5,,Tarjeta credito,Confirmada,G004,Baja,9,2023,cliente6000@yahoo.com
RES01393,2022-09-29,Merida,Izamal + Merida,Grupal,-17,5.0,Canada,Español,639.92,12478.44,8.3,,Efectivo,Confirmada,G009,Baja,9,2022,cliente7254@yahoo.com
RES04526,2022-05-25,Akumal,Snorkel Tortugas Akumal,Privado,4,0.0,Alemania,Ingles,1215.09,4860.36,5.7,3.2,Paypal,Confirmada,G029,Media,5,2022,cliente8956@outlook.com
RES02432,2022-09-23,Tulum,Ruinas de Tulum,Grupal,4,1.0,Canada,Español,761.35,3426.08,9.0,3.9,Tarjeta credito,Completada,G014,Baja,9,2022,cliente7854@icloud.com
RES02046,2021-08-22,Bacalar,Fuerte de San Felipe,Grupal,11,5.0,Estados Unidos,Español,1098.38,14828.13,2.6,3.7,Tarjeta credito,Completada,G011,Alta,8,2021,cliente1350@outlook.com
RES05514,2023-04-12,Holbox,Avistamiento Tiburon Ballena,Privado,1,,Estados Unidos,Español,2071.97,2071.97,8.5,4.9,Tarjeta debito,Completada,G003,Alta,4,2023,cliente9207@outlook.com
RES03949,2023-09-19,Holbox,Tour Isla Holbox,Privado,3,1.0,Mexico,Español,1375.5,4814.25,8.3,1.0,Tarjeta credito,Completada,G038,Baja,9,2023,cliente4191@outlook.com
RES00721,2021-02-11,Tulum,Sian Ka'an,Grupal,15,7.0,Alemania,Ingles,821.88,15204.78,7.9,5.0,Efectivo,Completada,G011,Baja,2,2021,cliente9261@gmail.com
RES03886,2023-06-15,Holbox,Tour Isla Holbox,Grupal,5,1.0,Mexico,,1054.35,5798.92,6.6,4.7,Paypal,Completada,G004,Media,6,2023,cliente7264@icloud.com
RES02919,2023-07-23,Playa del Carmen,Quinta Avenida + Cozumel,Privado,4,1.0,Mexico,Frances,1582.71,7122.19,6.2,3.3,Efectivo,Cancelada,G031,Alta,7,2023,cliente1804@gmail.com
RES00691,2023-04-28,Cozumel,Tour Isla Cozumel,Privado,3,0.0,Reino Unido,Ingles,2145.71,6437.13,8.1,5.0,Transferencia,Completada,G011,Alta,4,2023,
RES00603,2022-12-09,Cozumel,Buceo Arrecife Palancar,Grupal,12,4.0,Estados Unidos,Español,1254.24,17559.36,7.3,5.0,Efectivo,Completada,G002,Alta,12,2022,cliente6861@yahoo.com
RES02146,2021-06-16,Tulum,Sian Ka'an,Privado,3,1.0,Francia,Español,1383.17,4841.1,8.7,4.8,Transferencia,Completada,G023,Media,6,2021,cliente5292@yahoo.com
RES02688,2023-06-22,Playa del Carmen,Xcaret,Privado,4,2.0,Colombia,Ingles,1193.67,5968.35,8.0,5.0,Tarjeta debito,Completada,G005,Media,6,2023,cliente9750@icloud.com
RES02945,2024-03-14,Uxmal,Uxmal + Kabah,Grupal,20,10.0,,Ingles,1309.24,32731.0,,4.1,Efectivo,Cancelada,G021,Alta,3,2024,cliente6439@icloud.com
RES02909,2021-08-01,Bacalar,Fuerte de San Felipe,Grupal,11,3.0,Argentina,Español,1026.59,12832.37,6.0,5.0,Efectivo,Completada,G005,Alta,8,2021,cliente385@gmail.com
RES04391,2021-11-11,Cozumel,Snorkel El Cielo,Grupal,11,1.0,Suiza,Español,1199.72,13796.78,4.3,5.0,Efectivo,Pendiente,G007,Media,11,2021,cliente5632@icloud.com
RES00504,2022-11-03,Bacalar,Kayak Canales,Grupal,14,4.0,Argentina,Español,847.25,13556.0,2.9,2.7,Efectivo,Completada,G025,Media,11,2022,cliente9388@hotmail.com
RES04529,2022-05-08,Akumal,Snorkel Tortugas Akumal,Grupal,7,3.0,Mexico,Ingles,739.51,6285.84,3.2,,Transferencia,Completada,G004,Media,5,2022,cliente4789@gmail.com
RES00319,2023-10-04,Tulum,Cenote Dos Ojos,Privado,3,0.0,Colombia,Español,1358.75,4076.25,8.5,4.0,Tarjeta debito,Completada,G023,Media,10,2023,sinArroba.com
RES02447,2022-06-29,Uxmal,Ruta Puuc,Privado,4,2.0,Suiza,Ingles,1629.06,8145.3,3.3,5.0,Tarjeta credito,Cancelada,G027,Media,6,2022,cliente4644@outlook.com
RES03312,2024-02-05,Merida,Haciendas del Mayab,Grupal,18,5.0,Colombia,Ingles,586.25,12018.12,5.5,4.8,Tarjeta debito,Completada,G032,Baja,2,2024,cliente2986@hotmail.com
RES00275,2023-07-30,Cozumel,Buceo Arrecife Palancar,Grupal,10,3.0,Colombia,Ingles,1330.36,15299.14,5.8,5.0,,Confirmada,G023,Alta,7,2023,cliente3870@outlook.com
RES05185,2021-04-14,Akumal,Cenote Yalku,Grupal,10,2.0,Mexico,Aleman,1036.48,11401.28,9.6,4.3,Paypal,Completada,G034,Alta,4,2021,cliente4369@gmail.com
RES02886,2022-08-18,Tulum,Ruinas de Tulum,Grupal,7,3.0,Mexico,Ingles,1201.89,10216.07,9.3,2.8,Transferencia,Completada,,Alta,8,2022,cliente223@icloud.com
RES01362,2023-02-13,Playa del Carmen,Quinta Avenida + Cozumel,Privad0,2,0.0,Estados Unidos,Ingles,,2303.58,7.4,4.4,Efectivo,Cancelada,G012,Baja,2,2023,cliente3126@hotmail.com
RES02119,2022-11-07,Chichen Itza,Chichen Itza + Cenote Ik Kil,Grupal,11,2.0,Estados Unidos,Español,1121.43,13457.16,10.0,3.1,,Completada,,Media,11,2022,cliente6539@gmail.com
RES01527,2022-09-18,Holbox,Tour Isla Holbox,Privado,1,0.0,Mexico,Ingles,30000.0,1441.98,8.2,4.7,Tarjeta debito,Completada,G026,Baja,9,2022,usuario.dominio.com
RES05195,2024-03-18,Bacalar,Fuerte de San Felipe,Privado,4,0.0,Mexico,Ingles,1542.02,6168.08,3.4,3.9,Tarjeta debito,Completada,G039,Alta,3,2024,cliente5056@gmail.com
RES03542,2022-11-30,Merida,Izamal + Merida,Grupal,9,1.0,Reino Unido,Español,662.64,6295.08,7.6,4.0,Tarjeta debito,Completada,G018,Media,11,2022,cliente2927@hotmail.com
RES04986,2021-01-06,Cozumel,Snorkel El Cielo,Privado,4,1.0,Mexico,Aleman,1498.22,6741.99,5.9,5.0,Efectivo,Completada,G008,Baja,1,2021,cliente5041@outlook.com
RES05452,2021-05-08,Holbox,Tour Isla Holbox,Privado,1,0.0,Canada,Aleman,1486.13,1486.13,9.8,4.8,Tarjeta credito,Completada,G024,Media,5,2021,cliente4576@icloud.com
RES05301,2021-12-26,Uxmal,Uxmal + Kabah,Privado,3,0.0,Argentina,Aleman,1817.81,5453.43,6.8,4.1,Tarjeta credito,Completada,G022,Alta,12,2021,cliente9484@outlook.com
RES04795,2022-06-12,Tulum,Cenote Gran Cenote,Grupal,15,5.0,Colombia,Español,960.22,16803.85,9.0,,Tarjeta debito,Completada,G002,Media,6,2022,cliente6458@gmail.com
RES05191,2024-01-15,Tulum,Cenote Gran Cenote,Grupal,14,4.0,Reino Unido,Ingles,776.92,12430.72,6.3,5.0,Efectivo,Completada,G030,Baja,1,2024,cliente3452@outlook.com
RES04923,2023-12-27,Tulum,Ruinas de Tulum,Grupal,17,0.0,Estados Unidos,Portugues,1097.89,18664.13,4.7,3.9,Efectivo,Cancelada,G035,Alta,12,2023,cliente9836@gmail.com
RES00946,2023-10-09,Holbox,Punta Mosquito,Grupal,7,1.0,Suiza,Ingles,1090.24,8176.8,7.3,,Efectivo,Completada,G026,Media,10,2023,cliente4113@icloud.com
RES05860,2023-03-02,Cozumel,Buceo Arrecife Palancar,Privado,3,0.0,Francia,Ingles,1947.15,5841.45,5.5,3.0,Paypal,Completada,G040,Alta,3,2023,cliente7760@icloud.com
RES05819,2022-01-28,Cozumel,Buceo Arrecife Palancar,Privado,3,1.0,Estados Unidos,Español,1519.45,5318.07,3.0,5.0,Tarjeta debito,Completada,G031,Baja,1,2022,cliente5744@icloud.com
RES00296,2021-06-15,Cozumel,Tour Isla Cozumel,Grupal,11,2.0,Japon,Español,1088.69,500000.0,4.6,3.6,Tarjeta credito,Completada,G031,Media,6,2021,cliente8125@yahoo.com
RES01898,2023-03-27,Tulum,Cenote Gran Cenote,Privado,2,0.0,Suecia,Aleman,1798.09,3596.18,7.1,4.0,Tarjeta debito,Completada,G008,Alta,3,2023,cliente272@yahoo.com
RES02211,2023-10-30,Cancun,Isla Mujeres,Grupal,10,5.0,Mexico,Ingles,709.29,8866.12,2.6,1.1,Tarjeta credito,Completada,G026,Media,10,2023,cliente3211@icloud.com
RES00299,2021-04-02,Cozumel,Snorkel El Cielo,Grupal,17,2.0,Mexico,Español,1260.65,22691.7,3.0,3.2,Paypal,Completada,G014,Alta,4,2021,cliente7852@outlook.com
RES00069,2022-05-05,Chichen Itza,Valladolid + Chichen Itza,Grupal,14,4.0,Francia,Ingles,1121.69,500000.0,4.2,2.3,Efectivo,Completada,G040,Media,5,2022,cliente6656@gmail.com
RES04419,30/03/2022,Cancun,Laguna Nichupte,Grupal,11,0.0,Reino Unido,Español,924.08,10164.88,3.3,5.0,Tarjeta credito,Completada,G033,Alta,3,2022,cliente8915@hotmail.com
RES00737,2021-10-07,Merida,Haciendas del Mayab,Grupal,14,2.0,Canada,Español,701.27,10519.05,8.7,5.0,Efectivo,Completada,G021,Media,10,2021,cliente3338@hotmail.com
RES01599,2023-02-01,Merida,Haciendas del Mayab,Privado,1,0.0,Mexico,Frances,943.5,200000.0,4.3,4.8,Paypal,Completada,G037,Baja,2,2023,cliente852@outlook.com
RES02869,2023-02-13,Holbox,Avistamiento Tiburon Ballena,Grupal,19,1.0,,Ingles,977.56,19062.42,,5.0,Tarjeta debito,Completada,G026,Baja,2,2023,cliente5726@icloud.com
RES05805,2023-03-06,Chichen Itza,Chichen Itza + Cenote Ik Kil,Privado,4,2.0,Reino Unido,Español,2064.43,10322.15,7.5,4.2,Paypal,Completada,G032,Alta,3,2023,@dominio.com
RES03693,2023-03-30,Uxmal,Ruta Puuc,Grupal,12,5.0,Argentina,Español,1159.2,16808.4,2.7,4.1,Crypto,Completada,G036,Alta,3,2023,cliente1399@yahoo.com
RES01504,2021-01-20,Cozumel,Tour Isla Cozumel,Privado,3,0.0,Estados Unidos,Frances,1405.8,4217.4,3.4,4.8,Tarjeta debito,Completada,G035,Baja,1,2021,cliente7472@yahoo.com
RES04972,2024-01-11,Bacalar,Kayak Canales,Grupal,20,5.0,,Español,765.36,17220.6,10.5,5.0,Paypal,Completada,G033,Baja,1,2024,cliente4482@gmail.com
RES00151,2022-09-30,Holbox,Avistamiento Tiburon Ballena,Privado,4,0.0,Mexico,Frances,1449.14,5796.56,9.8,5.0,Efectivo,Completada,,Baja,9,2022,cliente8564@yahoo.com
RES00757,2021-04-03,Bacalar,Kayak Canales,Privado,3,0.0,Mexico,Ingles,1736.78,5210.34,8.4,5.0,efectivo,Cancelada,G028,Alta,4,2021,cliente8260@icloud.com
RES02269,2022-01-17,Tulum,Cenote Gran Cenote,Privado,3,1.0,Francia,Ingles,1140.99,3993.47,7.0,5.0,Tarjeta debito,Completada,G015,Baja,1,2022,cliente6149@yahoo.com
RES05822,2023-07-29,Merida,Izamal + Merida,Grupal,10,5.0,Estados Unidos,Frances,826.57,10332.12,7.2,4.3,,Completada,G020,Alta,7,2023,cliente1485@hotmail.com
RES01704,2021-06-26,Bacalar,Laguna de los 7 Colores,Privado,2,0.0,Estados Unidos,Frances,1357.29,2714.58,8.8,2.8,Tarjeta debito,Pendiente,G030,Media,6,2021,cliente7071@outlook.com
RES05501,2022-02-05,Cancun,Zona Hotelera Tour,Grupal,18,6.0,Argentina,Ingles,644.89,13542.69,3.8,5.0,Tarjeta debito,Confirmada,G040,Baja,2,2022,cliente3312@yahoo.com
RES02504,2023-06-22,Uxmal,Ruta Puuc,Privado,1,0.0,Estados Unidos,Español,1409.44,1409.44,9.5,3.2,Transferencia,Completada,G028,Media,6,2023,@dominio.com
RES00170,2023-08-27,Cozumel,Buceo Arrecife Palancar,Grupal,11,1.0,Estados Unidos,Aleman,1420.54,16336.21,10.5,3.2,Efectivo,Completada,G035,Alta,8,2023,
RES02182,2024-01-26,Merida,Izamal + Merida,Grupal,14,4.0,,Aleman,580.9,9294.4,6.0,4.0,Efectivo,Confirmada,G039,Baja,1,2024,
RES00377,2021-05-25,Bacalar,Laguna de los 7 Colores,Grupal,8,0.0,Reino Unido,Ingles,859.93,6879.44,4.1,4.8,Efectivo,Completada,G003,Media,5,2021,cliente4090@gmail.com
RES05080,2023-08-11,Merida,Centro Historico Merida,Grupal,16,4.0,España,Ingles,894.68,16104.24,8.3,3.6,Efectivo,Completada,G008,Alta,8,2023,cliente584@gmail.com
RES02408,2021-10-13,Tulum,Cenote Gran Cenote,Grupal,6,3.0,Reino Unido,Español,1034.78,7760.85,8.0,4.3,Paypal,Completada,G009,Media,10,2021,cliente1707@hotmail.com
RES00860,2022-11-19,Akumal,Cenote Yalku,Grupal,7,0.0,Brasil,,749.73,5248.11,9.7,1.0,Transferencia,Cancelada,G029,Media,11,2022,cliente9093@hotmail.com
RES04999,2024-03-31,Cancun,Zona Hotelera Tour,Grupal,10,0.0,,Aleman,938.13,9381.3,7.1,4.1,Tarjeta credito,Cancelada,,Alta,3,2024,cliente5324@yahoo.com
RES05489,2022-12-12,Bacalar,Kayak Canales,Privado,2,0.0,Colombia,Español,1581.66,3163.32,2.6,4.1,Transferencia,Confirmada,G029,Alta,12,2022,cliente7598@yahoo.com
RES03530,2024-03-09,Cozumel,Buceo Arrecife Palancar,Privado,4,0.0,Mexico,Ingles,2052.02,8208.08,8.9,3.2,Tarjeta debito,Completada,G039,Alta,3,2024,cliente8037@icloud.com
RES00379,2022-03-26,Holbox,Punta Mosquito,Grupal,4,1.0,Alemania,Aleman,1235.98,5561.91,5.6,5.0,Transferencia,Completada,G027,Alta,3,2022,cliente5094@yahoo.com
RES02755,2022-08-16,Tulum,Ruinas de Tulum,Privado,4,1.0,Brasil,Español,1761.89,7928.51,,3.4,,Completada,G007,Alta,8,2022,cliente9119@outlook.com
RES03686,2023-04-10,Cozumel,Buceo Arrecife Palancar,Privado,2,0.0,Belgica,Frances,2173.22,4346.44,7.2,4.7,Paypal,Cancelada,G002,Alta,4,2023,cliente7331@outlook.com
RES01295,2021-07-22,Uxmal,Uxmal + Kabah,Privado,1,0.0,Estados Unidos,Español,1713.47,1713.47,7.1,4.4,Transferencia,Completada,G010,Alta,7,2021,us er@gmail.com
RES03188,2023-05-09,Cozumel,Snorkel El Cielo,Grupal,11,0.0,Estados Unidos,Ingles,1032.57,11358.27,9.6,,Tarjeta credito,Completada,G013,Media,5,2023,cliente5081@gmail.com
RES01433,2021-07-10,Holbox,Avistamiento Tiburon Ballena,Grupal,8,0.0,Francia,Español,1288.98,10311.84,5.7,3.1,Efectivo,Confirmada,G017,Alta,7,2021,cliente5411@icloud.com
RES05527,2022-04-30,Tulum,Sian Ka'an,Grupal,10,4.0,Alemania,Español,1093.61,13123.32,5.1,5.0,Efectivo,Completada,G038,Alta,4,2022,cliente5940@hotmail.com
RES04218,2023-02-27,Bacalar,Laguna de los 7 Colores,Grupal,13,2.0,Francia,Español,791.98,11087.72,7.6,4.1,T. Credito,Completada,G017,Baja,2,2023,cliente7569@icloud.com
RES03465,2022-10-23,Tulum,Cenote Gran Cenote,Privado,1,0.0,Brasil,Ingles,1352.37,1352.37,,5.0,Efectivo,Completada,,Media,10,2022,cliente257@outlook.com
RES01780,2022-12-14,Cancun,Laguna Nichupte,Grupal,13,4.0,Francia,Español,961.92,14428.8,7.1,5.0,Efectivo,Completada,G029,Alta,12,2022,cliente225@icloud.com
RES02700,2021-01-08,Chichen Itza,Chichen Itza + Cenote Ik Kil,Grupal,7,1.0,Mexico,Italiano,1068.68,8015.1,3.5,,Tarjeta credito,Pendiente,G005,Baja,1,2021,cliente748@gmail.com
RES03275,2021-08-10,Merida,Centro Historico Merida,Grupal,15,7.0,Mexico,Español,908.91,16814.83,5.9,4.3,Efectivo,Completada,G010,Alta,8,2021,cliente4793@yahoo.com
RES04609,2022-11-20,Cozumel,Buceo Arrecife Palancar,Grupal,4,2.0,Mexico,Ingles,1014.96,5074.8,6.0,4.0,Tarjeta debito,Confirmada,G034,Media,11,2022,cliente9242@gmail.com
RES01819,2023-09-20,Akumal,Snorkel Tortugas Akumal,Privado,3,0.0,Canada,Ingles,1074.41,3223.23,8.6,5.0,Tarjeta credito,Completada,G012,Baja,9,2023,cliente1827@yahoo.com
RES03589,2021-03-24,Chichen Itza,Chichen Itza + Cenote Ik Kil,Grupal,20,5.0,Canada,Español,1392.22,31324.95,4.3,5.0,Tarjeta debito,Cancelada,G004,Alta,3,2021,cliente1497@yahoo.com
RES00842,2024-02-15,Akumal,Cenote Yalku,Grupal,9,3.0,Estados Unidos,Español,715.31,7510.75,4.9,,,Cancelada,G033,Baja,2,2024,cliente4649@gmail.com
RES02716,2021-11-08,Tulum,Sian Ka'an,Privado,2,0.0,Canada,Español,1326.55,2653.1,7.6,3.6,Tarjeta debito,Completada,G040,Media,11,2021,cliente6038@icloud.com
RES01190,2022-07-18,Akumal,Cenote Yalku,Grupal,5,1.0,Mexico,Español,1008.39,5546.14,8.4,4.0,Tarjeta credito,Completada,G034,Alta,7,2022,cliente465@icloud.com
RES00176,2022-01-26,Tulum,Cenote Dos Ojos,Grupal,12,4.0,Mexico,Ingles,780.97,10933.58,4.5,4.7,Efectivo,Completada,G025,Baja,1,2022,cliente1821@gmail.com
RES03675,2022-12-08,Tulum,Ruinas de Tulum,Privado,1,0.0,España,Español,1703.39,1703.39,4.3,4.9,Paypal,Completada,G021,Alta,12,2022,cliente1190@hotmail.com
RES02723,2022-08-20,Cozumel,Buceo Arrecife Palancar,Privado,2,0.0,Argentina,Español,,3916.58,7.9,3.7,Efectivo,Completada,G028,Alta,8,2022,cliente7954@gmail.com
RES00928,2023-04-27,Playa del Carmen,Quinta Avenida + Cozumel,Grupal,20,8.0,Estados Unidos,Ingles,1100.19,26404.56,6.1,4.3,Tarjeta credito,Completada,G026,Alta,4,2023,
RES03995,2021-06-06,Tulum,Cenote Dos Ojos,Grupal,13,1.0,Italia,Ingles,935.18,12624.93,3.9,4.8,Paypal,Confirmada,G011,Media,6,2021,cliente4058@outlook.com
RES00046,2023-01-23,Merida,Centro Historico Merida,Grupal,5,2.0,Estados Unidos,Frances,591.38,3548.28,8.9,2.9,Transferencia,Completada,G017,Baja,1,2023,cliente713@icloud.com
RES01261,2022-05-13,Holbox,Tour Isla Holbox,Privado,2,0.0,Mexico,Español,1480.43,2960.86,9.8,5.0,Transferencia,Cancelada,G034,Media,5,2022,usuario.dominio.com
RES01097,2023-04-10,Cozumel,Buceo Arrecife Palancar,Grupal,13,0.0,Brasil,Español,1315.35,17099.55,4.3,,Tarjeta credito,Completada,G017,Alta,4,2023,cliente3621@yahoo.com
RES01444,2023-05-14,Holbox,Avistamiento Tiburon Ballena,Grupal,13,3.0,Colombia,Español,971.9,14092.55,5.1,5.0,Tarjeta credito,Completada,G040,Media,5,2023,cliente4213@gmail.com
RES02134,2023-07-04,Playa del Carmen,Xel-Ha,Grupal,17,0.0,Mexico,Aleman,1049.14,17835.38,5.1,2.7,Tarjeta credito,Completada,G013,Alta,7,2023,cliente1084@gmail.com
RES05492,2021-01-24,Cozumel,Snorkel El Cielo,Privado,3,1.0,Holanda,Portugues,1520.58,5322.03,9.1,3.9,Tarjeta credito,Pendiente,G008,Baja,1,2021,cliente2862@yahoo.com
RES01188,2023-07-19,Holbox,Avistamiento Tiburon Ballena,Privado,2,0.0,Colombia,Aleman,,3773.08,3.7,3.7,Efectivo,Completada,G006,Alta,7,2023,cliente6816@icloud.com
RES05827,2021-09-02,Holbox,Tour Isla Holbox,Gruupal,10,5.0,Reino Unido,Ingles,868.26,10853.25,7.2,5.0,,Completada,G036,Baja,9,2021,cliente6887@hotmail.com
RES02695,2022-08-25,Cozumel,Snorkel El Cielo,grupo,13,4.0,Mexico,Ingles,1369.36,20540.4,8.9,4.9,Efectivo,Cancelada,G007,Alta,8,2022,cliente3996@yahoo.com
RES01031,2024-01-11,Holbox,Punta Mosquito,Privado,3,1.0,Suecia,Español,1280.05,4480.18,9.1,,Paypal,Cancelada,G006,Baja,1,2024,cliente7229@hotmail.com
RES02285,2022-06-03,Cancun,Laguna Nichupte,Grupal,17,2.0,Mexico,Ingles,805.77,14503.86,4.1,5.0,Efectivo,Completada,,Media,6,2022,cliente7595@hotmail.com
RES00301,2021-06-02,Bacalar,Laguna de los 7 Colores,Grupal,20,2.0,Canada,Español,987.2,20731.2,9.5,4.2,Tarjeta debito,Completada,G022,Media,6,2021,cliente2320@gmail.com
RES02618,2021-12-10,Akumal,Cenote Yalku,Grupal,8,1.0,Mexico,,976.65,8301.52,9.5,4.9,Efectivo,Completada,G036,Alta,12,2021,cliente7116@gmail.com
RES01473,2023-06-10,Chichen Itza,Chichen Itza + Cenote Ik Kil,Privado,1,,Alemania,Español,1852.68,1852.68,100.0,3.7,Efectivo,Cancelada,,Media,6,2023,
RES00284,2022-07-27,Akumal,Cenote Yalku,Privado,2,1.0,Alemania,Español,1485.61,3714.02,3.0,3.7,Tarjeta debito,Completada,G019,Alta,7,2022,usuario.dominio.com
RES02527,2022-03-04,Merida,Centro Historico Merida,GRUPAL,16,1.0,Argentina,Ingles,915.89,15112.18,5.9,4.1,Efectivo,Cancelada,G019,Alta,3,2022,cliente5148@icloud.com
RES02949,2022-05-17,Bacalar,Laguna de los 7 Colores,Privado,4,1.0,Australia,Portugues,1400.17,6300.77,6.2,4.1,Paypal,Completada,G030,Media,5,2022,cliente6338@hotmail.com
RES04784,2023-08-02,Akumal,Snorkel Tortugas Akumal,Privado,2,0.0,Mexico,Frances,1337.79,2675.58,5.5,5.0,Tarjeta credito,Cancelada,G035,Alta,8,2023,cliente1635@outlook.com
RES04372,2023-03-07,Chichen Itza,Valladolid + Chichen Itza,Grupal,9,3.0,Canada,Ingles,1473.77,15474.58,5.4,3.2,Paypal,Completada,G016,Alta,3,2023,cliente2485@yahoo.com
RES01814,2021-09-16,Chichen Itza,Chichen Itza + Cenote Ik Kil,Grupal,16,7.0,Canada,Español,968.58,18887.31,8.1,5.0,Efctivo,Completada,G036,Baja,9,2021,cliente9587@icloud.com
RES03937,2023-10-23,Merida,Haciendas del Mayab,Grupal,17,4.0,Argentina,Italiano,751.75,14283.25,8.9,4.1,Tarjeta debito,Completada,G011,Media,10,2023,cliente2556@yahoo.com
RES05014,2021-12-10,Holbox,Avistamiento Tiburon Ballena,Grupal,7,1.0,Australia,Ingles,1306.1,9795.75,,4.2,Transferencia,Confirmada,G012,Alta,12,2021,cliente9697@gmail.com
RES04901,2021-08-30,Chichen Itza,Valladolid + Chichen Itza,Grupal,5,0.0,Canada,Ingles,1363.64,6818.2,5.8,4.6,Efectivo,Completada,G009,Alta,8,2021,cliente7883@outlook.com
RES04508,2023-03-13,Cozumel,Tour Isla Cozumel,Grupal,20,3.0,Suiza,Aleman,1262.26,27138.59,3.1,5.0,,Cancelada,G003,Alta,3,2023,cliente4293@yahoo.com
RES02171,2022-06-20,Merida,Izamal + Merida,Privado,2,0.0,España,Español,1137.78,2275.56,,3.0,Tarjeta credito,Completada,G037,Media,6,2022,cliente3763@gmail.com
RES04779,2023-08-12,Cozumel,Tour Isla Cozumel,Privado,2,1.0,Argentina,Español,2070.02,5175.05,7.7,4.3,Tarjeta credito,Completada,G035,Alta,8,2023,cliente2707@gmail.com
RES01339,2021-04-02,Chichen Itza,Chichen Itza + Cenote Ik Kil,Grupal,14,0.0,Estados Unidos,Español,1499.86,20998.04,3.6,3.7,Tarjeta credito,Completada,G006,Alta,4,2021,cliente6759@gmail.com
RES02304,2024-01-20,Cancun,Isla Mujeres,Grupal,10,5.0,Mexico,Portugues,632.67,7908.37,4.4,5.0,Tarjeta credito,Completada,G020,Baja,1,2024,cliente7928@gmail.com
RES03280,2021-10-12,Cozumel,Tour Isla Cozumel,Privado,1,,Mexico,Portugues,1688.19,1688.19,6.6,4.1,Efectivo,Pendiente,G021,Media,10,2021,cliente5277@icloud.com
RES05483,2021-07-31,Akumal,Snorkel Tortugas Akumal,Privado,1,0.0,Mexico,Ingles,1488.94,1488.94,6.5,5.0,Tarjeta credito,Completada,G040,Alta,7,2021,cliente3923@outlook.com
RES05692,2023-10-03,Playa del Carmen,Quinta Avenida + Cozumel,Grupal,6,0.0,Francia,Ingles,923.47,5540.82,6.0,3.9,Efectivo,Completada,,Media,10,2023,cliente8214@yahoo.com
RES02843,2022-07-02,Akumal,Snorkel Tortugas Akumal,Grupal,16,0.0,Reino Unido,Portugues,916.51,14664.16,6.3,2.8,Tarjeta credito,Cancelada,,Alta,7,2022,cliente7669@hotmail.com
RES04114,2022-08-16,Cancun,Isla Mujeres,Grupal,19,9.0,Mexico,Español,900.26,21156.11,6.8,3.9,Efectivo,Pendiente,G008,Alta,8,2022,cliente1904@hotmail.com
RES03207,2023-09-02,Tulum,Ruinas de Tulum,Grupal,14,1.0,Mexico,Frances,788.22,11429.19,4.4,4.7,Efectivo,Cancelada,G020,Baja,9,2023,cliente2481@gmail.com
RES05499,2021-11-29,Chichen Itza,Valladolid + Chichen Itza,Privado,2,1.0,Alemania,Ingles,1749.23,4373.07,4.7,3.9,Crypto,Completada,G039,Media,11,2021,cliente3463@gmail.com
RES00258,2023-06-21,Merida,Haciendas del Mayab,Grupal,15,1.0,Mexico,Ingles,707.14,10960.67,9.6,4.1,Tarjeta debito,Confirmada,G019,Media,6,2023,cliente4896@gmail.com
RES00508,2023-06-15,Cozumel,Snorkel El Cielo,Grupal,20,9.0,Mexico,Español,1106.5,27109.25,9.7,5.0,Efectivo,Completada,G010,Media,6,2023,cliente7066@hotmail.com
RES02911,2022-04-18,Holbox,Avistamiento Tiburon Ballena,Grupal,5,2.0,Francia,Italiano,1182.0,7092.0,3.9,5.0,Crypto,Confirmada,G030,Alta,4,2022,cliente8686@outlook.com
RES00100,2022-05-19,Cozumel,Tour Isla Cozumel,Privado,1,0.0,Estados Unidos,Ingles,1760.82,1760.82,9.0,3.7,Crypto,Confirmada,G030,Media,5,2022,cliente5452@gmail.com
RES03662,2022-11-16,Akumal,Cenote Yalku,Privado,2,1.0,Estados Unidos,Ingles,,2904.78,6.4,4.3,Efectivo,Completada,G014,Media,11,2022,cliente2016@gmail.com
RES00745,2022-01-27,Akumal,Cenote Yalku,Grupal,9,2.0,España,Español,644.36,6443.6,9.4,2.8,Tarjeta debito,Completada,G013,Baja,1,2022,cliente9384@gmail.com
RES02136,2021-06-29,Chichen Itza,Valladolid + Chichen Itza,Grupal,6,1.0,Mexico,Ingles,1318.85,8572.52,10.1,,Tarjeta credito,Completada,G021,Media,6,2021,cliente7391@outlook.com
RES05587,2022-09-22,Cancun,Laguna Nichupte,Grupal,20,1.0,Mexico,Español,627.83,12870.52,,4.3,Tarjeta debito,Confirmada,G038,Baja,9,2022,us er@gmail.com
RES01376,2022-10-14,Akumal,Cenote Yalku,Privado,4,2.0,Colombia,Español,1119.73,5598.65,,,Tarjeta credito,Completada,G003,Media,10,2022,cliente2652@hotmail.com
RES03915,2024-01-20,Holbox,Avistamiento Tiburon Ballena,Grupal,6,3.0,Mexico,Español,905.04,6787.8,5.8,5.0,Efectivo,Completada,G003,Baja,1,2024,cliente771@hotmail.com
RES03868,2021-08-30,Tulum,Cenote Dos Ojos,Privado,2,0.0,,Español,1639.99,3279.98,5.2,3.6,Efectivo,Completada,G040,Alta,8,2021,cliente1103@yahoo.com
RES04678,2023-08-16,Tulum,Cenote Gran Cenote,Grupal,19,2.0,Canada,Español,1233.61,24672.2,6.1,3.9,Efectivo,Confirmada,G018,Alta,8,2023,cliente7214@yahoo.com
RES05821,2021-09-01,Playa del Carmen,Xcaret,Privado,3,1.0,Australia,Ingles,1044.11,3654.38,5.0,4.3,Tarjeta credito,Pendiente,G018,Baja,9,2021,cliente8730@yahoo.com
RES04252,2023-04-19,Cozumel,Tour Isla Cozumel,Grupal,14,1.0,Canada,Ingles,1219.11,17677.09,5.3,4.1,Efectivo,Completada,G026,Alta,4,2023,
RES01158,2024-03-24,Uxmal,Uxmal + Kabah,Privado,3,0.0,Mexico,,1907.29,5721.87,7.4,3.9,Tarjeta credito,Completada,,Alta,3,2024,cliente5832@outlook.com
RES01859,2021-11-28,Akumal,Snorkel Tortugas Akumal,Grupal,16,8.0,Alemania,Ingles,817.23,16344.6,3.3,4.2,Efectivo,Completada,G031,Media,11,2021,cliente7601@gmail.com
RES04395,2022-05-21,Tulum,Cenote Gran Cenote,Privado,1,0.0,Alemania,Portugues,1541.39,1541.39,7.9,3.7,Efectivo,Completada,G023,Media,5,2022,
RES03657,2022-02-10,Chichen Itza,Chichen Itza + Cenote Ik Kil,Privado,2,0.0,Estados Unidos,Español,1675.65,3351.3,7.8,4.7,Efectivo,Completada,G020,Baja,2,2022,cliente6710@hotmail.com
RES04935,2021-08-25,Cancun,Snorkel Arrecife,Privado,4,1.0,Reino Unido,Español,1384.75,6231.38,10.4,3.9,Tarjeta credito,Cancelada,G031,Alta,8,2021,cliente8245@gmail.com
RES01438,2024-03-07,Playa del Carmen,Xcaret,Grupal,13,5.0,Estados Unidos,Portugues,1046.2,16216.1,8.9,5.0,Efectivo,Pendiente,G011,Alta,3,2024,cliente8819@gmail.com
RES05001,2024-01-27,Merida,Centro Historico Merida,Grupal,9,2.0,Estados Unidos,Ingles,639.49,6394.9,5.0,5.0,Efectivo,Cancelada,G034,Baja,1,2024,cliente4131@yahoo.com
RES00367,2024-01-24,Chichen Itza,Chichen Itza + Cenote Ik Kil,Privado,1,0.0,Francia,Ingles,1458.65,1458.65,4.9,,Crypto,Completada,G015,Baja,1,2024,usuario.dominio.com
RES05085,2022-07-24,Holbox,Punta Mosquito,Grupal,4,0.0,Mexico,Ingles,1264.6,5058.4,5.6,4.8,,Completada,G032,Alta,7,2022,cliente9459@gmail.com
RES03320,2023-03-16,Playa del Carmen,Xel-Ha,Grupal,11,3.0,Estados Unidos,Español,1083.27,13540.88,8.9,4.6,,Completada,G028,Alta,3,2023,cliente6813@gmail.com
RES00403,2024-02-07,Cozumel,Buceo Arrecife Palancar,Privad0,3,1.0,Mexico,Frances,1415.6,4954.6,4.7,,Tarjeta credito,Completada,G026,Baja,2,2024,cliente3359@icloud.com
RES04673,2023-05-12,Uxmal,Uxmal + Kabah,Privado,1,0.0,Italia,Portugues,1609.21,1609.21,4.8,5.0,Transferencia,Completada,G024,Media,5,2023,cliente4184@icloud.com
RES05297,2023-07-14,Merida,Centro Historico Merida,Grupal,11,2.0,Francia,Español,830.24,9962.88,10.4,4.9,Efectivo,Cancelada,G036,Alta,7,2023,cliente9595@gmail.com
RES00950,2022-07-06,Holbox,Tour Isla Holbox,Grupal,8,0.0,Estados Unidos,Aleman,1291.34,10330.72,9.6,4.9,Tarjeta credito,Completada,G018,Alta,7,2022,cliente3265@gmail.com
RES03908,2023-03-04,Uxmal,Ruta Puuc,Grupal,20,4.0,Reino Unido,Italiano,1130.91,24880.02,7.7,1.0,Efectivo,Completada,G025,Alta,3,2023,cliente5780@gmail.com
RES00020,2023-03-01,Cozumel,Tour Isla Cozumel,Grupal,7,1.0,Estados Unidos,Español,1380.93,10356.98,5.5,3.7,Efectivo,Completada,G017,Alta,3,2023,us er@gmail.com
RES00230,2023-11-17,Akumal,Cenote Yalku,Grupal,19,5.0,,Español,774.72,16656.48,4.2,4.1,Tarjeta credito,Completada,G036,Media,11,2023,cliente7012@yahoo.com
RES04214,2023-04-19,Bacalar,Laguna de los 7 Colores,Privado,4,1.0,Suiza,Ingles,1707.53,7683.89,10.4,1.6,Efectivo,Pendiente,G015,Alta,4,2023,cliente8087@outlook.com
RES00669,2023-08-26,Akumal,Snorkel Tortugas Akumal,Privado,-4,1.0,Brasil,Ingles,1501.97,6758.86,6.6,4.0,Efectivo,Completada,G036,Alta,8,2023,cliente461@yahoo.com
RES00219,2021-03-13,Tulum,Cenote Gran Cenote,Grupal,4,0.0,Estados Unidos,Portugues,1115.14,4460.56,4.7,2.0,Transferencia,Completada,G021,Alta,3,2021,cliente4256@hotmail.com
RES05037,2023-03-11,Cancun,Zona Hotelera Tour,Grupal,7,3.0,Alemania,Italiano,982.63,8352.35,8.1,4.9,Efectivo,Completada,G015,Alta,3,2023,cliente8976@outlook.com
RES04076,2022-07-14,Merida,Izamal + Merida,Grupal,9,2.0,Reino Unido,Italiano,,8294.4,4.7,3.6,Tarjeta debito,Completada,G009,Alta,7,2022,cliente3144@hotmail.com
RES02863,2023-05-13,Cozumel,Snorkel El Cielo,Privado,2,1.0,Brasil,Italiano,1591.42,3978.55,4.2,3.7,Efectivo,Completada,G011,Media,5,2023,cliente9587@icloud.com
RES04142,2023/06/08,Cancun,Zona Hotelera Tour,Grupal,17,0.0,Mexico,Español,762.15,12956.55,6.1,4.0,Tarjeta credito,Completada,G036,Media,6,2023,us er@gmail.com
RES04417,2023-03-07,Cancun,Zona Hotelera Tour,Privado,2,1.0,Mexico,Español,1242.13,3105.33,3.5,4.0,Tarjeta credito,Completada,G001,Alta,3,2023,cliente3290@hotmail.com
RES00586,2022-02-05,Cozumel,Snorkel El Cielo,Privado,4,2.0,Estados Unidos,Aleman,1388.86,6944.3,,2.7,Tarjeta debito,Completada,G021,Baja,2,2022,cliente8302@gmail.com
RES03771,2023-03-30,Chichen Itza,Valladolid + Chichen Itza,Grupal,5,0.0,Mexico,Frances,1417.8,7089.0,,4.3,Tarjeta credito,Cancelada,G032,Alta,3,2023,cliente8232@yahoo.com
RES03955,2022-09-05,Akumal,Snorkel Tortugas Akumal,Grupal,4,0.0,Argentina,Italiano,677.0,2708.0,,4.0,Tarjeta credito,Completada,G025,Baja,9,2022,cliente9448@gmail.com
RES05832,2022-06-07,Bacalar,Fuerte de San Felipe,Grupal,6,3.0,Mexico,Ingles,889.78,6673.35,9.3,,Tarjeta debito,Completada,G006,Media,6,2022,cliente4229@gmail.com
RES03961,2022-11-21,Tulum,Cenote Dos Ojos,Grupal,5,1.0,Mexico,Ingles,,5720.49,5.6,3.8,Transferencia,Completada,G016,Media,11,2022,cliente9538@outlook.com
RES03878,2024-03-23,Uxmal,Ruta Puuc,Privad0,3,0.0,Mexico,Español,1716.03,5148.09,7.2,3.4,Efectivo,Completada,G029,Alta,3,2024,cliente325@outlook.com
RES03525,2022-06-21,Chichen Itza,Chichen Itza + Cenote Ik Kil,privado,1,0.0,Estados Unidos,Español,1836.17,1836.17,10.3,4.9,Efectivo,Completada,G022,Media,6,2022,cliente6185@yahoo.com
RES03211,2022-12-03,Akumal,Snorkel Tortugas Akumal,Grupal,14,7.0,Estados Unidos,Italiano,970.84,16989.7,3.0,4.2,Tarjeta debito,Completada,G040,Alta,12,2022,cliente1297@yahoo.com
RES00778,2023-10-01,Holbox,Punta Mosquito,Grupal,17,1.0,Estados Unidos,Ingles,1106.6,19365.5,10.3,5.0,Crypto,Completada,G038,Media,10,2023,cliente6011@yahoo.com
RES02751,2023-09-10,Akumal,Cenote Yalku,Grupal,18,9.0,Reino Unido,Español,723.94,16288.65,7.5,3.0,Tarjeta credito,Completada,G029,Baja,9,2023,cliente5542@icloud.com
RES01019,2022-10-15,Merida,Izamal + Merida,Grupal,8,1.0,Estados Unidos,Ingles,747.11,6350.44,,4.8,Tarjeta credito,Completada,G029,Media,10,2022,cliente487@yahoo.com
RES01607,2021-12-14,Tulum,Cenote Gran Cenote,Privado,4,2.0,Brasil,Español,1696.17,8480.85,9.3,4.9,Tarjeta credito,Completada,G017,Alta,12,2021,cliente5511@outlook.com
RES04551,2021-03-04,Uxmal,Ruta Puuc,Privado,1,0.0,Polonia,Español,1694.22,1694.22,4.1,5.0,Transferencia,Confirmada,G028,Alta,3,2021,cliente2934@outlook.com
RES02844,2022-02-25,Merida,Haciendas del Mayab,Privado,3,0.0,Mexico,Portugues,968.45,2905.35,3.1,5.0,Efectivo,Completada,G022,Baja,2,2022,cliente5003@gmail.com
RES05856,2021-03-19,Tulum,Cenote Gran Cenote,Privado,1,0.0,Belgica,Español,1618.48,1618.48,10.0,5.0,Tarjeta credito,Completada,,Alta,3,2021,cliente5550@yahoo.com
RES03556,2023-04-03,Cozumel,Tour Isla Cozumel,Grupal,12,6.0,Francia,Portugues,1340.52,20107.8,4.3,3.2,Transferencia,Completada,,Alta,4,2023,cliente6973@hotmail.com
RES01492,2022-11-18,Holbox,Tour Isla Holbox,Grupal,19,4.0,España,Frances,1087.4,22835.4,3.4,4.8,Tarjeta debito,Completada,G024,Media,11,2022,cliente9936@icloud.com
RES03389,2024-03-30,Merida,Izamal + Merida,Privado,4,2.0,Mexico,Ingles,1355.99,6779.95,6.7,4.0,Tarjeta credito,Completada,G022,Alta,3,2024,cliente8180@hotmail.com
RES03261,2022-01-11,Merida,Centro Historico Merida,Privado,4,0.0,,Italiano,889.65,3558.6,9.1,1.7,Tarjeta credito,Cancelada,G004,Baja,1,2022,cliente5813@icloud.com
RES02105,2021-01-22,Playa del Carmen,Xel-Ha,Privado,4,1.0,Canada,Español,1093.93,4922.69,4.3,5.0,Tarjeta credito,Pendiente,G017,Baja,1,2021,cliente8663@gmail.com
RES05274,2021-10-22,Bacalar,Fuerte de San Felipe,Grupal,13,5.0,Mexico,Español,906.35,14048.43,3.1,5.0,Transferencia,Cancelada,G034,Media,10,2021,cliente5650@hotmail.com
RES04514,2023-01-14,Cozumel,Buceo Arrecife Palancar,Grupal,18,8.0,Mexico,Español,888.17,19539.74,10.4,3.9,Efectivo,Pendiente,G009,Baja,1,2023,cliente8231@icloud.com
RES02914,2021-12-31,Playa del Carmen,Quinta Avenida + Cozumel,Privado,4,1.0,Canada,Español,1576.16,7092.72,6.0,4.2,Efectivo,Completada,G031,Alta,12,2021,cliente6692@yahoo.com
RES01594,2021-06-07,Uxmal,Uxmal + Kabah,Grupal,6,2.0,Mexico,Ingles,1029.57,7206.99,7.1,5.0,Efectivo,Completada,G035,Media,6,2021,usuario.dominio.com
RES00518,2023-05-02,Bacalar,Fuerte de San Felipe,Grupal,16,1.0,Francia,Español,891.84,14715.36,2.6,5.0,Efectivo,Completada,G008,Media,5,2023,cliente8813@hotmail.com
RES00322,2022-11-14,Akumal,Snorkel Tortugas Akumal,Grupal,16,7.0,Mexico,Español,865.13,16870.03,6.1,4.3,Tarjeta credito,Completada,G019,Media,11,2022,cliente7038@gmail.com
RES03683,2023-10-19,Bacalar,Fuerte de San Felipe,Privado,1,0.0,Reino Unido,Español,1413.41,1413.41,5.7,4.6,Tarjeta debito,Cancelada,G035,Media,10,2023,cliente2124@gmail.com
RES04676,2024-03-07,Merida,Centro Historico Merida,Privado,3,0.0,Mexico,Frances,1221.27,3663.81,3.1,5.0,Tarjeta debito,Cancelada,G013,Alta,3,2024,usuario.dominio.com
RES04126,2022-12-08,Cancun,Zona Hotelera Tour,Grupal,5,0.0,Mexico,Español,950.99,4754.95,5.6,4.7,Efectivo,Completada,G033,Alta,12,2022,cliente8988@gmail.com
RES05211,2023-03-31,Playa del Carmen,Xcaret,Grupal,18,5.0,Mexico,Ingles,1034.64,21210.12,6.0,2.6,Efectivo,Completada,G038,Alta,3,2023,cliente3134@outlook.com
RES00218,2023-09-24,Cancun,Isla Mujeres,Privado,1,0.0,Mexico,Ingles,1011.32,1011.32,7.5,5.0,Tarjeta credito,Cancelada,G006,Baja,9,2023,cliente5716@icloud.com
RES05913,2022-10-20,Cancun,Isla Mujeres,Grupal,7,3.0,Francia,Español,806.14,6852.19,4.1,4.6,Efectivo,Completada,G028,Media,10,2022,
RES01993,2023-10-03,Tulum,Cenote Gran Cenote,Grupal,8,4.0,Estados Unidos,Español,975.25,9752.5,5.6,1.0,Transferencia,Completada,G008,Media,10,2023,cliente777@yahoo.com
RES00361,2022-03-09,Tulum,Ruinas de Tulum,Grupal,14,5.0,Canada,Español,1144.08,18877.32,8.6,4.9,,Completada,G004,Alta,3,2022,cliente9371@yahoo.com
RES04402,2024-01-29,Akumal,Cenote Yalku,Privado,1,0.0,Reino Unido,Español,942.89,942.89,4.6,2.9,Tarjeta credito,Completada,G021,Baja,1,2024,cliente4168@yahoo.com
RES03380,2023-03-09,Bacalar,Fuerte de San Felipe,Privado,2,0.0,Estados Unidos,Ingles,1579.8,3159.6,8.9,3.3,Tarjeta credito,Completada,G032,Alta,3,2023,cliente7951@yahoo.com
RES03048,2023-10-06,Uxmal,Ruta Puuc,Privado,2,1.0,Estados Unidos,Español,1495.18,3737.95,9.5,4.0,Efectivo,Completada,,Media,10,2023,cliente6514@hotmail.com
RES02348,2021-08-31,Tulum,Cenote Gran Cenote,Grupal,12,6.0,Japon,Español,1172.04,17580.6,10.5,3.8,Efectivo,Confirmada,G026,Alta,8,2021,cliente5182@hotmail.com
RES01053,2021-12-26,Merida,Haciendas del Mayab,Privado,1,0.0,Mexico,Español,1220.5,-1220.5,5.5,1.1,Transferencia,Completada,G014,Alta,12,2021,cliente7727@hotmail.com
RES02834,2022-12-02,Uxmal,Ruta Puuc,Grupal,15,2.0,Alemania,Ingles,1221.69,19547.04,3.9,4.7,Crypto,Completada,G020,Alta,12,2022,cliente9033@yahoo.com
RES00760,2022-09-30,Merida,Centro Historico Merida,Privado,1,0.0,Estados Unidos,Aleman,869.81,869.81,4.8,3.7,Tarjeta debito,Confirmada,G038,Baja,9,2022,
RES04696,2023-12-10,Uxmal,Uxmal + Kabah,Grupal,13,3.0,Canada,Español,1134.77,16454.17,8.7,4.7,Tarjeta credito,Completada,,Alta,12,2023,cliente2585@outlook.com
RES04811,2022-11-25,Cancun,Snorkel Arrecife,Privado,3,0.0,,Ingles,1189.52,3568.56,5.6,5.0,Efectivo,Pendiente,G029,Media,11,2022,cliente9863@hotmail.com
RES03820,2023-04-01,Cozumel,Tour Isla Cozumel,Grupal,19,6.0,Mexico,Italiano,1442.25,31729.5,4.5,,Tarjeta debito,Completada,G030,Alta,4,2023,cliente2968@yahoo.com
RES01427,2023-01-30,Chichen Itza,Valladolid + Chichen Itza,Grupal,13,1.0,Canada,Italiano,1110.04,14985.54,2.6,4.9,Efectivo,Completada,,Baja,1,2023,cliente4366@yahoo.com
RES01967,2023-01-02,Uxmal,Uxmal + Kabah,Grupal,10,4.0,Italia,Portugues,809.38,9712.56,8.1,4.2,,Completada,G040,Baja,1,2023,cliente7569@icloud.com
RES05088,2022-12-21,Cancun,Laguna Nichupte,Privado,1,0.0,Estados Unidos,Español,1441.98,1441.98,9.5,5.0,Tarjeta debito,Cancelada,G030,Alta,12,2022,cliente8610@yahoo.com
RES00215,2023-07-27,Tulum,Cenote Dos Ojos,Grupal,5,0.0,Alemania,Español,1246.01,6230.05,3.5,5.0,Efectivo,Completada,G001,Alta,7,2023,cliente7077@gmail.com
RES01615,2021-08-14,Akumal,Snorkel Tortugas Akumal,Grupal,6,0.0,,Español,1011.06,6066.36,5.7,4.8,,Completada,G032,Alta,8,2021,cliente9687@hotmail.com
RES04704,2022-11-15,Tulum,Cenote Dos Ojos,Grupal,5,1.0,Italia,Portugues,959.57,5277.64,4.7,4.9,Efectivo,Cancelada,G024,Media,11,2022,cliente9273@yahoo.com
RES01718,2021-04-20,Merida,Centro Historico Merida,Grupal,6,2.0,Mexico,Ingles,833.2,5832.4,2.8,3.7,,Pendiente,G035,Alta,4,2021,sinArroba.com
RES05825,2021-09-28,Cozumel,Snorkel El Cielo,Grupal,12,0.0,Estados Unidos,Español,1012.6,12151.2,8.0,,Efectivo,Completada,G040,Baja,9,2021,cliente7134@gmail.com
RES05047,2023-12-13,Uxmal,Ruta Puuc,Grupal,8,4.0,Estados Unidos,Español,1297.02,12970.2,10.0,4.6,Tarjeta debito,Confirmada,G021,Alta,12,2023,cliente7887@yahoo.com
RES03036,2024-03-07,Akumal,Cenote Yalku,Grupal,15,2.0,Brasil,Español,889.46,14231.36,2.6,3.0,Transferencia,Confirmada,G033,Alta,3,2024,cliente9298@gmail.com
RES02030,2023-01-03,Akumal,Snorkel Tortugas Akumal,Grupal,13,2.0,Estados Unidos,Ingles,,9815.82,4.3,5.0,Paypal,Confirmada,G015,Baja,1,2023,cliente6874@outlook.com
RES01703,2022-09-23,Bacalar,Fuerte de San Felipe,Grupal,9,0.0,Francia,Ingles,826.49,-7438.41,9.0,4.8,Transferencia,Completada,G020,Baja,9,2022,cliente7504@hotmail.com
RES05458,2021-06-20,Merida,Izamal + Merida,Grupal,13,2.0,Francia,,,9359.84,9.7,2.8,Efectivo,Completada,G038,Media,6,2021,cliente7245@gmail.com
RES05566,2023-06-03,Uxmal,Uxmal + Kabah,Privado,1,0.0,Alemania,Español,30000.0,1445.83,10.2,5.0,Efectivo,Confirmada,G024,Media,6,2023,cliente4407@icloud.com
RES02088,2021-07-21,Akumal,Cenote Yalku,Privado,3,0.0,Brasil,Español,1401.15,4203.45,5.0,4.7,Efectivo,Completada,G009,Alta,7,2021,cliente801@hotmail.com
RES00197,2021-09-02,Tulum,Cenote Gran Cenote,Grupal,6,2.0,Estados Unidos,Ingles,861.45,6030.15,6.5,99.0,Tarjeta credito,Completada,G027,Baja,9,2021,usuario@
RES00726,2023-10-22,Bacalar,Fuerte de San Felipe,Grupal,7,2.0,Canada,Ingles,884.21,7073.68,9.5,3.8,Tarjeta credito,Completada,G031,Media,10,2023,cliente6609@gmail.com
RES02667,2023-12-06,Holbox,Punta Mosquito,Grupal,14,4.0,Reino Unido,Portugues,1160.49,18567.84,8.1,4.3,Crypto,Completada,G002,Alta,12,2023,cliente7850@outlook.com
RES01513,2023-09-02,Cancun,Laguna Nichupte,Grupal,10,5.0,Suecia,Italiano,678.87,8485.88,4.5,4.8,Efectivo,Completada,G035,Baja,9,2023,cliente9227@gmail.com
RES04357,2023-01-06,Holbox,Avistamiento Tiburon Ballena,Grupal,5,,Canada,Ingles,910.96,5465.76,9.9,5.0,Tarjeta credito,Completada,G023,Baja,1,2023,cliente612@hotmail.com
RES04089,2022-10-29,Chichen Itza,Valladolid + Chichen Itza,Grupal,8,2.0,Holanda,Español,1112.62,10013.58,5.5,3.7,Efectivo,Completada,G032,Media,10,2022,cliente1921@gmail.com
RES05829,2022-02-22,Bacalar,Fuerte de San Felipe,GRUPAL,11,5.0,Estados Unidos,Ingles,711.42,9604.17,5.1,,Tarjeta debito,Completada,G030,Baja,2,2022,cliente9973@icloud.com
RES01057,2021-02-18,Cancun,Isla Mujeres,Grupal,4,1.0,Canada,Español,633.07,2848.82,3.1,5.0,Tarjeta credito,Completada,G017,Baja,2,2021,cliente8247@gmail.com
RES05338,2023-08-29,Tulum,Cenote Dos Ojos,Grupal,13,3.0,Australia,Español,1241.7,18004.65,8.0,4.9,Tarjeta credito,Completada,G006,Alta,8,2023,cliente9137@gmail.com
RES00888,2022-10-04,Tulum,Cenote Gran Cenote,Grupal,11,3.0,Mexico,Español,939.49,11743.62,8.9,4.1,Transferencia,Confirmada,G029,Media,10,2022,cliente6580@icloud.com
RES05762,2021-09-08,Uxmal,Ruta Puuc,Privado,1,0.0,Italia,Español,1221.95,1221.95,9.5,,Tarjeta credito,Cancelada,G015,Baja,9,2021,cliente4778@outlook.com
RES01093,2021-04-03,Playa del Carmen,Quinta Avenida + Cozumel,Grupal,5,1.0,Estados Unidos,Español,996.81,5482.45,5.3,3.7,Transferencia,Completada,G008,Alta,4,2021,usuario.dominio.com
RES03623,2023-04-23,Cozumel,Snorkel El Cielo,Grupal,20,9.0,Estados Unidos,Aleman,1324.4,32447.8,9.8,4.8,Tarjeta debito,Completada,G023,Alta,4,2023,cliente6182@yahoo.com
RES04152,2021-07-01,Merida,Izamal + Merida,Grupal,11,0.0,Estados Unidos,Frances,,9316.56,10.0,3.3,Paypal,Confirmada,G040,Alta,7,2021,cliente4607@outlook.com
RES00569,2024-01-07,Playa del Carmen,Xel-Ha,Grupal,12,1.0,Mexico,Español,694.44,8680.5,5.5,4.9,Efectivo,Completada,G040,Baja,1,2024,cliente6848@outlook.com
RES00517,2022-08-26,Cancun,Laguna Nichupte,Privado,1,0.0,Estados Unidos,Ingles,1373.58,1373.58,7.6,5.0,Efectivo,Confirmada,,Alta,8,2022,cliente3524@yahoo.com
RES04413,2021-05-27,Uxmal,Uxmal + Kabah,Grupal,16,4.0,Mexico,Italiano,926.66,16679.88,4.5,5.0,Tarjeta credito,Completada,G021,Media,5,2021,cliente8194@outlook.com
RES04804,2023-03-31,Bacalar,Kayak Canales,Grupal,13,6.0,Mexico,Español,1156.44,18503.04,3.3,4.8,Transferencia,Cancelada,G016,Alta,3,2023,cliente9216@outlook.com
RES04086,2021-05-18,Cancun,Laguna Nichupte,Grupal,4,2.0,Japon,Español,704.7,3523.5,6.5,4.9,Efectivo,Completada,G023,Media,5,2021,us er@gmail.com
RES00140,2021-08-22,Cancun,Zona Hotelera Tour,Privado,1,0.0,Holanda,Español,1339.22,1339.22,6.9,,,Completada,G009,Alta,8,2021,cliente7341@icloud.com
RES05869,2023-10-01,Cancun,Laguna Nichupte,Privado,4,,Estados Unidos,Frances,1172.87,5277.91,,3.8,Tarjeta credito,Completada,G027,Media,10,2023,cliente7683@gmail.com
RES05696,2022-10-24,Tulum,Cenote Gran Cenote,Grupal,18,0.0,Italia,Ingles,930.51,16749.18,8.5,4.7,Tarjeta credito,Completada,G008,Media,10,2022,cliente883@outlook.com
RES02314,2021-09-01,Chichen Itza,Valladolid + Chichen Itza,Grupal,6,2.0,Estados Unidos,Portugues,1082.06,7574.42,9.7,4.2,Transferencia,Completada,G015,Baja,9,2021,cliente2920@icloud.com
RES02482,2023-04-09,Merida,Centro Historico Merida,Grupal,14,4.0,Canada,Español,833.33,13333.28,4.9,4.8,Tarjeta credito,Completada,G013,Alta,4,2023,cliente9813@yahoo.com
RES01150,2023-03-29,Uxmal,Ruta Puuc,Grupal,4,1.0,Francia,Español,1308.48,5888.16,8.8,4.7,Tarjeta debito,Completada,G012,Alta,3,2023,cliente2669@gmail.com
RES02463,2022-05-09,Uxmal,Ruta Puuc,Privado,4,2.0,Canada,Español,1578.5,7892.5,3.0,4.7,Efectivo,Cancelada,G014,Media,5,2022,cliente8222@hotmail.com
RES02624,2022-09-23,Uxmal,Uxmal + Kabah,Grupal,15,5.0,Mexico,Portugues,826.18,14458.15,6.3,5.0,Paypal,Completada,G035,Baja,9,2022,cliente1855@yahoo.com
RES02303,2023-08-21,Bacalar,Fuerte de San Felipe,Grupal,18,9.0,Alemania,Español,1085.19,24416.78,3.1,4.2,Efectivo,Pendiente,G030,Alta,8,2023,cliente7230@outlook.com
RES02560,2023-10-09,Playa del Carmen,Quinta Avenida + Cozumel,Grupal,4,1.0,Alemania,Español,789.8,3554.1,2.7,4.4,Paypal,Cancelada,G015,Media,10,2023,cliente8122@yahoo.com
RES00464,2021-12-25,Tulum,Ruinas de Tulum,Grupal,12,2.0,Estados Unidos,Español,1133.05,14729.65,9.7,3.8,Efectivo,Confirmada,,Alta,12,2021,cliente8058@icloud.com
RES05974,2021-02-17,Chichen Itza,Valladolid + Chichen Itza,Grupal,20,10.0,Canada,Ingles,1107.67,27691.75,6.8,5.0,Tarjeta credito,Completada,G029,Baja,2,2021,cliente1232@yahoo.com
RES05845,2023-03-15,Akumal,Snorkel Tortugas Akumal,Grupal,10,5.0,Estados Unidos,Español,972.11,12151.38,5.6,2.8,Paypal,Completada,G001,Alta,3,2023,cliente5648@gmail.com
RES05015,2022-08-01,Bacalar,Laguna de los 7 Colores,Privado,4,0.0,Canada,Español,1535.9,6143.6,7.5,5.0,Tarjeta credito,Completada,G019,Alta,8,2022,
RES00595,2022-11-12,Chichen Itza,Valladolid + Chichen Itza,Grupal,19,2.0,Canada,Aleman,1237.37,24747.4,,3.8,Transferencia,Completada,G034,Media,11,2022,cliente2542@icloud.com
RES03120,2023-06-12,Akumal,Snorkel Tortugas Akumal,Privado,3,1.0,Estados Unidos,,1199.45,4198.07,3.5,4.4,Paypal,Completada,G023,Media,6,2023,cliente1313@icloud.com
RES01808,2022-03-22,Merida,Izamal + Merida,Privado,1,0.0,Canada,Español,1261.17,1261.17,4.4,3.6,Tarjeta credito,Completada,G003,Alta,3,2022,cliente9979@gmail.com
RES03126,2021-03-29,Merida,Haciendas del Mayab,Privado,1,0.0,Estados Unidos,Español,1181.94,1181.94,10.0,3.7,Tarjeta debito,Completada,G001,Alta,3,2021,cliente4375@gmail.com
RES00451,2021-08-13,Holbox,Tour Isla Holbox,Grupal,12,1.0,España,Español,1280.73,16009.12,3.7,5.0,Tarjeta debito,Pendiente,G025,Alta,8,2021,cliente1848@yahoo.com
RES04394,2024-03-19,Playa del Carmen,Quinta Avenida + Cozumel,Grupal,17,5.0,,Español,1017.66,19844.37,9.1,5.0,Efectivo,Completada,G006,Alta,3,2024,cliente6722@yahoo.com
RES05140,2021-06-03,Cozumel,Snorkel El Cielo,Grupal,11,4.0,Holanda,Ingles,1166.54,15165.02,10.3,5.0,Tarjeta debito,Completada,G039,Media,6,2021,cliente1585@icloud.com
RES05090,2021-06-06,Chichen Itza,Valladolid + Chichen Itza,Grupal,11,5.0,Canada,Español,1289.03,17401.9,6.8,5.0,Efectivo,Confirmada,G013,Media,6,2021,cliente9070@gmail.com
RES00519,2021-11-15,Cozumel,Snorkel El Cielo,Grupal,9,0.0,Estados Unidos,Ingles,1170.73,10536.57,8.3,3.0,Tarjeta credito,Completada,G011,Media,11,2021,cliente6116@hotmail.com
RES03149,2023-06-05,Merida,Centro Historico Merida,Grupal,8,2.0,Brasil,,754.0,6786.0,,4.1,Tarjeta credito,Pendiente,G002,Media,6,2023,
RES03740,2022-09-30,Uxmal,Ruta Puuc,Grupal,13,2.0,Francia,Ingles,794.67,11125.38,4.7,4.3,Tarjeta debito,Completada,G028,Baja,9,2022,cliente3762@yahoo.com
RES00313,2021-06-25,Bacalar,Laguna de los 7 Colores,Privado,2,0.0,Estados Unidos,Italiano,1290.88,2581.76,7.8,5.0,Tarjeta credito,Completada,G001,Media,6,2021,cliente4784@icloud.com
RES02520,2022-12-05,Bacalar,Kayak Canales,Privado,1,0.0,Mexico,Español,1583.34,1583.34,8.9,,Efectivo,Confirmada,G027,Alta,12,2022,
RES02111,2022-12-24,Bacalar,Fuerte de San Felipe,Privado,1,0.0,Holanda,Español,,1634.08,3.7,5.0,Tarjeta debito,Completada,G019,Alta,12,2022,cliente140@yahoo.com
RES04586,2022-10-02,Uxmal,Ruta Puuc,Grupal,7,1.0,Mexico,Español,1067.76,8008.2,4.6,5.0,Tarjeta credito,Cancelada,G031,Media,10,2022,cliente8777@icloud.com
RES04285,2022-09-30,Bacalar,Laguna de los 7 Colores,Grupal,7,1.0,Alemania,Español,739.89,5549.18,7.6,,Efectivo,Pendiente,G017,Baja,9,2022,cliente7775@outlook.com
RES01175,2023-09-20,Cozumel,Snorkel El Cielo,Grupal,14,6.0,Colombia,Español,1019.0,17323.0,10.2,5.0,Transferencia,Completada,G020,Baja,9,2023,cliente9836@outlook.com
RES05861,2023-09-13,Cozumel,Buceo Arrecife Palancar,Grupal,18,,Francia,Portugues,975.98,17567.64,5.5,5.0,Efectivo,Completada,,Baja,9,2023,cliente9288@gmail.com
RES00452,2022-08-13,Merida,Izamal + Merida,Privado,4,0.0,Alemania,Portugues,1282.01,5128.04,10.4,3.9,Tarjeta debito,Completada,,Alta,8,2022,cliente7289@icloud.com
RES05067,2022-09-28,Holbox,Punta Mosquito,Privado,2,0.0,,Frances,1448.07,2896.14,2.8,4.7,Tarjeta debito,Confirmada,G008,Baja,9,2022,cliente711@hotmail.com
RES03022,2022-02-18,Holbox,Avistamiento Tiburon Ballena,Privado,1,0.0,Mexico,Italiano,1255.94,1255.94,,1.6,Efectivo,Pendiente,G018,Baja,2,2022,cliente1502@outlook.com
RES01113,2024-03-09,Akumal,Cenote Yalku,Privado,2,0.0,Alemania,Español,1441.7,2883.4,5.7,3.7,Tarjeta credito,Completada,G039,Alta,3,2024,cliente1342@outlook.com
RES04873,2021-05-29,Holbox,Punta Mosquito,Grupal,9,0.0,Mexico,Español,1145.2,10306.8,6.7,5.0,efectivo,Completada,G015,Media,5,2021,cliente2821@icloud.com
RES01579,2023-06-09,Merida,Izamal + Merida,Grupal,10,3.0,Reino Unido,Ingles,712.93,8198.69,7.0,4.9,Tarjeta credito,Completada,G030,Media,6,2023,cliente8996@gmail.com
RES00891,2023-11-17,Bacalar,Laguna de los 7 Colores,Grupal,6,1.0,Mexico,Ingles,881.47,5729.56,2.7,5.0,Tarjeta debito,Completada,G007,Media,11,2023,cliente3894@icloud.com
RES01616,2023-03-06,Tulum,Ruinas de Tulum,Grupal,11,0.0,Estados Unidos,Aleman,1111.67,12228.37,8.0,5.0,Tarjeta debito,Completada,G013,Alta,3,2023,
RES04375,2023-05-03,Cozumel,Buceo Arrecife Palancar,Grupal,12,,Mexico,Español,1116.62,15632.68,3.5,4.2,Tarjeta credito,Cancelada,G025,Media,5,2023,cliente7830@gmail.com
RES02893,2023-11-20,Tulum,Cenote Dos Ojos,Privado,3,0.0,Italia,Español,1428.41,4285.23,10.4,1.0,Efectivo,Completada,G007,Media,11,2023,cliente3621@yahoo.com
RES03482,2023-02-01,Cozumel,Buceo Arrecife Palancar,Grupal,20,8.0,Estados Unidos,Ingles,897.93,21550.32,8.7,,Tarjeta credito,Cancelada,G019,Baja,2,2023,cliente6650@gmail.com
RES05879,2023-04-16,Playa del Carmen,Xel-Ha,Privado,4,0.0,Alemania,Ingles,1540.76,6163.04,7.8,4.2,Transferencia,Completada,G027,Alta,4,2023,cliente156@outlook.com
RES05933,2022-10-26,Merida,Izamal + Merida,Grupal,12,0.0,Argentina,Ingles,678.66,-8143.92,4.3,3.9,Efectivo,Completada,G038,Media,10,2022,cliente7826@yahoo.com
RES01264,2023-12-02,Chichen Itza,Chichen Itza + Cenote Ik Kil,Grupal,17,4.0,Mexico,Español,1478.26,28086.94,9.4,4.3,Tarjeta credito,Completada,G016,Alta,12,2023,cliente1789@yahoo.com
RES05651,2021-07-14,Cozumel,Buceo Arrecife Palancar,Privado,1,0.0,Reino Unido,Español,1909.37,1909.37,6.6,4.7,Efectivo,Completada,G014,Alta,7,2021,cliente6413@gmail.com
RES01000,2023-06-15,Chichen Itza,Valladolid + Chichen Itza,Privado,3,0.0,Japon,Italiano,1715.97,5147.91,6.0,5.0,Tarjeta credito,Completada,G027,Media,6,2023,cliente9731@icloud.com
RES03809,2023-02-27,Merida,Haciendas del Mayab,Grupal,18,0.0,Mexico,Ingles,551.69,9930.42,8.0,4.4,Efectivo,Completada,G005,Baja,2,2023,@dominio.com
RES01360,2021-01-09,Holbox,Punta Mosquito,Grupal,15,4.0,Mexico,Español,972.32,16529.44,6.3,3.7,,Pendiente,G010,Baja,1,2021,sinArroba.com
RES02859,2024-01-02,Cozumel,Buceo Arrecife Palancar,Grupal,13,3.0,Estados Unidos,Español,930.53,13492.68,6.7,5.0,Efectivo,Confirmada,G027,Baja,1,2024,cliente3362@yahoo.com
RES01477,2023-12-17,Cancun,Snorkel Arrecife,Grupal,7,2.0,Estados Unidos,Italiano,876.07,7008.56,6.1,4.8,Paypal,Completada,G036,Alta,12,2023,cliente4776@yahoo.com
RES05433,2023-10-09,Cancun,Isla Mujeres,Grupal,18,,Canada,Frances,744.74,13405.32,10.5,4.7,Transferencia,Completada,G002,Media,10,2023,cliente4694@outlook.com
RES05031,2023-03-29,Chichen Itza,Chichen Itza + Cenote Ik Kil,Privado,3,0.0,Mexico,Español,2138.46,6415.38,7.1,4.6,,Completada,G014,Alta,3,2023,
RES05087,2021-11-03,Merida,Izamal + Merida,Grupal,18,5.0,Francia,Ingles,656.56,13459.48,3.3,,Efectivo,Confirmada,G036,Media,11,2021,cliente6595@outlook.com
RES03484,2023-07-23,Tulum,Sian Ka'an,Grupal,9,2.0,Estados Unidos,Ingles,,12106.0,6.6,5.0,,Completada,G011,Alta,7,2023,cliente8666@icloud.com
RES03667,2024-01-28,Bacalar,Kayak Canales,Grupal,14,6.0,Alemania,Español,747.54,12708.18,4.7,3.9,Tarjeta debito,Completada,G032,Baja,1,2024,cliente7622@hotmail.com
RES02842,2021-05-09,Cozumel,Buceo Arrecife Palancar,Grupal,20,1.0,Colombia,Ingles,1023.64,20984.62,4.9,3.2,Tarjeta credito,Pendiente,G021,Media,5,2021,cliente2872@hotmail.com
RES05769,2023-05-18,Cozumel,Tour Isla Cozumel,Privad0,2,1.0,España,Frances,1669.65,4174.12,8.9,4.0,Paypal,Completada,G031,Media,5,2023,cliente7737@outlook.com
RES01294,2023-06-10,Playa del Carmen,Quinta Avenida + Cozumel,Privado,4,2.0,,Español,1311.08,6555.4,4.7,4.9,Crypto,Completada,G016,Media,6,2023,usuario.dominio.com
RES05318,2022-08-02,Bacalar,Laguna de los 7 Colores,Grupal,15,0.0,Alemania,Ingles,1119.88,150000.0,10.0,5.0,Tarjeta credito,Pendiente,,Alta,8,2022,us er@gmail.com
RES05046,2022-04-18,Cancun,Snorkel Arrecife,Privado,4,0.0,Brasil,,1410.96,5643.84,8.6,5.0,Efectivo,Completada,G025,Alta,4,2022,cliente3138@yahoo.com
RES01908,2024-01-05,Cancun,Snorkel Arrecife,Grupal,10,5.0,Mexico,Español,609.52,7619.0,10.3,3.0,Efectivo,Completada,G032,Baja,1,2024,cliente8883@yahoo.com
RES03806,2022-09-11,Playa del Carmen,Xcaret,Privado,3,1.0,Reino Unido,Ingles,1191.78,4171.23,2.6,3.8,,Completada,G019,Baja,9,2022,cliente6371@gmail.com
RES04464,2022-11-20,Playa del Carmen,Xel-Ha,Grupal,15,2.0,Polonia,Aleman,887.96,14207.36,7.5,5.0,Efectivo,Completada,G016,Media,11,2022,usuario@
RES00369,2021-02-23,Chichen Itza,Chichen Itza + Cenote Ik Kil,Grupal,5,2.0,Colombia,Español,1081.67,6490.02,6.4,4.1,Efectivo,Cancelada,G005,Baja,2,2021,cliente5230@yahoo.com
RES01938,2022-02-15,Bacalar,Laguna de los 7 Colores,Grupal,6,3.0,Mexico,Ingles,718.14,5386.05,6.6,5.0,Tarjeta debito,Completada,G018,Baja,2,2022,@dominio.com
RES01152,2023-08-02,Bacalar,Kayak Canales,Grupal,12,5.0,,Español,998.28,14475.06,3.7,4.3,Efectivo,Completada,G004,Alta,8,2023,cliente5461@gmail.com
RES05743,2023-03-09,Playa del Carmen,Xcaret,Grupal,17,4.0,Estados Unidos,Ingles,961.8,18274.2,7.8,4.9,Tarjeta credito,Completada,G019,Alta,3,2023,cliente1361@hotmail.com
RES03959,2021-01-22,Cancun,Snorkel Arrecife,Privado,2,0.0,Estados Unidos,,1019.79,2039.58,9.1,4.4,Tarjeta debito,Completada,G021,Baja,1,2021,us er@gmail.com
RES05943,2021-12-10,Cancun,Isla Mujeres,Privado,1,0.0,Japon,Español,1321.17,1321.17,8.9,3.8,Tarjeta credito,Completada,G027,Alta,12,2021,cliente8351@icloud.com
RES00192,2022-02-06,Cozumel,Snorkel El Cielo,Grupal,9,0.0,Suiza,Frances,914.7,8232.3,2.9,5.0,Transferencia,Completada,G025,Baja,2,2022,cliente371@yahoo.com
RES00175,2022-12-25,Cancun,Laguna Nichupte,Grupal,18,7.0,Estados Unidos,Ingles,905.9,19476.85,6.7,,Tarjeta credito,Completada,G013,Alta,12,2022,cliente8685@gmail.com
RES03210,2022-10-16,Uxmal,Ruta Puuc,Grupal,6,2.0,Reino Unido,Español,980.31,6862.17,4.9,4.9,Efectivo,Completada,G007,Media,10,2022,cliente5342@hotmail.com
RES03396,2021-10-28,Merida,Haciendas del Mayab,Grupal,18,7.0,Japon,Ingles,717.9,15434.85,2.7,5.0,Efectivo,Cancelada,G028,Media,10,2021,
RES03883,2021-11-13,Chichen Itza,Chichen Itza + Cenote Ik Kil,Grupal,9,4.0,Estados Unidos,Español,1161.84,12780.24,2.6,4.3,Efectivo,Completada,G003,Media,11,2021,cliente1674@yahoo.com
RES04532,2024-02-11,Merida,Haciendas del Mayab,Grupal,15,4.0,Mexico,Español,593.42,10088.14,9.3,3.9,Tarjeta credito,Completada,G009,Baja,2,2024,cliente5669@hotmail.com
RES05251,2023-10-23,Tulum,Cenote Gran Cenote,Privado,4,2.0,Mexico,Ingles,1382.57,6912.85,3.7,1.7,Tarjeta credito,Completada,G029,Media,10,2023,cliente1260@yahoo.com
RES05880,2023-05-16,Chichen Itza,Chichen Itza + Cenote Ik Kil,Grupal,20,9.0,Francia,Español,1151.76,28218.12,3.8,3.9,Paypal,Completada,G023,Media,5,2023,cliente9143@gmail.com
RES02861,2022-08-16,Cancun,Zona Hotelera Tour,Privado,4,,Alemania,Portugues,1425.41,6414.35,7.8,2.8,Tarjeta debito,Completada,G029,Alta,8,2022,cliente3999@icloud.com
RES03524,2022-04-26,Cozumel,Buceo Arrecife Palancar,Grupal,7,3.0,Canada,Español,1229.64,10451.94,7.0,5.0,Tarjeta debito,Cancelada,G012,Alta,4,2022,cliente7638@outlook.com
RES01165,2023-04-23,Playa del Carmen,Quinta Avenida + Cozumel,Grupal,10,2.0,,Frances,1093.7,12030.7,3.4,1.7,Transferencia,Completada,G023,Alta,4,2023,cliente8787@yahoo.com
RES02139,2022-02-11,Holbox,Avistamiento Tiburon Ballena,Grupal,13,6.0,Estados Unidos,Ingles,871.17,13938.72,9.5,4.1,Tarjeta debito,Confirmada,G013,Baja,2,2022,cliente8205@icloud.com
RES05643,2022-02-27,Akumal,Cenote Yalku,Grupal,7,2.0,Estados Unidos,Portugues,733.26,5866.08,3.7,4.9,Tarjeta credito,Confirmada,,Baja,2,2022,usuario@
RES01662,2023-04-01,Tulum,Sian Ka'an,Grupal,8,4.0,Canada,Aleman,1089.61,10896.1,8.7,5.0,Tarjeta debito,Completada,G026,Alta,4,2023,@dominio.com
RES00509,2021-06-22,Holbox,Punta Mosquito,Grupal,16,7.0,Estados Unidos,,1095.87,21369.46,8.1,3.8,Tarjeta credito,Cancelada,G015,Media,6,2021,cliente8110@icloud.com
RES00167,2023-07-17,Merida,Centro Historico Merida,Grupal,10,,Mexico,Español,861.33,10335.96,8.4,3.9,Efectivo,Completada,G024,Alta,7,2023,cliente378@hotmail.com
RES05882,2023-01-23,Cozumel,Buceo Arrecife Palancar,Grupal,14,5.0,Belgica,Italiano,905.61,14942.57,9.3,4.9,Efectivo,Completada,G014,Baja,1,2023,cliente6783@yahoo.com
RES04138,2022-06-12,Chichen Itza,Valladolid + Chichen Itza,Grupal,18,4.0,Francia,Español,1106.94,22138.8,8.0,,Efectivo,Completada,G008,Media,6,2022,cliente5205@yahoo.com
RES04963,2021-05-04,Bacalar,Kayak Canales,Grupal,12,0.0,Canada,Ingles,946.17,11354.04,6.9,4.7,Tarjeta debito,Completada,G023,Media,5,2021,cliente3828@hotmail.com
RES04011,2023-10-26,Playa del Carmen,Xcaret,Privado,1,0.0,Mexico,Ingles,1197.05,1197.05,7.8,5.0,Efectivo,Completada,G009,Media,10,2023,cliente3359@yahoo.com
RES00104,2023-12-01,Playa del Carmen,Xel-Ha,Privado,1,0.0,Estados Unidos,Ingles,1681.91,1681.91,8.9,5.0,Efectivo,Completada,G029,Alta,12,2023,cliente1461@hotmail.com
RES02597,2021-06-25,Merida,Centro Historico Merida,Grupal,12,3.0,Mexico,Español,674.12,9100.62,2.9,4.8,Tarjeta credito,Completada,G012,Media,6,2021,cliente8865@yahoo.com
RES03241,2023-08-02,Merida,Haciendas del Mayab,Privado,3,1.0,Canada,Aleman,1188.75,4160.62,8.5,3.7,Efectivo,Confirmada,G002,Alta,8,2023,cliente1019@hotmail.com
RES03871,2021-09-19,Tulum,Cenote Gran Cenote,Privado,3,0.0,Canada,Español,1170.29,3510.87,5.2,5.0,Efectivo,Confirmada,G033,Baja,9,2021,cliente8604@outlook.com
RES01753,2021-09-17,Uxmal,Ruta Puuc,Grupal,6,3.0,Mexico,Español,927.84,6958.8,9.5,4.7,Paypal,Completada,G026,Baja,9,2021,usuario@
RES05389,2021-06-21,Holbox,Avistamiento Tiburon Ballena,Grupal,18,9.0,Estados Unidos,Español,1081.86,24341.85,5.5,4.3,Efectivo,Completada,G021,Media,6,2021,cliente1055@yahoo.com
RES05571,2021-03-24,Playa del Carmen,Xel-Ha,Grupal,13,3.0,Mexico,Ingles,1078.06,-15631.87,4.4,4.0,Tarjeta debito,Completada,G020,Alta,3,2021,cliente3582@hotmail.com
RES01659,2022-03-13,Chichen Itza,Valladolid + Chichen Itza,Grupal,14,3.0,Estados Unidos,Ingles,1495.98,23187.69,5.1,4.0,Efectivo,Confirmada,G014,Alta,3,2022,cliente5551@gmail.com
RES00153,2023-06-07,Merida,Izamal + Merida,Grupal,20,9.0,Italia,Español,670.62,16430.19,9.2,3.2,,Completada,G032,Media,6,2023,@dominio.com
RES05045,2021-01-25,Holbox,Tour Isla Holbox,Grupal,9,2.0,Francia,Italiano,866.48,8664.8,7.1,4.7,,Completada,G040,Baja,1,2021,cliente6213@icloud.com
RES01584,2023-03-13,Playa del Carmen,Xel-Ha,Privado,2,0.0,,Ingles,1637.81,3275.62,8.8,,,Completada,G006,Alta,3,2023,cliente6977@outlook.com
RES05699,2023-12-01,Tulum,Cenote Gran Cenote,Privado,3,0.0,Alemania,,1576.77,4730.31,10.1,,Transferencia,Completada,G008,Alta,12,2023,cliente4554@outlook.com
RES05620,2022-12-27,Chichen Itza,Valladolid + Chichen Itza,Grupal,5,1.0,Mexico,Español,1389.77,7643.73,4.9,2.7,Tarjeta credito,Completada,G003,Alta,12,2022,@dominio.com
RES04702,2023-03-02,Tulum,Ruinas de Tulum,Privado,2,0.0,Estados Unidos,Ingles,1714.39,3428.78,8.2,4.2,Tarjeta credito,Confirmada,G023,Alta,3,2023,cliente8742@gmail.com
RES02219,2022-03-10,Playa del Carmen,Xcaret,Grupal,20,8.0,,Ingles,,25194.96,6.5,,Crypto,Completada,G031,Alta,3,2022,cliente915@outlook.com
RES04777,2022-11-30,Bacalar,Kayak Canales,Grupal,19,9.0,Estados Unidos,,838.08,19694.88,10.1,5.0,Tarjeta credito,Confirmada,G040,Media,11,2022,cliente3585@hotmail.com
RES03195,2023-12-30,Tulum,Cenote Gran Cenote,Grupal,7,1.0,Mexico,Ingles,1152.52,8643.9,6.2,5.0,Transferencia,Confirmada,G040,Alta,12,2023,cliente7928@outlook.com
RES01823,2022-01-14,Cancun,Snorkel Arrecife,Grupal,19,9.0,Reino Unido,Español,632.5,14863.75,5.1,4.6,Efectivo,Completada,G024,Baja,1,2022,cliente7315@outlook.com
RES04656,2021-02-14,Akumal,Snorkel Tortugas Akumal,Grupal,8,3.0,Reino Unido,Ingles,656.47,6236.47,8.1,4.6,Tarjeta debito,Completada,G023,Baja,2,2021,cliente344@icloud.com
RES03167,2023-02-13,Bacalar,Kayak Canales,Grupal,9,3.0,Mexico,Español,837.45,8793.23,5.1,5.0,Efectivo,Confirmada,G010,Baja,2,2023,
RES00310,2022-09-30,Merida,Centro Historico Merida,Grupal,20,0.0,Estados Unidos,Español,587.7,11754.0,4.9,4.8,Efectivo,Completada,G019,Baja,9,2022,cliente226@hotmail.com
RES03520,2021-07-09,Merida,Centro Historico Merida,Grupal,18,1.0,Mexico,Ingles,911.87,16869.6,9.8,5.0,Tarjeta credito,Completada,G027,Alta,7,2021,cliente4730@hotmail.com
RES03691,2022-06-02,Playa del Carmen,Xcaret,Grupal,16,3.0,Mexico,Español,858.73,15027.77,5.3,3.9,Efectivo,Completada,G024,Media,6,2022,cliente745@gmail.com
RES04348,2021-09-02,Cozumel,Buceo Arrecife Palancar,Grupal,6,0.0,Estados Unidos,Frances,866.44,5198.64,9.3,2.0,Tarjeta credito,Pendiente,G029,Baja,9,2021,sinArroba.com
RES00496,2022-02-23,Chichen Itza,Chichen Itza + Cenote Ik Kil,Grupal,12,1.0,Mexico,Español,1032.34,12904.25,9.5,4.9,Efectivo,Confirmada,G025,Baja,2,2022,cliente143@yahoo.com
RES00206,2021-12-13,Cozumel,Snorkel El Cielo,Privado,3,0.0,Alemania,Español,2110.9,6332.7,4.0,1.8,Efectivo,Confirmada,G003,Alta,12,2021,cliente4038@hotmail.com
RES01435,2022-11-18,Bacalar,Laguna de los 7 Colores,Privado,1,0.0,Mexico,Español,1304.44,1304.44,8.6,3.8,TARJETA CREDITO,Confirmada,G025,Media,11,2022,cliente7263@outlook.com
RES01136,2021-08-24,Uxmal,Uxmal + Kabah,Grupal,11,0.0,Mexico,Italiano,1229.85,13528.35,8.9,5.0,,Cancelada,G008,Alta,8,2021,cliente2457@yahoo.com
RES00869,2021-09-24,Chichen Itza,Valladolid + Chichen Itza,Grupal,13,6.0,,Español,1089.18,17426.88,8.1,2.7,,Completada,G013,Baja,9,2021,cliente1025@outlook.com
RES00306,2023-06-17,Uxmal,Uxmal + Kabah,Grupal,17,1.0,Holanda,Español,1075.68,18824.4,8.1,4.4,Tarjeta credito,Completada,G027,Media,6,2023,cliente6664@icloud.com
RES01850,2023-12-13,Merida,Haciendas del Mayab,Privado,1,0.0,Mexico,Español,1326.94,1326.94,9.3,5.0,Efectivo,Completada,G034,Alta,12,2023,cliente8730@hotmail.com
RES02265,2021-04-16,Cancun,Zona Hotelera Tour,Grupal,11,0.0,Francia,Ingles,865.8,9523.8,9.3,5.0,Tarjeta credito,Confirmada,G018,Alta,4,2021,cliente9555@gmail.com
RES01989,2023-05-27,Cancun,Laguna Nichupte,Grupal,13,5.0,Mexico,Español,697.3,10808.15,5.2,5.0,Crypto,Completada,G036,Media,5,2023,cliente7991@outlook.com
RES05355,2024-01-27,Akumal,Snorkel Tortugas Akumal,Grupal,7,1.0,Mexico,Aleman,638.5,4788.75,3.9,4.1,Tarjeta debito,Completada,G027,Baja,1,2024,cliente9909@hotmail.com
RES01535,2021-08-12,Akumal,Cenote Yalku,Grupal,19,8.0,Estados Unidos,Frances,947.46,21791.58,6.5,5.0,Tarjeta debito,Pendiente,G016,Alta,8,2021,cliente4011@icloud.com
RES00844,2024-02-23,Uxmal,Uxmal + Kabah,Privado,1,0.0,Francia,Español,1229.42,1229.42,5.6,2.8,Tarjeta credito,Completada,G009,Baja,2,2024,sinArroba.com
RES01988,2023-09-29,Tulum,Ruinas de Tulum,Privado,3,1.0,Italia,Español,1237.36,4330.76,9.8,5.0,Tarjeta debito,Completada,G003,Baja,9,2023,cliente5108@yahoo.com
RES03011,2023-02-21,Merida,Centro Historico Merida,Grupal,19,2.0,Mexico,Ingles,643.15,12863.0,6.0,5.0,Efectivo,Cancelada,G039,Baja,2,2023,cliente2041@yahoo.com
RES03890,2021-08-20,Uxmal,Ruta Puuc,Privado,3,1.0,Estados Unidos,Portugues,1964.55,6875.93,10.2,4.7,Tarjeta credito,Completada,G034,Alta,8,2021,cliente1020@yahoo.com
RES02571,2023-08-16,Merida,Haciendas del Mayab,Grupal,11,,Australia,Ingles,775.88,9310.56,10.2,4.9,Tarjeta debito,Completada,G035,Alta,8,2023,cliente9962@hotmail.com
RES03247,2023-09-29,Cozumel,Buceo Arrecife Palancar,Grupal,9,2.0,Mexico,Aleman,,9450.3,,,,Cancelada,G029,Baja,9,2023,cliente180@hotmail.com
RES01539,2023-01-03,Bacalar,Kayak Canales,Grupal,17,6.0,Alemania,Español,827.65,16553.0,6.2,5.0,Tarjeta debito,Completada,G027,Baja,1,2023,cliente7156@yahoo.com
RES00212,2022-07-02,Bacalar,Laguna de los 7 Colores,Privado,-1,,,Español,1673.41,1673.41,8.6,,Efectivo,Completada,G021,Alta,7,2022,cliente1078@icloud.com
RES01958,2021-09-25,Uxmal,Ruta Puuc,Grupal,4,1.0,Mexico,Español,878.06,3951.27,9.8,5.0,Tarjeta credito,Confirmada,G038,Baja,9,2021,cliente6594@yahoo.com
RES03769,2021-04-14,Uxmal,Uxmal + Kabah,Grupal,15,0.0,Mexico,Español,1260.06,18900.9,7.1,3.8,Efectivo,Completada,G019,Alta,4,2021,cliente1209@gmail.com
RES02352,2023-09-30,Cozumel,Buceo Arrecife Palancar,Grupal,13,5.0,Holanda,Español,869.29,13473.99,4.7,,Efectivo,Completada,G005,Baja,9,2023,cliente3502@yahoo.com
RES02743,2021-08-04,Merida,Centro Historico Merida,Grupal,7,3.0,Estados Unidos,Ingles,855.66,7273.11,,4.3,Efectivo,Cancelada,G030,Alta,8,2021,cliente4430@outlook.com
RES01350,2022-01-04,Playa del Carmen,Quinta Avenida + Cozumel,Grupal,10,3.0,Estados Unidos,Español,690.65,7942.47,6.3,1.2,Tarjeta credito,Completada,G027,Baja,1,2022,cliente6686@hotmail.com
RES02167,2022-05-31,Tulum,Ruinas de Tulum,Grupal,7,0.0,Brasil,Español,885.36,6197.52,8.8,4.7,Transferencia,Completada,G001,Media,5,2022,cliente7357@gmail.com
RES04616,2022-01-23,Tulum,Cenote Gran Cenote,Grupal,20,1.0,Mexico,Español,,17463.95,3.7,4.7,Efectivo,Completada,G029,Baja,1,2022,
RES00681,2024-02-27,Holbox,Punta Mosquito,Privado,2,0.0,Estados Unidos,Aleman,1324.54,2649.08,5.9,3.1,Transferencia,Completada,G009,Baja,2,2024,
RES00181,2023-11-17,Merida,Izamal + Merida,Grupal,15,1.0,Mexico,Ingles,662.64,10270.92,2.8,3.0,Tarjeta debito,Completada,G035,Media,11,2023,cliente5590@gmail.com
RES04705,2023-12-16,Merida,Izamal + Merida,Grupal,13,,Canada,Español,806.05,12493.77,4.8,5.0,Tarjeta debito,Completada,G038,Alta,12,2023,cliente4547@hotmail.com
RES02255,2022-02-14,Holbox,Tour Isla Holbox,Privado,2,1.0,Mexico,,1282.14,3205.35,10.4,5.0,Efectivo,Completada,G012,Baja,2,2022,cliente9987@outlook.com
RES03334,2023-04-14,Cozumel,Buceo Arrecife Palancar,Privado,4,,Italia,,2126.49,9569.2,10.0,3.7,Tarjeta credito,Completada,G002,Alta,4,2023,cliente9029@gmail.com
RES00279,2023-11-25,Holbox,Punta Mosquito,Privado,3,0.0,Mexico,Español,1544.04,4632.12,7.1,5.0,Tarjeta debito,Completada,G028,Media,11,2023,cliente4481@hotmail.com
RES00290,2023-10-19,Akumal,Snorkel Tortugas Akumal,Privado,3,0.0,Mexico,Italiano,1199.49,3598.47,6.1,5.0,Tarjeta debito,Completada,G025,Media,10,2023,cliente3728@outlook.com
RES04528,2021-11-27,Tulum,Ruinas de Tulum,Grupal,11,2.0,Mexico,Español,898.04,10776.48,5.4,5.0,Tarjeta credito,Completada,G029,Media,11,2021,cliente8265@hotmail.com
RES00994,2021-02-11,Cancun,Snorkel Arrecife,Grupal,8,3.0,Francia,Italiano,631.33,5997.64,3.2,5.0,Crypto,Pendiente,G017,Baja,2,2021,cliente4842@yahoo.com
RES05670,2023-12-11,Cozumel,Tour Isla Cozumel,Grupal,6,3.0,Suiza,Portugues,1359.47,10196.02,5.2,5.0,Efectivo,Completada,G027,Alta,12,2023,cliente8200@gmail.com
RES03124,2022-06-19,Cancun,Isla Mujeres,Grupal,13,5.0,Francia,Español,694.54,10765.37,8.6,3.7,Efectivo,Confirmada,G016,Media,6,2022,cliente6581@outlook.com
RES04253,2022-07-11,Chichen Itza,Chichen Itza + Cenote Ik Kil,Privado,4,1.0,Canada,Ingles,2187.37,9843.16,7.9,2.7,,Cancelada,G038,Alta,7,2022,usuario@
RES04835,2023-09-17,Merida,Haciendas del Mayab,Privado,2,1.0,Canada,,850.59,2126.47,,1.7,Tarjeta credito,Completada,G004,Baja,9,2023,cliente4447@outlook.com
RES00271,2023-07-01,Akumal,Cenote Yalku,Grupal,7,3.0,Reino Unido,Español,975.84,8294.64,9.7,3.3,Tarjeta credito,Completada,G025,Alta,7,2023,cliente9280@outlook.com
RES05166,2022-10-28,Tulum,Sian Ka'an,Grupal,18,4.0,Mexico,Español,975.1,19502.0,4.7,4.4,Tarjeta credito,Completada,G001,Media,10,2022,cliente3039@hotmail.com
RES05397,2023-09-14,Uxmal,Ruta Puuc,Grupal,12,6.0,Estados Unidos,Español,896.24,13443.6,8.8,5.0,Tarjeta debito,Confirmada,G039,Baja,9,2023,cliente9241@outlook.com
RES05907,2024-03-17,Holbox,Avistamiento Tiburon Ballena,Grupal,7,1.0,Estados Unidos,Frances,1337.73,10032.98,,3.9,,Completada,,Alta,3,2024,cliente3443@icloud.com
RES04688,2021-07-10,Cozumel,Buceo Arrecife Palancar,Grupal,5,0.0,Mexico,Español,1361.03,6805.15,,5.0,,Completada,,Alta,7,2021,cliente6588@icloud.com
RES00112,2022-02-17,Merida,Izamal + Merida,Grupal,15,4.0,Estados Unidos,Portugues,644.49,10956.33,9.7,5.0,Tarjeta debito,Completada,,Baja,2,2022,
RES01392,2023-03-26,Holbox,Avistamiento Tiburon Ballena,Grupal,15,5.0,Reino Unido,Español,1271.53,22251.77,6.5,5.0,Efectivo,Completada,G019,Alta,3,2023,cliente8878@gmail.com
RES00221,2022-10-31,Playa del Carmen,Quinta Avenida + Cozumel,Privado,1,0.0,Italia,Portugues,1366.04,1366.04,3.5,4.1,Tarjeta debito,Completada,G010,Media,10,2022,cliente4256@outlook.com
RES03271,2022-04-03,Cozumel,Snorkel El Cielo,Grupal,8,3.0,Mexico,Ingles,1443.19,13710.31,8.4,4.6,Efectivo,Completada,G033,Alta,4,2022,cliente3844@outlook.com
RES00084,2023-02-14,Merida,Haciendas del Mayab,Grupal,7,2.0,Canada,Ingles,615.52,4924.16,6.1,5.0,Efectivo,Completada,G040,Baja,2,2023,usuario@
RES03899,2022-11-28,Bacalar,Kayak Canales,Grupal,17,1.0,Estados Unidos,Aleman,831.02,14542.85,8.0,4.3,Tarjeta credito,Completada,G010,Media,11,2022,cliente3162@yahoo.com
RES00462,2023-09-13,Chichen Itza,Chichen Itza + Cenote Ik Kil,Privado,4,0.0,Mexico,Español,1578.86,6315.44,2.8,4.7,,Cancelada,G023,Baja,9,2023,cliente2660@hotmail.com
RES05304,2023-09-30,Akumal,Cenote Yalku,Privado,4,1.0,Polonia,Español,979.9,4409.55,5.3,4.9,,Confirmada,G021,Baja,9,2023,cliente4603@hotmail.com
RES00552,2023-08-26,Akumal,Snorkel Tortugas Akumal,Privado,3,1.0,,Español,1392.11,4872.38,8.5,5.0,Efectivo,Cancelada,G014,Alta,8,2023,cliente8791@outlook.com
RES05070,2023-04-13,Uxmal,Ruta Puuc,Grupal,16,1.0,Canada,,1130.79,18658.03,5.7,4.6,Efectivo,Completada,G032,Alta,4,2023,cliente7965@outlook.com
RES05400,2023-10-11,Tulum,Sian Ka'an,Privado,1,0.0,Mexico,Español,1413.16,1413.16,7.9,2.9,Crypto,Completada,G002,Media,10,2023,cliente6103@icloud.com
RES02802,2022-02-15,Tulum,Ruinas de Tulum,Grupal,12,2.0,Mexico,Ingles,813.2,10571.6,7.7,4.1,Tarjeta debito,Confirmada,G035,Baja,2,2022,cliente9150@icloud.com
RES02147,2021-05-31,Playa del Carmen,Xel-Ha,Privado,3,1.0,Mexico,Ingles,1193.07,4175.74,9.7,5.0,Efectivo,Completada,G018,Media,5,2021,cliente3899@outlook.com
RES04304,2021-04-23,Bacalar,Laguna de los 7 Colores,Privado,3,1.0,Alemania,Español,1607.01,5624.53,2.7,2.8,Paypal,Completada,G028,Alta,4,2021,cliente5225@icloud.com
RES02641,2021-12-01,Bacalar,Fuerte de San Felipe,Grupal,12,6.0,Estados Unidos,Español,1126.69,16900.35,4.3,3.9,Efectivo,Pendiente,G025,Alta,12,2021,@dominio.com
RES00651,2023-11-22,Playa del Carmen,Xel-Ha,Grupal,5,1.0,Canada,Italiano,795.76,4376.68,,5.0,Efectivo,Completada,G026,Media,11,2023,cliente6095@icloud.com
RES00709,2023-06-18,Playa del Carmen,Xcaret,Grupal,9,3.0,Mexico,Portugues,811.04,8515.92,7.3,4.2,Efectivo,Completada,G010,Media,6,2023,cliente6807@outlook.com
RES05230,2023-02-22,Cancun,Isla Mujeres,Grupal,5,1.0,Mexico,Español,600.15,3300.82,8.4,5.0,Efectivo,Completada,G012,Baja,2,2023,cliente5942@outlook.com
RES02440,2022-01-31,Uxmal,Uxmal + Kabah,Grupal,12,6.0,Francia,,783.19,11747.85,4.2,3.6,,Completada,G029,Baja,1,2022,cliente3159@icloud.com
RES02371,2023-06-12,Bacalar,Laguna de los 7 Colores,Grupal,9,4.0,Argentina,Italiano,983.67,10820.37,4.4,3.8,Transferencia,Completada,G028,Media,6,2023,cliente2092@outlook.com
RES01425,2021-03-10,Akumal,Snorkel Tortugas Akumal,Grupal,15,4.0,Polonia,Español,1037.74,17641.58,8.5,4.9,Tarjeta credito,Completada,G029,Alta,3,2021,
RES01217,2022-10-03,Chichen Itza,Valladolid + Chichen Itza,Grupal,11,,,Español,1209.48,15723.24,6.1,4.1,Tarjeta credito,Completada,G019,Media,10,2022,cliente3620@yahoo.com
RES04605,2022-07-25,Playa del Carmen,Xcaret,Privado,1,0.0,,Español,1551.84,1551.84,4.7,10.0,Tarjeta credito,Completada,G016,Alta,7,2022,cliente9811@gmail.com
RES01925,2021-09-11,Merida,Haciendas del Mayab,Grupal,13,6.0,Mexico,Español,,9759.04,10.1,10.0,Tarjeta credito,Confirmada,G005,Baja,9,2021,cliente6650@hotmail.com
RES02771,2022-09-08,Uxmal,Uxmal + Kabah,Privado,3,0.0,Francia,Español,1317.3,3951.9,6.2,5.0,Tarjeta credito,Cancelada,G028,Baja,9,2022,cliente2071@hotmail.com
RES02719,2023-03-06,Akumal,Cenote Yalku,Grupal,9,1.0,,Italiano,953.29,9056.25,5.4,5.0,Tarjeta credito,Completada,G020,Alta,3,2023,
RES00315,2021-03-02,Playa del Carmen,Xel-Ha,Grupal,10,0.0,Mexico,Ingles,1093.91,10939.1,3.1,1.0,Efectivo,Completada,G004,Alta,3,2021,cliente4207@yahoo.com
RES02765,2023-08-24,Merida,Centro Historico Merida,Grupal,19,7.0,Estados Unidos,Ingles,788.4,17739.0,,4.0,Transferencia,Confirmada,G030,Alta,8,2023,cliente157@outlook.com
RES01428,2023-08-30,Playa del Carmen,Quinta Avenida + Cozumel,Grupal,13,2.0,Estados Unidos,Español,974.42,13641.88,,4.7,Efectivo,Cancelada,G026,Alta,8,2023,cliente8364@gmail.com
RES04038,2022-10-17,Holbox,Avistamiento Tiburon Ballena,GRUPAL,20,10.0,Estados Unidos,,1039.62,25990.5,2.9,4.9,Efectivo,Completada,G010,Media,10,2022,usuario.dominio.com
RES02973,2022-01-23,Uxmal,Uxmal + Kabah,Grupal,13,0.0,Estados Unidos,Frances,864.26,11235.38,3.1,4.3,Efectivo,Completada,G017,Baja,1,2022,cliente6670@icloud.com
RES04771,2024-02-12,Playa del Carmen,Xcaret,Grupal,13,5.0,Estados Unidos,,721.62,11185.11,4.2,4.8,Transferencia,Confirmada,G023,Baja,2,2024,cliente7680@gmail.com
RES03913,2021-04-14,Merida,Haciendas del Mayab,Grupal,4,1.0,Mexico,Ingles,789.64,3553.38,9.0,1.7,Crypto,Completada,G022,Alta,4,2021,cliente763@icloud.com
RES05818,2022-04-21,Akumal,Snorkel Tortugas Akumal,Grupal,16,5.0,Suecia,Español,1010.91,18701.83,2.6,,Tarjeta debito,Pendiente,G007,Alta,4,2022,cliente3235@outlook.com
RES04441,2022-06-21,Akumal,Cenote Yalku,Grupal,6,2.0,Canada,Español,787.44,5512.08,6.8,1.0,Efectivo,Confirmada,G012,Media,6,2022,cliente3360@outlook.com
RES04167,2023-05-07,Tulum,Cenote Gran Cenote,Grupal,13,3.0,,Frances,990.73,14365.59,5.6,4.1,Tarjeta credito,Completada,G020,Media,5,2023,cliente2866@icloud.com
RES05965,2022-08-23,Playa del Carmen,Xcaret,Privado,2,0.0,Francia,Ingles,1420.03,2840.06,4.0,3.7,Tarjeta debito,Cancelada,G001,Alta,8,2022,cliente5857@yahoo.com
RES05056,2023-02-21,Merida,Centro Historico Merida,Privado,4,2.0,Brasil,Frances,868.62,4343.1,,,Tarjeta credito,Pendiente,G001,Baja,2,2023,cliente5294@hotmail.com
RES00685,2022-06-25,Cancun,Isla Mujeres,Grupal,5,0.0,Canada,Frances,823.2,4116.0,4.6,,Efectivo,Completada,G010,Media,6,2022,@dominio.com
RES04421,2023-11-01,Holbox,Avistamiento Tiburon Ballena,Grupal,4,0.0,Brasil,Ingles,1016.24,4064.96,9.2,5.0,Paypal,Completada,G009,Media,11,2023,sinArroba.com
RES02330,2024-02-13,Tulum,Cenote Dos Ojos,Grupal,18,0.0,Mexico,Aleman,868.14,15626.52,6.4,1.3,Efectivo,Completada,G030,Baja,2,2024,cliente7091@icloud.com
RES02756,2022-11-29,Holbox,Avistamiento Tiburon Ballena,Grupal,19,3.0,Estados Unidos,Portugues,1056.26,21653.33,10.2,5.0,Transferencia,Completada,G007,Media,11,2022,cliente8043@hotmail.com
RES05577,2021-02-09,Chichen Itza,Valladolid + Chichen Itza,Grupal,20,7.0,Mexico,Ingles,949.98,22324.53,6.3,3.7,Tarjeta debito,Completada,G037,Baja,2,2021,cliente3083@icloud.com
RES00327,2021-10-01,Playa del Carmen,Xel-Ha,Grupal,10,5.0,Belgica,Ingles,856.58,10707.25,5.9,4.3,Tarjeta credito,Cancelada,G037,Media,10,2021,
RES05107,2021-08-03,Holbox,Tour Isla Holbox,Grupal,6,2.0,Alemania,,1265.85,8860.95,,4.0,Efectivo,Completada,G035,Alta,8,2021,cliente235@yahoo.com
RES03489,2023-06-09,Cancun,Zona Hotelera Tour,Privado,4,0.0,Francia,Aleman,1144.83,4579.32,8.3,4.8,Efectivo,Completada,G001,Media,6,2023,cliente4590@outlook.com
RES02628,2023-07-02,Merida,Centro Historico Merida,Privado,1,0.0,Mexico,Español,1346.56,1346.56,8.6,5.0,Tarjeta credito,Completada,G037,Alta,7,2023,cliente2537@yahoo.com
RES05217,2022-09-12,Chichen Itza,Chichen Itza + Cenote Ik Kil,Grupal,-16,1.0,Estados Unidos,Ingles,1089.73,17980.55,9.5,5.0,Tarjeta credito,Cancelada,G006,Baja,9,2022,cliente3133@gmail.com
RES04265,2021-01-13,Chichen Itza,Chichen Itza + Cenote Ik Kil,Grupal,8,1.0,España,Español,985.39,8375.82,5.9,5.0,Transferencia,Completada,G024,Baja,1,2021,cliente385@outlook.com
RES04100,2022-04-29,Holbox,Tour Isla Holbox,Privado,2,,,Español,1887.93,3775.86,,3.7,Tarjeta debito,Pendiente,G002,Alta,4,2022,cliente8044@outlook.com
RES04992,2021-03-27,Cancun,Isla Mujeres,Grupal,14,5.0,Reino Unido,Ingles,976.0,16104.0,,4.9,Efectivo,Completada,G008,Alta,3,2021,cliente5552@icloud.com
RES03833,2023-03-16,Playa del Carmen,Xel-Ha,Grupal,9,3.0,Mexico,Italiano,1021.37,10724.39,3.2,,Efectivo,Completada,G026,Alta,3,2023,cliente3928@gmail.com
RES00349,2022-08-19,Chichen Itza,Chichen Itza + Cenote Ik Kil,Grupal,16,0.0,,Ingles,,25276.48,9.7,3.8,Efectivo,Completada,G028,Alta,8,2022,cliente1895@icloud.com
RES01627,2023-04-20,Holbox,Tour Isla Holbox,Grupal,15,2.0,Francia,Español,1188.1,19009.6,6.9,4.9,Paypal,Completada,G010,Alta,4,2023,cliente2104@yahoo.com
RES03266,2021-11-18,Holbox,Tour Isla Holbox,Grupal,7,0.0,Italia,,994.79,6963.53,7.6,5.0,Efectivo,Completada,G004,Media,11,2021,cliente5378@outlook.com
RES00872,2022-04-28,Akumal,Cenote Yalku,Privado,3,,Argentina,Ingles,1377.85,4133.55,8.6,3.2,Tarjeta credito,Completada,G004,Alta,4,2022,cliente9869@icloud.com
RES05838,2021-03-05,Holbox,Punta Mosquito,Grupal,15,4.0,Brasil,Español,1332.2,22647.4,,4.7,Efectivo,Completada,G028,Alta,3,2021,cliente8937@gmail.com
RES02481,2022-01-30,Holbox,Avistamiento Tiburon Ballena,Privado,3,1.0,Estados Unidos,Ingles,1366.05,4781.18,4.2,4.9,Tarjeta debito,Completada,G016,Baja,1,2022,cliente5052@icloud.com
RES04732,09-04-2023,Merida,Izamal + Merida,Grupal,4,1.0,Canada,Ingles,632.26,2845.17,9.6,3.0,tarjeta credito,Completada,G010,Baja,9,2023,cliente5050@yahoo.com
RES02122,2023-12-06,Playa del Carmen,Xel-Ha,Privado,1,,Estados Unidos,Español,1662.24,1662.24,3.4,2.9,Tarjeta credito,Cancelada,G034,Alta,12,2023,cliente6118@icloud.com
RES03190,2022-07-13,Cozumel,Buceo Arrecife Palancar,Grupal,13,5.0,,Español,1321.67,20485.89,10.1,5.0,Efectivo,Completada,G003,Alta,7,2022,cliente744@hotmail.com
RES00086,2023-05-07,Cancun,Isla Mujeres,Grupal,10,1.0,Mexico,Español,813.87,8545.64,3.6,,Paypal,Completada,G013,Media,5,2023,
RES04763,2022-09-04,Uxmal,Ruta Puuc,Grupal,10,,Estados Unidos,Ingles,843.31,9276.41,3.5,4.7,Efectivo,Completada,G018,Baja,9,2022,cliente5491@hotmail.com
RES01878,2021-10-17,Uxmal,Uxmal + Kabah,Grupal,6,0.0,Estados Unidos,Ingles,994.16,5964.96,5.2,4.4,Efectivo,Completada,G029,Media,10,2021,cliente869@gmail.com
RES04764,2022-07-10,Playa del Carmen,Xel-Ha,Grupal,7,0.0,Mexico,Español,1080.28,7561.96,3.2,4.0,Efectivo,Confirmada,G025,Alta,7,2022,cliente3697@yahoo.com
RES05449,2021-08-10,Cozumel,Snorkel El Cielo,Privado,3,1.0,Reino Unido,Portugues,1984.83,6946.9,2.9,5.0,Tarjeta credito,Completada,G018,Alta,8,2021,cliente6671@icloud.com
RES02405,2023-01-28,Tulum,Ruinas de Tulum,Privado,2,1.0,Reino Unido,Ingles,1208.37,3020.92,9.7,5.0,Efectivo,Completada,G026,Baja,1,2023,cliente7584@gmail.com
RES00495,2023-10-29,Bacalar,Fuerte de San Felipe,Grupal,6,1.0,Mexico,Frances,958.87,6232.65,3.0,4.1,Tarjeta debito,Cancelada,G006,Media,10,2023,cliente2517@yahoo.com
RES03660,2023-12-04,Uxmal,Uxmal + Kabah,Grupal,12,4.0,Mexico,,1312.85,18379.9,10.3,4.1,Transferencia,Completada,G021,Alta,12,2023,cliente1043@yahoo.com
RES03150,2021-12-01,Cozumel,Snorkel El Cielo,Grupal,17,7.0,Estados Unidos,Español,1371.27,28111.03,3.6,4.9,Efectivo,Completada,G006,Alta,12,2021,cliente3386@icloud.com
RES02796,2022-09-23,Bacalar,Laguna de los 7 Colores,Grupal,10,0.0,Mexico,Español,768.86,7688.6,10.2,4.0,Transferencia,Pendiente,G015,Baja,9,2022,sinArroba.com
RES01271,2021-10-28,Cozumel,Tour Isla Cozumel,Privado,2,0.0,Mexico,Aleman,1690.55,3381.1,5.5,4.2,Efectivo,Completada,G036,Media,10,2021,cliente4404@yahoo.com
RES02690,2021-09-27,Cancun,Isla Mujeres,Grupal,11,1.0,Francia,Ingles,592.17,6809.95,2.9,4.3,Tarjeta credito,Completada,G019,Baja,9,2021,cliente8724@outlook.com
RES04939,2023-08-01,Cancun,Laguna Nichupte,Privado,3,0.0,Estados Unidos,Ingles,1374.52,4123.56,2.8,3.9,,Pendiente,G027,Alta,8,2023,cliente6479@outlook.com
RES04984,2024-02-27,Playa del Carmen,Quinta Avenida + Cozumel,Grupal,8,2.0,Canada,Español,771.44,6942.96,9.5,4.9,Tarjeta debito,Pendiente,G029,Baja,2,2024,
RES00619,2023-09-20,Chichen Itza,Chichen Itza + Cenote Ik Kil,Grupal,9,0.0,Mexico,Ingles,1005.32,9047.88,10.5,,Crypto,Completada,G019,Baja,9,2023,cliente5707@outlook.com
RES05160,2023-01-20,Cancun,Laguna Nichupte,Grupal,6,3.0,Mexico,Ingles,660.82,4956.15,4.8,5.0,,Confirmada,G017,Baja,1,2023,cliente9361@yahoo.com
RES02665,2022-11-25,Chichen Itza,Valladolid + Chichen Itza,Grupal,6,1.0,Mexico,Ingles,1192.06,7748.39,,,Tarjeta credito,Completada,G040,Media,11,2022,cliente8314@hotmail.com
RES02656,2022-04-01,Chichen Itza,Valladolid + Chichen Itza,Grupal,8,4.0,Estados Unidos,Español,1470.59,14705.9,4.0,2.8,Efectivo,Completada,G029,Alta,4,2022,cliente5182@icloud.com
RES02587,2023-05-03,Playa del Carmen,Quinta Avenida + Cozumel,Grupal,17,5.0,Brasil,Ingles,807.51,15746.44,5.5,5.0,Tarjeta credito,Completada,G026,Media,5,2023,cliente4650@yahoo.com
RES02419,2022-10-23,Chichen Itza,Valladolid + Chichen Itza,Grupal,13,2.0,Belgica,Ingles,1210.02,16940.28,4.9,3.8,Crypto,Completada,G015,Media,10,2022,cliente8281@outlook.com
RES03095,2022-03-11,Cozumel,Tour Isla Cozumel,Grupal,4,2.0,Italia,Español,1344.41,6722.05,7.6,4.8,Tarjeta credito,Completada,G021,Alta,3,2022,cliente1256@hotmail.com
RES01414,2023-11-06,Tulum,Ruinas de Tulum,Privado,2,1.0,Estados Unidos,Español,1320.52,3301.3,10.4,3.3,Tarjeta credito,Confirmada,G038,Media,11,2023,cliente7248@hotmail.com
RES02202,2021-03-10,Holbox,Avistamiento Tiburon Ballena,Grupal,8,3.0,Belgica,Aleman,1194.89,11351.46,,5.0,Tarjeta credito,Pendiente,G004,Alta,3,2021,cliente6680@outlook.com
RES03270,2022-10-20,Cozumel,Snorkel El Cielo,Grupal,17,0.0,Mexico,Italiano,1073.02,18241.34,,4.1,Tarjeta debito,Completada,G007,Media,10,2022,cliente965@icloud.com
RES04504,2024-01-19,Uxmal,Uxmal + Kabah,Grupal,5,2.0,Mexico,Español,873.44,5240.64,4.1,4.0,TARJETA CREDITO,Completada,G004,Baja,1,2024,
RES00870,2024-01-16,Chichen Itza,Valladolid + Chichen Itza,Grupal,6,1.0,Canada,Frances,1094.73,7115.74,9.9,3.8,Tarjeta debito,Completada,G029,Baja,1,2024,
RES02007,2022-07-16,Cozumel,Snorkel El Cielo,Grupal,5,1.0,Japon,Ingles,1413.31,7773.2,3.1,4.2,Tarjeta debito,Completada,G017,Alta,7,2022,cliente9809@gmail.com
RES04174,2021-08-30,Merida,Haciendas del Mayab,Grupal,17,7.0,Mexico,Italiano,857.26,17573.83,2.7,5.0,Efectivo,Pendiente,G001,Alta,8,2021,cliente160@icloud.com
RES00357,2022-12-22,Merida,Haciendas del Mayab,Grupal,11,5.0,Estados Unidos,Español,818.5,11049.75,9.9,4.9,Tarjeta credito,Cancelada,,Alta,12,2022,cliente4752@outlook.com
RES01163,2023-01-20,Playa del Carmen,Xcaret,Grupal,12,2.0,Estados Unidos,Español,769.71,10006.23,7.5,3.9,Transferencia,Completada,G038,Baja,1,2023,@dominio.com
RES04583,2023-10-07,Chichen Itza,Valladolid + Chichen Itza,Grupal,9,1.0,Mexico,Español,1230.62,11690.89,9.7,,Tarjeta debito,Completada,G018,Media,10,2023,cliente7461@icloud.com
RES05992,2022-05-20,Akumal,Snorkel Tortugas Akumal,Grupal,5,1.0,Canada,Español,841.89,4630.39,10.1,5.0,,Cancelada,G006,Media,5,2022,cliente7610@hotmail.com
RES05956,2023-02-19,Akumal,Snorkel Tortugas Akumal,Grupal,9,4.0,Canada,Ingles,628.48,6913.28,7.0,3.2,Tarjeta credito,Cancelada,G038,Baja,2,2023,cliente4924@hotmail.com
RES01891,2023-01-16,Cancun,Isla Mujeres,Privado,4,0.0,Mexico,Ingles,1004.43,4017.72,2.5,4.7,Efectivo,Pendiente,G020,Baja,1,2023,cliente929@outlook.com
RES00580,2021-01-29,Playa del Carmen,Xel-Ha,Privado,2,1.0,Canada,Ingles,,2769.62,,3.2,Tarjeta debito,Completada,G003,Baja,1,2021,us er@gmail.com
RES02878,2021-09-09,Tulum,Cenote Dos Ojos,Grupal,20,3.0,Mexico,,789.95,16983.92,4.1,4.2,Tarjeta debito,Completada,G011,Baja,9,2021,cliente1229@hotmail.com
RES01692,2021-07-31,Cozumel,Tour Isla Cozumel,Privado,4,1.0,Alemania,Español,1919.25,8636.62,3.2,4.7,Transferencia,Completada,G033,Alta,7,2021,cliente9754@icloud.com
RES00863,2021-04-06,Akumal,Cenote Yalku,Privado,2,0.0,Mexico,,1329.61,2659.22,5.3,3.3,Efectivo,Completada,G015,Alta,4,2021,cliente6378@outlook.com
RES04056,2024-01-04,Cozumel,Tour Isla Cozumel,Grupal,10,,Francia,Español,978.31,11739.72,8.4,5.0,Tarjeta debito,Completada,G022,Baja,1,2024,cliente1278@icloud.com
RES03348,2022-03-14,Akumal,Snorkel Tortugas Akumal,Grupal,4,1.0,Estados Unidos,Aleman,1051.66,4732.47,4.6,,Tarjeta credito,Completada,G027,Alta,3,2022,
RES05575,2023-10-12,Cancun,Snorkel Arrecife,Privado,3,0.0,Mexico,Español,1158.93,3476.79,4.0,4.2,Efectivo,Pendiente,G023,Media,10,2023,cliente5823@outlook.com
RES05261,2024-01-25,Tulum,Ruinas de Tulum,Grupal,18,9.0,Polonia,Portugues,773.99,17414.78,3.4,4.1,,Pendiente,G019,Baja,1,2024,cliente8487@yahoo.com
RES01117,2021-05-20,Merida,Izamal + Merida,Grupal,11,3.0,Mexico,Aleman,651.3,8141.25,3.8,4.7,Efectivo,Confirmada,G014,Media,5,2021,cliente6302@icloud.com
RES01542,2021-11-11,Cancun,Laguna Nichupte,Privado,2,1.0,Argentina,Español,1181.39,2953.48,9.0,5.0,Tarjeta debito,Confirmada,G007,Media,11,2021,cliente1562@outlook.com
RES03919,2021-12-07,Playa del Carmen,Quinta Avenida + Cozumel,Grupal,11,4.0,Francia,Portugues,1103.49,14345.37,2.6,5.0,,Confirmada,G030,Alta,12,2021,cliente3030@gmail.com
RES04644,2023-02-17,Cancun,Isla Mujeres,Grupal,19,2.0,Estados Unidos,Italiano,653.22,13064.4,5.5,4.1,Tarjeta credito,Cancelada,G021,Baja,2,2023,cliente695@gmail.com
RES05553,2022-03-04,Cozumel,Snorkel El Cielo,Grupal,-8,1.0,Alemania,,1257.23,10686.45,8.0,3.6,Tarjeta credito,Completada,G005,Alta,3,2022,cliente6837@yahoo.com
RES03830,2022-08-14,Tulum,Cenote Dos Ojos,Grupal,14,1.0,Estados Unidos,Español,1178.03,17081.44,5.7,5.0,,Completada,G002,Alta,8,2022,cliente4686@hotmail.com
RES04316,2021-02-12,Uxmal,Ruta Puuc,Privado,4,1.0,Estados Unidos,Ingles,1400.95,6304.28,,4.9,Tarjeta debito,Confirmada,G031,Baja,2,2021,cliente6917@hotmail.com
RES05331,2022-01-26,Merida,Izamal + Merida,Grupal,10,4.0,Estados Unidos,Ingles,588.46,7061.52,7.1,5.0,Tarjeta credito,Pendiente,G037,Baja,1,2022,usuario@
RES05347,2022-10-26,Uxmal,Uxmal + Kabah,Grupal,10,4.0,Suecia,Ingles,992.93,11915.16,7.5,5.0,Efectivo,Completada,G011,Media,10,2022,cliente5987@hotmail.com
RES05945,2021-10-09,Holbox,Avistamiento Tiburon Ballena,Grupal,17,3.0,Estados Unidos,Frances,1151.69,21306.26,,4.9,Efectivo,Completada,G021,Media,10,2021,cliente1670@gmail.com
RES03996,2021-11-25,Akumal,Snorkel Tortugas Akumal,Privado,3,1.0,Mexico,Ingles,1241.95,4346.82,2.8,4.3,Efectivo,Cancelada,G026,Media,11,2021,cliente2392@outlook.com
RES05788,2023-05-17,Holbox,Avistamiento Tiburon Ballena,Grupal,7,3.0,Estados Unidos,Español,1149.91,9774.24,5.4,4.8,Efectivo,Confirmada,G025,Media,5,2023,cliente820@hotmail.com
RES04542,2022-01-03,Chichen Itza,Chichen Itza + Cenote Ik Kil,Privado,4,1.0,,Frances,1577.83,7100.23,4.6,5.0,Transferencia,Completada,G020,Baja,1,2022,cliente4129@hotmail.com
RES05824,2021-06-09,Chichen Itza,Chichen Itza + Cenote Ik Kil,Grupal,16,5.0,Canada,Ingles,1280.47,23688.69,5.1,4.7,,Completada,G002,Media,6,2021,cliente3064@gmail.com
RES02053,2021-05-12,Akumal,Cenote Yalku,Grupal,20,3.0,Mexico,Ingles,748.33,16089.1,6.8,3.8,,Completada,G039,Media,5,2021,cliente8935@hotmail.com
RES01777,2022-10-22,Cancun,Laguna Nichupte,Privado,4,2.0,Alemania,Español,1092.28,5461.4,4.3,4.6,,Cancelada,G007,Media,10,2022,cliente776@gmail.com
RES03313,2021-05-02,Merida,Izamal + Merida,Grupal,5,0.0,Francia,Portugues,691.23,3456.15,9.0,4.0,Tarjeta debito,Completada,G031,Media,5,2021,cliente4864@icloud.com
RES04329,2023-10-02,Holbox,Avistamiento Tiburon Ballena,Privado,1,0.0,Mexico,,1551.75,1551.75,5.7,2.4,Tarjeta credito,Completada,G034,Media,10,2023,cliente3903@yahoo.com
RES01593,2022-09-25,Playa del Carmen,Xcaret,Grupal,16,8.0,Mexico,Ingles,774.77,15495.4,8.2,4.0,Transferencia,Completada,G036,Baja,9,2022,cliente8984@icloud.com
RES01724,2023-11-02,Akumal,Cenote Yalku,Grupal,10,1.0,Mexico,Italiano,796.79,8366.3,7.1,2.6,Efectivo,Completada,G030,Media,11,2023,cliente4409@gmail.com
RES05669,2021-12-04,Merida,Centro Historico Merida,Grupal,4,2.0,Estados Unidos,Ingles,822.56,4112.8,6.2,5.0,Tarjeta credito,Completada,G033,Alta,12,2021,cliente6264@outlook.com
RES04094,2024-02-27,Cozumel,Snorkel El Cielo,Grupal,10,1.0,Estados Unidos,Frances,957.15,10050.07,6.5,1.7,Tarjeta credito,Confirmada,G030,Baja,2,2024,
RES00491,2021-10-07,Cancun,Isla Mujeres,Grupal,9,0.0,Mexico,Español,750.18,6751.62,5.2,4.0,Efectivo,Cancelada,G025,Media,10,2021,cliente2986@icloud.com
RES05072,2023-03-04,Akumal,Cenote Yalku,Privado,1,0.0,Mexico,Ingles,1562.62,1562.62,3.3,5.0,,Completada,G040,Alta,3,2023,cliente8216@yahoo.com
RES01007,2023-09-03,Cancun,Zona Hotelera Tour,Grupal,12,6.0,Estados Unidos,Italiano,604.76,9071.4,7.3,3.0,Crypto,Completada,G004,Baja,9,2023,cliente1676@outlook.com
RES03832,2021-04-09,Merida,Centro Historico Merida,Grupal,5,2.0,Alemania,Aleman,920.67,5524.02,5.5,4.9,Tarjeta credito,Cancelada,G009,Alta,4,2021,cliente6365@icloud.com
RES04468,2022-04-28,Uxmal,Ruta Puuc,Grupal,10,4.0,Francia,Español,1244.5,14934.0,3.4,5.0,Tarjeta credito,Completada,G028,Alta,4,2022,cliente7431@icloud.com
RES01418,2021-01-17,Chichen Itza,Valladolid + Chichen Itza,Grupal,12,3.0,Mexico,Ingles,,12987.14,5.1,4.7,Tarjeta debito,Cancelada,G005,Baja,1,2021,cliente1948@hotmail.com
RES00026,2023-12-24,Cancun,Laguna Nichupte,Grupal,5,0.0,Estados Unidos,Español,870.67,4353.35,2.9,4.7,Efectivo,Completada,G027,Alta,12,2023,cliente5320@yahoo.com
RES01114,2022-12-09,Chichen Itza,Chichen Itza + Cenote Ik Kil,Privado,1,0.0,Canada,Portugues,2204.16,2204.16,7.2,5.0,Efctivo,Confirmada,G025,Alta,12,2022,cliente6498@yahoo.com
RES03090,2023-05-27,Uxmal,Uxmal + Kabah,Privado,2,1.0,Mexico,Español,1411.15,3527.88,7.1,5.0,Paypal,Completada,G013,Media,5,2023,cliente9310@outlook.com
RES01553,2022-03-16,Akumal,Cenote Yalku,Privado,1,0.0,Francia,Español,1335.58,1335.58,3.3,4.9,Efectivo,Cancelada,G012,Alta,3,2022,cliente4353@yahoo.com
RES05153,2023-01-22,Chichen Itza,Chichen Itza + Cenote Ik Kil,Privado,1,0.0,,Ingles,1412.23,1412.23,10.0,4.4,Tarjeta credito,Completada,G031,Baja,1,2023,cliente8307@icloud.com
RES04509,2024-01-06,Tulum,Ruinas de Tulum,Privado,2,1.0,Canada,Portugues,1225.19,3062.98,5.4,,Efectivo,Completada,G017,Baja,1,2024,cliente5688@yahoo.com
RES00434,2024-01-20,Playa del Carmen,Quinta Avenida + Cozumel,Grupal,15,5.0,Mexico,Aleman,783.82,13716.85,4.5,4.4,Paypal,Completada,G040,Baja,1,2024,cliente9440@outlook.com
RES03403,2022-05-06,Bacalar,Kayak Canales,Grupal,14,2.0,Holanda,Ingles,988.76,14831.4,7.6,10.0,Efectivo,Completada,G034,Media,5,2022,cliente1703@gmail.com
RES04240,2022-02-12,Bacalar,Kayak Canales,Grupal,19,3.0,Mexico,Italiano,816.42,16736.61,10.1,4.1,Tarjeta credito,Completada,,Baja,2,2022,cliente6954@yahoo.com
RES04067,2023-08-11,Tulum,Sian Ka'an,Grupal,15,5.0,Mexico,Español,1210.42,21182.35,8.6,3.6,EFECTIVO,Completada,G014,Alta,8,2023,cliente252@outlook.com
RES03045,2021-04-08,Akumal,Snorkel Tortugas Akumal,Privado,1,0.0,Brasil,Español,1583.41,1583.41,10.1,5.0,Tarjeta debito,Completada,G032,Alta,4,2021,cliente2981@yahoo.com
RES04664,2022-05-04,Bacalar,Laguna de los 7 Colores,Privado,4,0.0,Colombia,Ingles,1475.62,5902.48,3.0,3.9,Tarjeta debito,Confirmada,G002,Media,5,2022,cliente1581@outlook.com
RES03324,2023-03-10,Tulum,Cenote Gran Cenote,Grupal,6,2.0,Mexico,Portugues,1080.59,7564.13,5.7,5.0,,Completada,G037,Alta,3,2023,cliente1097@icloud.com
RES04483,2022-05-18,Tulum,Ruinas de Tulum,Privado,4,2.0,Canada,Ingles,1361.13,6805.65,4.0,,Efectivo,Completada,G015,Media,5,2022,cliente1508@outlook.com
RES04881,2021-05-12,Cozumel,Snorkel El Cielo,Grupal,17,1.0,Argentina,,1130.88,19790.4,3.7,4.3,Tarjeta credito,Pendiente,G035,Media,5,2021,cliente2319@gmail.com
RES05806,2022-09-17,Merida,Haciendas del Mayab,Grupal,10,2.0,Mexico,Español,565.1,6216.1,,4.8,Efectivo,Completada,G021,Baja,9,2022,
RES01103,2023-02-21,Bacalar,Kayak Canales,Grupal,19,5.0,Italia,Español,793.3,17055.95,8.5,,Tarjeta credito,Completada,G018,Baja,2,2023,cliente3283@yahoo.com
RES03066,2021-06-16,Tulum,Cenote Dos Ojos,Privado,3,0.0,España,Español,1418.22,4254.66,3.8,1.6,Tarjeta credito,Completada,G001,Media,6,2021,cliente4762@gmail.com
RES04478,2021-06-06,Tulum,Cenote Gran Cenote,Grupal,7,0.0,Italia,Aleman,888.85,6221.95,4.6,5.0,Efectivo,Completada,G037,Media,6,2021,cliente2927@hotmail.com
RES05589,2022-05-15,Bacalar,Fuerte de San Felipe,Grupal,17,6.0,Canada,Español,963.38,19267.6,2.9,4.6,,Cancelada,G030,Media,5,2022,cliente9646@gmail.com
RES00195,2023-04-21,Playa del Carmen,Quinta Avenida + Cozumel,Grupal,19,8.0,Estados Unidos,Español,1090.29,25076.67,4.1,2.7,,Completada,G040,Alta,4,2023,cliente1715@yahoo.com
RES00616,2021-12-02,Merida,Centro Historico Merida,Grupal,18,2.0,Mexico,Español,879.98,16719.62,7.5,3.1,Tarjeta debito,Confirmada,G038,Alta,12,2021,cliente7320@icloud.com
RES00644,2023-01-30,Holbox,Punta Mosquito,Grupal,20,,Colombia,Español,935.72,20117.98,2.5,3.9,,Completada,G020,Baja,1,2023,cliente8643@gmail.com
RES04336,2023-07-11,Cancun,Zona Hotelera Tour,Grupal,19,6.0,Colombia,Frances,915.1,20132.2,5.8,3.6,Crypto,Cancelada,G039,Alta,7,2023,cliente9643@yahoo.com
RES03227,2023-04-21,Chichen Itza,Valladolid + Chichen Itza,Privado,3,1.0,Estados Unidos,Español,2208.4,7729.4,3.8,5.0,,Cancelada,G025,Alta,4,2023,cliente7329@outlook.com
RES05100,2021-10-27,Merida,Izamal + Merida,Grupal,14,2.0,Mexico,,721.32,10819.8,4.2,5.0,Efectivo,Completada,G008,Media,10,2021,cliente1496@outlook.com
RES00331,2021-03-15,Bacalar,Kayak Canales,Privado,2,0.0,Italia,Frances,1741.85,3483.7,8.5,4.9,Efectivo,Completada,G027,Alta,3,2021,cliente3091@hotmail.com
RES03579,2024-02-14,Chichen Itza,Valladolid + Chichen Itza,Grupal,19,9.0,Argentina,Ingles,1053.34,24753.49,5.0,5.0,Transferencia,Completada,G010,Baja,2,2024,cliente8970@hotmail.com
RES03786,2022-07-09,Playa del Carmen,Xcaret,Grupal,14,5.0,Italia,Español,1093.54,18043.41,10.3,5.0,Tarjeta credito,Pendiente,G002,Alta,7,2022,cliente4760@outlook.com
RES03154,2023-04-10,Bacalar,Fuerte de San Felipe,Privado,2,1.0,Canada,Español,1607.08,4017.7,9.6,3.7,Efectivo,Completada,G015,Alta,4,2023,cliente8400@gmail.com
RES05168,2023-01-05,Chichen Itza,Chichen Itza + Cenote Ik Kil,Grupal,15,5.0,Reino Unido,Español,947.84,16587.2,2.7,5.0,Tarjeta debito,Completada,G028,Baja,1,2023,cliente2185@hotmail.com
RES00484,2021-10-11,Tulum,Ruinas de Tulum,Grupal,5,1.0,Italia,Español,994.11,5467.61,4.8,3.3,Efectivo,Completada,G018,Media,10,2021,cliente6867@gmail.com
RES04095,2022-07-20,Tulum,Cenote Dos Ojos,Grupal,13,6.0,Mexico,Español,1066.32,17061.12,5.3,,Efectivo,Cancelada,G013,Alta,7,2022,cliente4512@icloud.com
RES03968,2023-07-30,Cancun,Snorkel Arrecife,Privado,2,0.0,Mexico,Portugues,1262.29,2524.58,,3.9,Transferencia,Completada,G032,Alta,7,2023,cliente372@hotmail.com
RES02060,2023-06-28,Akumal,Snorkel Tortugas Akumal,Privado,1,0.0,Alemania,Español,1153.34,1153.34,9.1,4.9,Tarjeta debito,Confirmada,,Media,6,2023,cliente4677@hotmail.com
RES03956,2021-09-03,Cancun,Laguna Nichupte,Privado,3,0.0,Alemania,Ingles,978.02,2934.06,4.5,3.7,Efectivo,Completada,G023,Baja,9,2021,cliente5967@icloud.com
RES00033,2022-02-10,Uxmal,Uxmal + Kabah,Grupal,11,3.0,Holanda,Aleman,870.88,10886.0,9.3,5.0,Transferencia,Completada,G010,Baja,2,2022,cliente980@hotmail.com
RES00665,2022-05-17,Playa del Carmen,Xel-Ha,Grupal,16,1.0,,Español,,12913.73,3.1,3.0,Tarjeta debito,Completada,G012,Media,5,2022,
RES05403,2023-03-31,Cancun,Isla Mujeres,Grupal,13,3.0,Estados Unidos,Frances,987.6,14320.2,9.6,4.9,Efectivo,Completada,G001,Alta,3,2023,cliente3697@gmail.com
RES02201,2024-01-25,Akumal,Snorkel Tortugas Akumal,Grupal,5,2.0,Mexico,Ingles,738.23,4429.38,6.0,4.1,Tarjeta credito,Confirmada,G013,Baja,1,2024,cliente8234@outlook.com
RES01445,2021-05-13,Chichen Itza,Valladolid + Chichen Itza,Grupal,8,0.0,Mexico,Frances,1319.51,10556.08,5.3,3.3,Tarjeta credito,Completada,G004,Media,5,2021,usuario.dominio.com
RES03856,2021-11-09,Akumal,Cenote Yalku,grupal,6,2.0,Japon,Italiano,783.17,200000.0,2.7,4.4,Tarjeta debito,Completada,G016,Media,11,2021,cliente7300@gmail.com
RES03110,2021-02-05,Playa del Carmen,Xel-Ha,Grupal,20,2.0,Mexico,Ingles,737.58,15489.18,5.2,4.9,Paypal,Confirmada,G036,Baja,2,2021,cliente1032@outlook.com
RES05892,2021-01-22,Playa del Carmen,Quinta Avenida + Cozumel,Grupal,8,3.0,Mexico,Aleman,680.86,6468.17,3.7,,,Cancelada,G001,Baja,1,2021,
RES01706,2022-05-14,Akumal,Cenote Yalku,Grupal,4,1.0,Alemania,Ingles,855.79,3851.05,8.6,4.8,Efectivo,Completada,G011,Media,5,2022,sinArroba.com
RES02421,2021-03-05,Uxmal,Ruta Puuc,Grupal,7,0.0,España,Español,1209.95,8469.65,7.9,4.9,Tarjeta credito,Completada,G019,Alta,3,2021,cliente8005@icloud.com
RES02616,2022-11-17,Playa del Carmen,Quinta Avenida + Cozumel,Privado,2,0.0,Estados Unidos,Ingles,1399.5,2799.0,,5.0,,Cancelada,G032,Media,11,2022,cliente9080@icloud.com
RES04303,2022-07-12,Cozumel,Tour Isla Cozumel,Grupal,17,0.0,Canada,Español,1449.0,24633.0,,3.7,Paypal,Cancelada,G038,Alta,7,2022,cliente8601@icloud.com
RES02278,2023-08-05,Holbox,Avistamiento Tiburon Ballena,Grupal,10,2.0,Holanda,Español,1230.59,13536.49,3.2,4.4,Efectivo,Confirmada,G023,Alta,8,2023,cliente439@icloud.com
RES01402,2023-05-24,Tulum,Sian Ka'an,Grupal,10,1.0,Estados Unidos,Ingles,879.94,9239.37,4.4,2.3,Tarjeta debito,Completada,G019,Media,5,2023,cliente1029@icloud.com
RES03387,2021-05-15,Bacalar,Kayak Canales,Privado,4,2.0,Estados Unidos,Ingles,1380.99,6904.95,7.6,5.0,Transferencia,Completada,G010,Media,5,2021,sinArroba.com
RES00171,2022-01-15,Tulum,Ruinas de Tulum,Grupal,12,1.0,Estados Unidos,Aleman,866.39,10829.88,6.2,4.1,Tarjeta debito,Confirmada,G039,Baja,1,2022,
RES00541,2023-03-10,Playa del Carmen,Xcaret,Privado,1,0.0,Alemania,Aleman,1531.71,1531.71,9.8,4.8,Tarjeta debito,Completada,G020,Alta,3,2023,cliente8474@outlook.com
RES04815,2021-10-23,Holbox,Punta Mosquito,Privado,1,0.0,Mexico,Ingles,1539.34,1539.34,4.3,5.0,,Pendiente,G025,Media,10,2021,cliente4688@hotmail.com
RES04521,2021-01-12,Akumal,Cenote Yalku,Privado,1,,Francia,,1081.06,1081.06,7.9,5.0,Tarjeta debito,Cancelada,G010,Baja,1,2021,cliente7907@icloud.com
RES02553,2021-12-04,Tulum,Ruinas de Tulum,Grupal,13,4.0,Mexico,Ingles,1071.86,16077.9,7.0,4.0,Tarjeta debito,Completada,G022,Alta,12,2021,cliente2785@yahoo.com
RES04503,2022-01-02,Holbox,Punta Mosquito,Grupal,7,0.0,Mexico,Español,864.15,6049.05,9.2,4.1,Tarjeta credito,Confirmada,G025,Baja,1,2022,cliente2199@hotmail.com
RES00675,2023-11-04,Cancun,Isla Mujeres,Grupal,7,1.0,Canada,Ingles,760.34,5702.55,9.2,4.1,Tarjeta debito,Completada,G039,Media,11,2023,cliente9450@yahoo.com
RES02955,2021-11-14,Akumal,Snorkel Tortugas Akumal,Grupal,16,7.0,Mexico,Español,,15091.24,7.0,3.8,Efectivo,Completada,G029,Media,11,2021,cliente3208@yahoo.com
RES03238,2024-02-13,Bacalar,Laguna de los 7 Colores,Privado,3,1.0,Estados Unidos,Español,1099.93,3849.76,7.3,5.0,Efectivo,Completada,G015,Baja,2,2024,cliente8933@yahoo.com
RES01816,2022-03-27,Cozumel,Snorkel El Cielo,Grupal,14,5.0,Mexico,Español,1340.72,22121.88,4.6,5.0,Efectivo,Completada,G005,Alta,3,2022,cliente9157@outlook.com
RES02590,2022-06-15,Playa del Carmen,Xcaret,Grupal,15,4.0,Estados Unidos,Español,919.24,15627.08,5.7,2.6,Tarjeta debito,Completada,G022,Media,6,2022,cliente4678@yahoo.com
RES02101,2022-06-07,Playa del Carmen,Xel-Ha,Grupal,4,2.0,Mexico,Español,928.72,4643.6,4.1,5.0,Tarjeta credito,Completada,,Media,6,2022,cliente941@yahoo.com
RES03166,2023-12-29,Bacalar,Fuerte de San Felipe,Grupal,8,2.0,Mexico,Aleman,1136.25,10226.25,10.0,4.3,Efectivo,Completada,G016,Alta,12,2023,cliente6412@yahoo.com
RES05082,2024-02-03,Chichen Itza,Chichen Itza + Cenote Ik Kil,Grupal,7,2.0,Estados Unidos,Español,944.99,7559.92,7.7,5.0,Transferencia,Pendiente,G012,Baja,2,2024,cliente6131@gmail.com
RES02102,2023-07-29,Bacalar,Fuerte de San Felipe,Privado,4,2.0,Mexico,Aleman,1662.16,8310.8,9.1,5.0,Tarjeta debito,Cancelada,G029,Alta,7,2023,cliente1126@yahoo.com
RES05110,2024-03-01,Holbox,Avistamiento Tiburon Ballena,Grupal,19,7.0,Brasil,Ingles,1268.11,28532.47,5.6,4.8,Tarjeta credito,Confirmada,G010,Alta,3,2024,cliente1106@gmail.com
RES03318,2023-11-23,Merida,Centro Historico Merida,Grupal,5,,Italia,Español,729.02,4009.61,8.5,4.9,Efectivo,Completada,G003,Media,11,2023,cliente6084@outlook.com
RES01549,2021-08-11,Holbox,Avistamiento Tiburon Ballena,Grupal,5,2.0,Estados Unidos,Español,1164.23,6985.38,9.8,5.0,Efectivo,Pendiente,G009,Alta,8,2021,cliente429@yahoo.com
RES03007,2023-06-28,Bacalar,Fuerte de San Felipe,Grupal,16,3.0,Estados Unidos,Español,834.8,14609.0,6.2,2.9,Tarjeta credito,Completada,G003,Media,6,2023,cliente4566@icloud.com
RES04141,2023-11-21,Holbox,Avistamiento Tiburon Ballena,Privado,1,0.0,Japon,Español,1509.69,1509.69,6.4,5.0,Efectivo,Completada,G011,Media,11,2023,cliente7918@outlook.com
RES00356,2023-10-31,Cozumel,Buceo Arrecife Palancar,Grupal,20,6.0,Canada,Portugues,1058.47,24344.81,4.4,,Paypal,Completada,G012,Media,10,2023,
RES02572,2024-01-21,Akumal,Snorkel Tortugas Akumal,Grupal,19,4.0,Estados Unidos,Aleman,695.61,14607.81,5.2,,Transferencia,Completada,G008,Baja,1,2024,cliente1346@yahoo.com
RES02733,2022-11-01,Bacalar,Fuerte de San Felipe,Grupal,5,1.0,Mexico,Español,949.15,5220.32,9.1,5.0,Crypto,Completada,G035,Media,11,2022,cliente6690@gmail.com
RES03434,2021-09-10,Uxmal,Uxmal + Kabah,Grupal,14,2.0,Mexico,Ingles,910.21,13653.15,9.8,1.0,Tarjeta debito,Completada,G032,Baja,9,2021,cliente3264@yahoo.com
RES05343,2024-03-28,Bacalar,Laguna de los 7 Colores,Privado,4,0.0,Mexico,Italiano,1714.17,6856.68,6.6,3.8,Paypal,Completada,G037,Alta,3,2024,cliente6240@icloud.com
RES04300,2023-08-11,Holbox,Avistamiento Tiburon Ballena,Grupal,11,3.0,Colombia,Español,1209.99,15124.88,5.3,5.0,Efectivo,Completada,G012,Alta,8,2023,cliente9375@outlook.com
RES01052,2021-10-04,Bacalar,Laguna de los 7 Colores,Privado,2,1.0,Mexico,Español,1413.74,3534.35,4.6,1.7,Tarjeta credito,Pendiente,G015,Media,10,2021,sinArroba.com
RES02322,2023-10-26,Cozumel,Tour Isla Cozumel,Grupal,7,3.0,Estados Unidos,Ingles,1040.45,8843.83,4.1,4.7,Tarjeta credito,Completada,G004,Media,10,2023,cliente6118@yahoo.com
RES03600,2022-12-20,Holbox,Punta Mosquito,Grupal,10,5.0,Argentina,Español,1321.23,16515.38,3.6,5.0,Tarjeta credito,Completada,G020,Alta,12,2022,cliente3598@hotmail.com
RES03665,2021-06-28,Tulum,Cenote Gran Cenote,Grupal,16,4.0,Mexico,Español,964.67,17364.06,7.1,4.8,Paypal,Cancelada,G031,Media,6,2021,cliente7528@yahoo.com
RES01752,2023-03-24,Cozumel,Buceo Arrecife Palancar,Grupal,20,1.0,,Ingles,1412.09,28947.84,7.1,5.0,,Completada,G021,Alta,3,2023,cliente2478@outlook.com
RES03653,2022-11-11,Uxmal,Ruta Puuc,Grupal,8,2.0,Estados Unidos,Español,935.75,8421.75,4.5,3.0,Efectivo,Completada,G038,Media,11,2022,
RES01773,2024-02-05,Bacalar,Laguna de los 7 Colores,Grupal,19,9.0,Mexico,,724.88,17034.68,4.5,3.9,Efectivo,Completada,G024,Baja,2,2024,cliente1394@hotmail.com
RES01197,2021-07-07,Tulum,Ruinas de Tulum,Grupal,14,6.0,Alemania,Español,1051.53,17876.01,9.7,3.0,Tarjeta debito,Confirmada,,Alta,7,2021,cliente3655@outlook.com
RES01879,2023-11-04,Cancun,Isla Mujeres,Grupal,15,2.0,Francia,Español,781.02,500000.0,9.4,5.0,Paypal,Completada,G015,Media,11,2023,cliente5899@outlook.com
RES02017,2021-10-15,Bacalar,Laguna de los 7 Colores,Grupal,18,9.0,Alemania,Frances,953.2,21447.0,4.2,5.0,Tarjeta credito,Completada,G015,Media,10,2021,cliente6130@outlook.com
RES02006,2022-02-22,Tulum,Cenote Dos Ojos,Grupal,20,,Reino Unido,Italiano,863.81,18571.91,9.6,3.9,Tarjeta credito,Cancelada,G033,Baja,2,2022,cliente9709@gmail.com
RES05711,2021-07-06,Uxmal,Uxmal + Kabah,Grupal,15,2.0,Estados Unidos,Español,1242.5,19880.0,5.7,3.7,Tarjeta debito,Completada,G022,Alta,7,2021,cliente8300@outlook.com
RES01483,2021-02-02,Merida,Centro Historico Merida,Privado,2,1.0,Brasil,Ingles,860.33,2150.83,,4.7,Efectivo,Completada,G021,Baja,2,2021,cliente3249@yahoo.com
RES00329,2022-10-12,Uxmal,Uxmal + Kabah,Grupal,17,0.0,España,Español,1094.87,18612.79,6.6,5.0,Efectivo,Pendiente,G025,Media,10,2022,cliente3171@gmail.com
RES00649,2022-08-27,Uxmal,Ruta Puuc,Grupal,17,3.0,Francia,Español,1136.59,21026.91,3.0,3.7,Efectivo,Completada,,Alta,8,2022,cliente6174@icloud.com
RES04210,2021-07-10,Playa del Carmen,Xcaret,Grupal,20,0.0,Mexico,Ingles,1035.22,20704.4,8.9,4.9,Efectivo,Cancelada,G031,Alta,7,2021,cliente4751@hotmail.com
RES01124,2022-05-14,Tulum,Sian Ka'an,Grupal,17,6.0,Brasil,Ingles,969.7,19394.0,8.6,3.8,Tarjeta credito,Completada,G019,Media,5,2022,cliente9202@gmail.com
RES02813,2021-07-30,Playa del Carmen,Xcaret,Grupal,15,2.0,Reino Unido,Ingles,1065.2,17043.2,3.9,2.8,Crypto,Completada,G036,Alta,7,2021,cliente5735@hotmail.com
RES02998,2022-04-20,Playa del Carmen,Xcaret,Grupal,9,2.0,Italia,Español,1063.0,10630.0,5.2,5.0,Tarjeta credito,Completada,G022,Alta,4,2022,us er@gmail.com
RES05782,2023-09-23,Chichen Itza,Valladolid + Chichen Itza,Privado,1,0.0,Japon,Ingles,1444.41,1444.41,3.3,4.8,Tarjeta credito,Completada,G013,Baja,9,2023,cliente8954@icloud.com
RES02880,2024-03-17,Chichen Itza,Valladolid + Chichen Itza,Grupal,5,0.0,Reino Unido,Portugues,1488.67,7443.35,10.4,5.0,Tarjeta debito,Cancelada,G008,Alta,3,2024,cliente2670@outlook.com
RES05480,2022-02-26,Bacalar,Fuerte de San Felipe,Grupal,16,0.0,Belgica,Ingles,814.69,13035.04,3.4,5.0,Tarjeta debito,Completada,G029,Baja,2,2022,cliente2666@outlook.com
RES05051,2023-04-04,Playa del Carmen,Quinta Avenida + Cozumel,Grupal,12,2.0,Canada,Español,1101.76,14322.88,4.5,4.8,Efectivo,Completada,G007,Alta,4,2023,cliente6172@gmail.com
RES01260,2021-11-02,Cozumel,Buceo Arrecife Palancar,Grupal,7,0.0,Holanda,Español,1126.54,7885.78,48.0,1.0,Tarjeta credito,Completada,G003,Media,11,2021,cliente6316@hotmail.com
RES04866,2023-07-13,Uxmal,Ruta Puuc,Gruupal,12,6.0,Estados Unidos,Ingles,1192.91,17893.65,,,Efectivo,Cancelada,G004,Alta,7,2023,cliente2521@outlook.com
RES05528,2023-02-18,Merida,Izamal + Merida,Privado,4,1.0,Australia,Español,965.9,4346.55,9.6,2.7,Tarjeta debito,Completada,G028,Baja,2,2023,
RES04964,2023-12-16,Playa del Carmen,Xcaret,Privado,3,0.0,Estados Unidos,Español,1530.29,4590.87,9.1,3.7,Crypto,Cancelada,G016,Alta,12,2023,sinArroba.com
RES01520,2023-07-19,Cozumel,Buceo Arrecife Palancar,Grupal,18,9.0,Argentina,Español,1283.92,28888.2,7.8,3.8,Tarjeta debito,Completada,G007,Alta,7,2023,cliente3722@yahoo.com
RES01379,2023-02-05,Holbox,Tour Isla Holbox,Privado,1,0.0,Estados Unidos,Español,1409.99,1409.99,6.8,1.0,Paypal,Confirmada,G016,Baja,2,2023,cliente4320@gmail.com
RES04408,2021-10-13,Playa del Carmen,Xel-Ha,Privado,1,,Alemania,Ingles,1234.64,1234.64,9.1,2.1,Efectivo,Completada,G020,Media,10,2021,sinArroba.com
RES01024,2022-08-20,Merida,Haciendas del Mayab,Grupal,8,1.0,Colombia,Frances,808.5,6872.25,6.1,4.7,Transferencia,Pendiente,G011,Alta,8,2022,cliente1677@hotmail.com
RES04998,2024-02-05,Tulum,Cenote Dos Ojos,Grupal,5,2.0,Estados Unidos,,815.39,4892.34,8.1,4.7,Efectivo,Cancelada,G017,Baja,2,2024,cliente9884@hotmail.com
RES04292,2024-03-11,Tulum,Sian Ka'an,Privado,3,1.0,Estados Unidos,Español,1824.95,6387.32,3.4,,Tarjeta credito,Completada,G013,Alta,3,2024,cliente4396@outlook.com
RES02411,2023-10-19,Bacalar,Laguna de los 7 Colores,Grupal,4,2.0,Mexico,Español,852.38,4261.9,10.3,5.0,Efectivo,Completada,G017,Media,10,2023,sinArroba.com
RES00913,2021-04-10,Tulum,Cenote Dos Ojos,Privado,4,2.0,Italia,Español,1784.63,8923.15,3.1,4.9,Efectivo,Completada,G002,Alta,4,2021,cliente4891@outlook.com
RES05445,2023-05-03,Tulum,Sian Ka'an,Grupal,13,2.0,Brasil,Ingles,905.72,12680.08,5.8,3.7,Efectivo,Pendiente,G006,Media,5,2023,cliente8819@gmail.com
RES01676,2021-01-22,Uxmal,Uxmal + Kabah,Grupal,7,3.0,Alemania,Aleman,873.93,7428.4,,,Tarjeta debito,Completada,G013,Baja,1,2021,cliente6075@hotmail.com
RES01747,2021-08-13,Uxmal,Uxmal + Kabah,Grupal,16,3.0,Mexico,Ingles,1318.07,23066.22,3.3,,Efectivo,Completada,G025,Alta,8,2021,cliente565@gmail.com
RES03008,2022-11-20,Tulum,Cenote Gran Cenote,Privado,1,0.0,Colombia,Español,1440.71,1440.71,4.8,4.0,Transferencia,Completada,,Media,11,2022,cliente9208@hotmail.com
RES01737,2023-07-25,Playa del Carmen,Xcaret,Grupal,17,1.0,Mexico,Español,941.99,16484.83,3.0,3.0,Tarjeta credito,Confirmada,G007,Alta,7,2023,usuario@
RES01630,2022-07-01,Akumal,Snorkel Tortugas Akumal,Grupal,6,1.0,Canada,Español,913.75,5939.38,9.6,4.9,Efectivo,Cancelada,G001,Alta,7,2022,cliente5857@outlook.com
RES05482,2022-03-22,Chichen Itza,Chichen Itza + Cenote Ik Kil,Grupal,4,0.0,Holanda,Español,1569.95,6279.8,6.2,5.0,Transferencia,Completada,G017,Alta,3,2022,cliente9178@hotmail.com
RES00431,2021-10-06,Chichen Itza,Valladolid + Chichen Itza,Privado,1,0.0,Colombia,Español,1849.58,1849.58,9.4,4.8,Tarjeta debito,Completada,G040,Media,10,2021,cliente1441@yahoo.com
RES01809,2023-07-01,Tulum,Sian Ka'an,Privado,1,0.0,Mexico,Español,1729.71,1729.71,8.3,4.9,Paypal,Completada,,Alta,7,2023,
RES04915,2024-02-09,Akumal,Snorkel Tortugas Akumal,Grupal,15,7.0,Canada,Ingles,632.45,11700.33,6.5,4.8,Tarjeta debito,Cancelada,G005,Baja,2,2024,cliente5441@hotmail.com
RES02657,2021-10-02,Chichen Itza,Valladolid + Chichen Itza,Privado,3,0.0,Alemania,Ingles,1892.78,5678.34,4.0,4.7,,Completada,G015,Media,10,2021,cliente7292@icloud.com
RES05719,2022-07-31,Chichen Itza,Valladolid + Chichen Itza,Grupal,7,0.0,Reino Unido,Ingles,1409.91,9869.37,4.4,5.0,Efectivo,Confirmada,G015,Alta,7,2022,cliente7396@gmail.com
RES03526,2021-02-16,Uxmal,Ruta Puuc,Grupal,7,2.0,Mexico,Frances,805.18,6441.44,3.7,3.3,Tarjeta credito,Pendiente,G010,Baja,2,2021,cliente1850@outlook.com
RES03502,2021-07-25,Tulum,Cenote Dos Ojos,Grupal,11,1.0,Brasil,,1170.49,13460.64,4.7,1.6,Tarjeta credito,Completada,G011,Alta,7,2021,cliente561@hotmail.com
RES02223,2022-09-13,Cancun,Zona Hotelera Tour,Grupal,15,6.0,Estados Unidos,Frances,683.96,12311.28,8.4,,Efectivo,Completada,G033,Baja,9,2022,cliente1846@hotmail.com
RES04695,2022-07-14,Chichen Itza,Chichen Itza + Cenote Ik Kil,Privado,4,0.0,Mexico,Español,2105.15,8420.6,7.1,3.8,Tarjeta credito,Completada,G009,Alta,7,2022,cliente8707@outlook.com
RES04083,2022-09-09,Uxmal,Ruta Puuc,Grupal,11,0.0,Holanda,Español,801.0,8811.0,4.5,5.0,Efectivo,Completada,G003,Baja,9,2022,usuario@
RES05385,2023-06-03,Holbox,Punta Mosquito,Grupal,16,7.0,Mexico,Español,1060.27,20675.26,,4.9,Paypal,Completada,G014,Media,6,2023,cliente6765@gmail.com
RES03692,2022-02-07,Chichen Itza,Chichen Itza + Cenote Ik Kil,Privado,4,2.0,Italia,Portugues,1575.77,7878.85,10.2,3.6,Efectivo,Completada,G034,Baja,2,2022,cliente2934@hotmail.com
RES04615,2021-10-17,Cozumel,Tour Isla Cozumel,Grupal,5,1.0,Mexico,Español,1013.74,5575.57,3.9,5.0,Tarjeta credito,Completada,G025,Media,10,2021,cliente429@hotmail.com
RES05358,2023-06-15,Holbox,Punta Mosquito,Grupal,13,1.0,Japon,Español,1121.79,15144.16,7.5,5.0,Tarjeta credito,Completada,G001,Media,6,2023,cliente5454@gmail.com
RES01996,2023-07-11,Uxmal,Uxmal + Kabah,Privado,2,0.0,Suecia,Español,1865.49,3730.98,7.8,4.1,Tarjeta credito,Completada,G038,Alta,7,2023,cliente9166@gmail.com
RES03221,2024-03-16,Bacalar,Kayak Canales,Grupal,19,4.0,Reino Unido,Italiano,1147.51,24097.71,7.8,5.0,Efectivo,Completada,G014,Alta,3,2024,cliente7756@outlook.com
RES02225,2021-12-14,Akumal,Cenote Yalku,Privado,4,1.0,Francia,,1467.13,6602.09,6.7,5.0,Tarjeta credito,Completada,G032,Alta,12,2021,cliente7717@outlook.com
RES01107,2022-10-21,Cozumel,Buceo Arrecife Palancar,Grupal,8,4.0,Mexico,Italiano,1105.11,11051.1,9.8,5.0,Efectivo,Pendiente,G030,Media,10,2022,cliente9068@icloud.com
RES04970,2022-10-06,Bacalar,Kayak Canales,Grupal,13,0.0,Mexico,Ingles,899.92,11698.96,6.8,3.0,Efectivo,Completada,G017,Media,10,2022,cliente9389@yahoo.com
RES00819,2022-08-26,Tulum,Cenote Gran Cenote,Grupal,20,3.0,Mexico,Ingles,1129.78,24290.27,8.4,4.8,Efectivo,Completada,G027,Alta,8,2022,cliente5943@yahoo.com
RES04111,2023-12-16,Holbox,Punta Mosquito,Privado,2,1.0,,Español,1859.53,4648.82,5.2,4.0,Tarjeta credito,Completada,G024,Alta,12,2023,cliente1474@gmail.com
RES04385,2024-03-31,Holbox,Tour Isla Holbox,Privado,1,0.0,Francia,Ingles,1947.67,1947.67,9.9,4.9,Paypal,Completada,G024,Alta,3,2024,cliente6737@icloud.com
RES01698,2024-02-14,Akumal,Snorkel Tortugas Akumal,Privado,3,1.0,Estados Unidos,Ingles,1088.5,3809.75,2.6,4.9,Tarjeta debito,Confirmada,G001,Baja,2,2024,sinArroba.com
RES02575,2022-03-12,Merida,Centro Historico Merida,Grupal,11,4.0,Estados Unidos,Italiano,914.12,11883.56,4.5,4.3,Tarjeta debito,Pendiente,G027,Alta,3,2022,cliente7439@gmail.com
RES00137,2022-11-18,Bacalar,Kayak Canales,Grupal,20,0.0,Japon,Aleman,956.83,19136.6,2.6,5.0,Efectivo,Pendiente,G038,Media,11,2022,cliente8402@icloud.com
RES04814,2023-12-31,Cancun,Isla Mujeres,Privado,1,0.0,Argentina,Español,1418.54,1418.54,3.8,,Transferencia,Confirmada,G012,Alta,12,2023,cliente5604@outlook.com
RES02958,2021-03-31,Holbox,Avistamiento Tiburon Ballena,Grupal,4,0.0,Brasil,Español,1170.8,4683.2,4.2,5.0,Tarjeta debito,Cancelada,G019,Alta,3,2021,cliente5444@icloud.com
RES05350,2021-04-27,Cozumel,Tour Isla Cozumel,Privado,4,2.0,Mexico,Español,2138.02,10690.1,6.1,5.0,Crypto,Confirmada,G010,Alta,4,2021,
RES01181,2021-05-30,Playa del Carmen,Quinta Avenida + Cozumel,Grupal,13,,Mexico,Español,787.49,10237.37,5.8,5.0,Tarjeta credito,Completada,G007,Media,5,2021,cliente2446@hotmail.com
RES03480,2021-04-25,Chichen Itza,Chichen Itza + Cenote Ik Kil,Grupal,6,1.0,Mexico,Español,1534.04,9971.26,,4.1,Tarjeta debito,Pendiente,,Alta,4,2021,cliente8507@gmail.com
RES00889,2022-02-12,Cancun,Laguna Nichupte,Grupal,18,0.0,Reino Unido,Español,687.11,12367.98,8.5,5.0,Tarjeta credito,Completada,G008,Baja,2,2022,cliente4082@yahoo.com
RES02692,2022-02-06,Akumal,Snorkel Tortugas Akumal,Privado,3,0.0,Canada,Español,953.85,2861.55,7.7,3.8,Paypal,Confirmada,G023,Baja,2,2022,cliente2229@gmail.com
RES02438,2021-05-22,Merida,Centro Historico Merida,Grupal,17,6.0,Estados Unidos,Ingles,649.0,12980.0,4.0,2.3,Tarjeta debito,Completada,G027,Media,5,2021,cliente4374@icloud.com
RES05120,2022-09-26,Cozumel,Snorkel El Cielo,Grupal,7,0.0,Mexico,Español,959.55,6716.85,,4.7,Tarjeta credito,Completada,G023,Baja,9,2022,cliente7001@outlook.com
RES05812,2021-09-29,Tulum,Cenote Dos Ojos,Grupal,17,2.0,Canada,Aleman,871.96,15695.28,10.4,1.8,Paypal,Confirmada,G031,Baja,9,2021,cliente2948@outlook.com
RES00818,2022-03-16,Cozumel,Snorkel El Cielo,Grupal,15,1.0,Reino Unido,Español,1332.65,20656.08,,,Tarjeta credito,Confirmada,G029,Alta,3,2022,cliente2565@gmail.com
RES01112,2023-06-22,Tulum,Cenote Gran Cenote,Grupal,19,6.0,Suiza,Español,906.54,19943.88,7.4,4.8,Transferencia,Completada,,Media,6,2023,us er@gmail.com
RES05841,2023-07-04,Uxmal,Uxmal + Kabah,Privado,4,2.0,Francia,,1784.13,8920.65,9.0,4.0,Tarjeta credito,Completada,G018,Alta,7,2023,cliente4459@yahoo.com
RES02342,2024-01-22,Bacalar,Kayak Canales,Grupal,14,1.0,Alemania,Español,727.89,10554.41,4.8,3.9,Tarjeta credito,Completada,G008,Baja,1,2024,cliente203@icloud.com
RES05552,2022-08-14,Bacalar,Laguna de los 7 Colores,Grupal,5,1.0,Mexico,Aleman,1140.61,6273.35,4.1,3.1,Crypto,Completada,,Alta,8,2022,cliente4763@gmail.com
RES03807,2022-11-10,Merida,Haciendas del Mayab,Privado,3,1.0,Francia,Aleman,1061.7,3715.95,10.3,5.0,Tarjeta debito,Completada,G023,Media,11,2022,cliente8994@gmail.com
RES01265,2023-04-01,Holbox,Avistamiento Tiburon Ballena,Grupal,13,5.0,Italia,Ingles,1330.36,20620.58,3.7,,Efectivo,Completada,G017,Alta,4,2023,cliente9946@outlook.com
RES00991,2021-01-09,Cozumel,Snorkel El Cielo,Grupal,8,1.0,Mexico,Ingles,1023.91,8703.24,7.3,4.9,Tarjeta credito,Completada,G010,Baja,1,2021,cliente1007@gmail.com
RES03277,2023-09-07,Cancun,Zona Hotelera Tour,Grupal,14,0.0,Mexico,Español,697.84,9769.76,3.8,3.7,Crypto,Cancelada,G039,Baja,9,2023,cliente2402@hotmail.com
RES01740,2021-10-20,Tulum,Sian Ka'an,Privado,4,0.0,Mexico,Español,1399.55,5598.2,8.6,4.7,Tarjeta debito,Completada,G024,Media,10,2021,cliente2988@yahoo.com
RES02510,2023-06-17,Tulum,Cenote Dos Ojos,Privado,1,0.0,Mexico,Ingles,1454.39,1454.39,7.5,3.7,Efectivo,Completada,G003,Media,6,2023,sinArroba.com
RES00354,2021-09-05,Tulum,Ruinas de Tulum,Grupal,7,2.0,Reino Unido,Ingles,864.5,6916.0,3.3,1.0,Tarjeta debito,Completada,G004,Baja,9,2021,cliente2599@icloud.com
RES04600,01-19-2022,Cancun,Laguna Nichupte,Grupal,18,1.0,Canada,Español,633.44,11718.64,2.9,3.9,Tarjeta credito,Cancelada,G018,Baja,1,2022,cliente7389@yahoo.com
RES05606,2021-10-02,Playa del Carmen,Xcaret,Grupal,6,2.0,Mexico,Español,920.87,6446.09,7.1,4.1,Efectivo,Completada,G002,Media,10,2021,@dominio.com
RES04234,2023-12-27,Playa del Carmen,Quinta Avenida + Cozumel,Privado,3,0.0,Francia,Italiano,1540.32,4620.96,2.7,5.0,Tarjeta debito,Completada,G040,Alta,12,2023,cliente1994@hotmail.com
RES01490,2023-02-04,Uxmal,Ruta Puuc,Grupal,17,0.0,Francia,Italiano,882.71,15006.07,8.3,5.0,Efectivo,Completada,G030,Baja,2,2023,cliente4219@outlook.com
RES03976,2021-05-01,Bacalar,Kayak Canales,Grupal,7,0.0,Canada,Aleman,940.8,6585.6,8.6,,Transferencia,Confirmada,G005,Media,5,2021,cliente6722@gmail.com
RES01229,2021-03-13,Bacalar,Fuerte de San Felipe,Privado,4,0.0,Estados Unidos,Español,1598.88,6395.52,3.1,4.3,Tarjeta credito,Completada,G035,Alta,3,2021,cliente9233@yahoo.com
RES03113,2022-05-22,Merida,Haciendas del Mayab,Grupal,15,,Mexico,Español,656.86,10509.76,3.0,5.0,Tarjeta debito,Completada,G026,Media,5,2022,cliente1807@gmail.com
RES05296,2022-06-05,Akumal,Cenote Yalku,Privado,2,0.0,Estados Unidos,Frances,1137.18,2274.36,9.6,4.4,Tarjeta credito,Completada,G030,Media,6,2022,
RES05718,2023-06-09,Bacalar,Fuerte de San Felipe,Grupal,4,2.0,Colombia,Español,959.78,4798.9,5.2,4.1,Transferencia,Completada,G020,Media,6,2023,cliente4197@gmail.com
RES05652,2023-02-02,Playa del Carmen,Quinta Avenida + Cozumel,Grupal,12,1.0,España,,682.92,8536.5,7.7,5.0,Tarjeta debito,Completada,G027,Baja,2,2023,cliente8429@gmail.com
RES00053,2021-03-04,Cancun,Laguna Nichupte,Privado,2,1.0,Canada,Ingles,1290.24,3225.6,8.8,5.0,Transferencia,Pendiente,G003,Alta,3,2021,cliente7351@icloud.com
RES03164,2022-12-26,Tulum,Cenote Dos Ojos,Privado,2,0.0,Alemania,Español,1776.84,3553.68,7.7,3.6,Efectivo,Completada,G019,Alta,12,2022,cliente9205@yahoo.com
RES04324,2021-07-11,Playa del Carmen,Xcaret,Privado,2,0.0,Mexico,Español,1433.33,2866.66,3.9,5.0,Tarjeta debito,Cancelada,G022,Alta,7,2021,cliente3928@yahoo.com
RES03998,2023-09-04,Bacalar,Kayak Canales,Grupal,14,3.0,Estados Unidos,Español,808.01,12524.16,7.4,5.0,Crypto,Pendiente,G014,Baja,9,2023,cliente1259@outlook.com
RES04149,2022-09-28,Cozumel,Buceo Arrecife Palancar,Grupal,16,4.0,Mexico,Español,975.89,17566.02,5.3,5.0,Tarjeta credito,Cancelada,G023,Baja,9,2022,cliente2146@gmail.com
RES03699,2023-09-11,Cozumel,Tour Isla Cozumel,Privado,1,0.0,Estados Unidos,Español,1357.17,1357.17,9.7,4.2,Efectivo,Completada,G007,Baja,9,2023,cliente9379@yahoo.com
RES01590,2023-11-20,Holbox,Tour Isla Holbox,Privado,2,1.0,Belgica,Español,1499.89,3749.73,7.7,4.9,Paypal,Completada,G005,Media,11,2023,cliente8288@outlook.com
RES01480,2022-08-06,Holbox,Avistamiento Tiburon Ballena,Privado,1,0.0,España,Español,1851.71,1851.71,9.5,3.8,Tarjeta debito,Confirmada,G038,Alta,8,2022,@dominio.com
RES01470,2024-02-18,Tulum,Ruinas de Tulum,Privado,3,0.0,Mexico,Italiano,1330.19,3990.57,7.3,5.0,Efectivo,Completada,G038,Baja,2,2024,cliente9762@outlook.com
RES03590,2021-12-10,Cozumel,Tour Isla Cozumel,Grupal,7,1.0,Argentina,Ingles,1411.65,10587.38,3.8,5.0,Efectivo,Completada,G034,Alta,12,2021,
RES04904,2022-05-02,Uxmal,Ruta Puuc,Grupal,12,4.0,Mexico,Español,1004.55,14063.7,7.7,5.0,Tarjeta credito,Cancelada,G013,Media,5,2022,cliente4289@icloud.com
RES02079,2023-11-25,Chichen Itza,Valladolid + Chichen Itza,Grupal,16,4.0,Japon,Portugues,1197.95,21563.1,6.9,4.7,Crypto,Completada,G014,Media,11,2023,cliente1342@icloud.com
RES04884,2023-11-02,Akumal,Cenote Yalku,Grupal,17,4.0,Estados Unidos,Ingles,858.45,16310.55,5.2,5.0,Tarjeta credito,Cancelada,G026,Media,11,2023,cliente3859@icloud.com
RES05952,03-02-2023,Holbox,Avistamiento Tiburon Ballena,Grupal,15,3.0,Francia,Aleman,1349.95,22274.17,7.4,4.1,Crypto,Completada,G001,Alta,3,2023,cliente6237@hotmail.com
RES05899,2022-02-07,Akumal,Cenote Yalku,Grupal,6,0.0,Canada,Portugues,709.43,4256.58,8.4,,Tarjeta credito,Pendiente,G019,Baja,2,2022,cliente4022@gmail.com
RES00437,2022-04-15,Playa del Carmen,Xel-Ha,Grupal,19,9.0,Alemania,Español,971.71,22835.19,5.2,5.0,Efectivo,Confirmada,G010,Alta,4,2022,cliente1515@yahoo.com
RES02923,2024-01-04,Holbox,Avistamiento Tiburon Ballena,Grupal,13,4.0,Brasil,Italiano,915.35,13730.25,8.6,2.9,Transferencia,Confirmada,G004,Baja,1,2024,cliente2532@gmail.com
RES03935,02-01-2023,Holbox,Punta Mosquito,Grupal,16,1.0,Mexico,Frances,836.31,13799.11,3.3,5.0,Tarjeta credito,Completada,G017,Baja,2,2023,cliente8646@gmail.com
RES01589,2021-12-17,Akumal,Cenote Yalku,Grupal,11,2.0,Estados Unidos,Español,1006.21,12074.52,3.0,4.7,Efectivo,Completada,G017,Alta,12,2021,@dominio.com
RES04444,2022-12-01,Tulum,Cenote Dos Ojos,Grupal,12,6.0,Estados Unidos,Ingles,1125.83,16887.45,3.3,4.7,Tarjeta credito,Pendiente,G028,Alta,12,2022,cliente913@icloud.com
RES01591,2021-04-25,Chichen Itza,Chichen Itza + Cenote Ik Kil,Grupal,16,0.0,Canada,Español,1570.45,25127.2,10.3,5.0,Transferencia,Pendiente,G037,Alta,4,2021,cliente7149@gmail.com
RES04946,2022-11-07,Bacalar,Laguna de los 7 Colores,Grupal,6,3.0,Mexico,Español,947.83,7108.73,9.5,5.0,Tarjeta debito,Completada,G003,Media,11,2022,cliente5348@icloud.com
RES00974,2022-02-21,Merida,Haciendas del Mayab,Grupal,11,2.0,Argentina,Portugues,638.66,7663.92,6.1,4.1,Efectivo,Completada,G021,Baja,2,2022,cliente5888@hotmail.com
RES01239,2023-12-22,Cozumel,Buceo Arrecife Palancar,Grupal,4,0.0,Estados Unidos,,1219.42,4877.68,4.0,3.8,Tarjeta credito,Completada,G007,Alta,12,2023,cliente194@hotmail.com
RES02343,2022-03-09,Merida,Centro Historico Merida,Grupal,14,6.0,Australia,Ingles,829.84,14107.28,9.7,4.8,Tarjeta debito,Completada,G036,Alta,3,2022,cliente8082@hotmail.com
RES02506,11/01/2022,Cancun,Snorkel Arrecife,Privado,2,1.0,Colombia,Español,912.5,2281.25,8.2,3.0,Efectivo,Completada,G027,Baja,1,2022,cliente5760@hotmail.com
RES04443,2023-02-09,Cozumel,Buceo Arrecife Palancar,Grupal,8,1.0,Italia,Ingles,,8008.95,6.3,5.0,Crypto,Confirmada,G012,Baja,2,2023,cliente834@yahoo.com
RES05150,2023-12-29,Akumal,Cenote Yalku,Grupal,-15,4.0,Estados Unidos,Español,976.18,16595.06,8.3,4.6,Efectivo,Completada,G009,Alta,12,2023,cliente2484@gmail.com
RES02232,2021-03-08,Bacalar,Kayak Canales,Grupal,7,2.0,Francia,Ingles,1130.57,9044.56,9.9,4.4,Efectivo,Completada,G018,Alta,3,2021,cliente4228@gmail.com
RES03775,2022-09-08,Bacalar,Laguna de los 7 Colores,Privado,2,1.0,Mexico,Español,1121.8,2804.5,5.9,4.0,Efectivo,Completada,G035,Baja,9,2022,cliente6859@icloud.com
RES01498,2021-06-18,Akumal,Snorkel Tortugas Akumal,Grupal,15,5.0,Canada,Frances,876.42,15337.35,3.2,5.0,Tarjeta credito,Completada,G023,Media,6,2021,cliente4333@hotmail.com
RES00450,2022-09-04,Merida,Centro Historico Merida,Gruupal,11,3.0,Mexico,Español,617.86,7723.25,8.0,,Tarjeta credito,Completada,G037,Baja,9,2022,cliente304@hotmail.com
RES02370,2023-03-29,Tulum,Sian Ka'an,Privado,2,0.0,Canada,Español,1640.5,3281.0,9.2,5.0,Crypto,Completada,G028,Alta,3,2023,
RES03609,2023-10-31,Uxmal,Ruta Puuc,Grupal,7,2.0,Mexico,Español,973.42,7787.36,4.3,4.1,Tarjeta credito,Completada,G020,Media,10,2023,cliente1121@outlook.com
RES02423,2022-06-24,Chichen Itza,Valladolid + Chichen Itza,Privado,4,2.0,Mexico,Español,1660.07,8300.35,7.8,4.2,Tarjeta debito,Completada,G006,Media,6,2022,cliente7703@hotmail.com
RES05421,2021-06-27,Tulum,Cenote Gran Cenote,Grupal,6,0.0,Italia,Portugues,1027.5,6165.0,3.0,4.0,Transferencia,Confirmada,G024,Media,6,2021,
RES04943,2023-08-21,Chichen Itza,Valladolid + Chichen Itza,Privado,1,0.0,Mexico,Español,2337.76,2337.76,10.0,5.0,Tarjeta debito,Completada,G001,Alta,8,2023,cliente5634@icloud.com
RES01552,2021-04-29,Uxmal,Ruta Puuc,Grupal,9,0.0,Mexico,Ingles,1171.73,10545.57,3.9,,Paypal,Completada,G024,Alta,4,2021,cliente3526@icloud.com
RES05352,2022-02-12,Playa del Carmen,Xel-Ha,Grupal,17,8.0,Estados Unidos,Italiano,714.3,15000.3,4.7,4.8,Efectivo,Completada,G019,Baja,2,2022,cliente2019@icloud.com
RES01147,2023-01-29,Playa del Carmen,Quinta Avenida + Cozumel,Privado,2,1.0,España,Aleman,1165.06,2912.65,7.0,4.8,Tarjeta credito,Completada,G017,Baja,1,2023,cliente5827@gmail.com
RES03784,2021-01-02,Bacalar,Laguna de los 7 Colores,Grupal,20,10.0,Estados Unidos,Aleman,789.27,19731.75,2.8,3.9,Efectivo,Completada,G032,Baja,1,2021,cliente8690@yahoo.com
RES02093,2022-04-09,Chichen Itza,Chichen Itza + Cenote Ik Kil,Grupal,20,6.0,Alemania,Ingles,1506.4,34647.2,4.9,4.8,Tarjeta credito,Completada,G034,Alta,4,2022,cliente2035@outlook.com
RES01314,2022-06-07,Bacalar,Fuerte de San Felipe,Grupal,14,2.0,Alemania,Aleman,830.03,12450.45,3.5,5.0,Paypal,Completada,G014,Media,6,2022,cliente7475@icloud.com
RES02016,2021-06-29,Chichen Itza,Valladolid + Chichen Itza,Grupal,6,1.0,Francia,Portugues,1164.97,7572.31,2.9,5.0,Efectivo,Completada,G022,Media,6,2021,cliente1278@icloud.com
RES03971,2023-05-02,Holbox,Avistamiento Tiburon Ballena,Grupal,6,0.0,Holanda,Ingles,1097.51,6585.06,4.3,2.8,Tarjeta credito,Pendiente,G006,Media,5,2023,cliente4081@gmail.com
RES02764,2021-10-09,Tulum,Ruinas de Tulum,Grupal,8,3.0,Colombia,Italiano,963.33,9151.64,9.3,3.3,Tarjeta debito,Confirmada,G038,Media,10,2021,cliente1996@hotmail.com
RES03046,2022-01-03,Cozumel,Buceo Arrecife Palancar,Privado,2,1.0,Canada,Español,1345.1,3362.75,8.7,4.9,Paypal,Confirmada,G039,Baja,1,2022,usuario@
RES01382,2021-06-02,Cancun,Zona Hotelera Tour,Grupal,4,1.0,Canada,Español,806.44,3628.98,8.8,4.9,Efectivo,Completada,,Media,6,2021,cliente463@icloud.com
RES03290,2023-08-26,Chichen Itza,Valladolid + Chichen Itza,Privado,2,1.0,Reino Unido,Español,2028.29,5070.73,,,Efectivo,Completada,G027,Alta,8,2023,cliente4248@yahoo.com
RES00414,2024-01-28,Tulum,Sian Ka'an,Grupal,13,3.0,Mexico,Español,784.36,11373.22,8.6,-1.0,Efectivo,Cancelada,G040,Baja,1,2024,cliente2397@icloud.com
RES00942,2022-03-21,Holbox,Punta Mosquito,Grupal,7,3.0,Mexico,Ingles,1198.36,10186.06,8.8,4.3,Tarjeta credito,Completada,G036,Alta,3,2022,cliente5572@hotmail.com
RES00802,2022-08-23,Tulum,Ruinas de Tulum,Grupal,6,0.0,Polonia,Aleman,1085.58,6513.48,5.4,2.8,Tarjeta credito,Completada,,Alta,8,2022,cliente764@outlook.com
RES02537,2022-12-25,Chichen Itza,Chichen Itza + Cenote Ik Kil,Grupal,16,6.0,Estados Unidos,Ingles,1405.17,26698.23,9.2,4.8,Efectivo,Completada,G025,Alta,12,2022,
RES04574,2022-11-18,Cozumel,Snorkel El Cielo,Grupal,14,4.0,Canada,Español,1148.74,18379.84,9.8,4.3,Tarjeta debito,Completada,G019,Media,11,2022,cliente4317@hotmail.com
RES00257,2021-12-31,Merida,Izamal + Merida,Privado,3,0.0,Reino Unido,Italiano,1293.73,3881.19,7.7,4.3,Efectivo,Cancelada,G012,Alta,12,2021,cliente5534@outlook.com
RES05926,2021-03-05,Chichen Itza,Chichen Itza + Cenote Ik Kil,Grupal,20,4.0,Alemania,Aleman,1513.15,33289.3,8.1,5.0,Efectivo,Cancelada,G038,Alta,3,2021,cliente1684@outlook.com
RES02236,2021-08-08,Uxmal,Ruta Puuc,Grupal,4,2.0,Suiza,Español,1241.19,6205.95,7.8,3.7,Tarjeta debito,Pendiente,G002,Alta,8,2021,cliente6132@icloud.com
RES00648,19/04/2022,Playa del Carmen,Quinta Avenida + Cozumel,Grupal,18,,,Español,1064.98,20767.11,4.7,4.8,Tarjeta credito,Completada,G013,Alta,4,2022,sinArroba.com
RES01768,2023-10-20,Merida,Centro Historico Merida,Grupal,13,1.0,Brasil,Ingles,713.32,9629.82,,5.0,Tarjeta credito,Completada,G028,Media,10,2023,cliente6657@yahoo.com
RES05648,2023-02-04,Playa del Carmen,Quinta Avenida + Cozumel,Grupal,18,7.0,España,Aleman,732.03,15738.64,3.5,5.0,Tarjeta credito,Completada,G040,Baja,2,2023,cliente5380@yahoo.com
RES02526,2023-01-12,Cozumel,Buceo Arrecife Palancar,Grupal,16,7.0,Brasil,Ingles,1017.04,19832.28,4.5,4.7,Tarjeta credito,Completada,G025,Baja,1,2023,cliente3235@yahoo.com
RES05351,2021-06-07,Merida,Centro Historico Merida,Privado,4,2.0,Canada,Español,1052.68,5263.4,3.3,,Efectivo,Pendiente,G034,Media,6,2021,cliente5381@yahoo.com
RES02664,2021-09-21,Akumal,Cenote Yalku,Grupal,5,1.0,Mexico,Español,717.58,3946.69,5.4,2.2,Tarjeta credito,Completada,G034,Baja,9,2021,cliente7420@hotmail.com
RES00025,2022-10-05,Uxmal,Uxmal + Kabah,Privado,3,1.0,Francia,Español,1594.05,5579.18,6.8,2.9,Tarjeta debito,Completada,G013,Media,10,2022,cliente964@gmail.com
RES01089,2023-06-30,Uxmal,Uxmal + Kabah,Privado,2,1.0,Brasil,Español,1601.85,4004.62,4.0,3.8,Tarjeta credito,Completada,G023,Media,6,2023,cliente8321@outlook.com
RES02874,2021-05-31,Cancun,Laguna Nichupte,Privado,2,0.0,Francia,Español,1149.67,2299.34,8.6,5.0,Transferencia,Pendiente,G016,Media,5,2021,
RES03040,2022-01-16,Tulum,Sian Ka'an,Privado,3,0.0,Mexico,Portugues,1173.82,3521.46,,4.8,Tarjeta credito,Completada,G035,Baja,1,2022,cliente5058@outlook.com
RES00113,2021-05-28,Cozumel,Tour Isla Cozumel,Grupal,10,3.0,Canada,Español,1178.89,13557.24,7.5,3.7,,Completada,G014,Media,5,2021,cliente3267@yahoo.com
RES02312,2023-07-21,Playa del Carmen,Quinta Avenida + Cozumel,Grupal,7,2.0,Reino Unido,Italiano,993.81,7950.48,5.4,1.0,Tarjeta credito,Completada,G022,Alta,7,2023,cliente6678@yahoo.com
RES02806,2023-01-20,Uxmal,Ruta Puuc,Grupal,16,,Estados Unidos,,827.23,13649.3,5.8,2.0,Tarjeta credito,Confirmada,G033,Baja,1,2023,cliente7667@icloud.com
RES00057,2022-03-10,Akumal,Cenote Yalku,Grupal,4,0.0,Mexico,Español,1006.34,4025.36,8.0,,Efectivo,Confirmada,G005,Alta,3,2022,cliente9088@outlook.com
RES01310,2023-09-20,Chichen Itza,Chichen Itza + Cenote Ik Kil,Grupal,19,1.0,Francia,Español,991.07,19325.87,10.0,4.8,Tarjeta credito,Completada,,Baja,9,2023,cliente7338@icloud.com
RES00696,2022-11-28,Chichen Itza,Chichen Itza + Cenote Ik Kil,Privado,4,2.0,Estados Unidos,Ingles,1914.0,9570.0,100.0,3.7,Efectivo,Completada,G036,Media,11,2022,cliente5312@gmail.com
RES04393,2023-12-03,Playa del Carmen,Xel-Ha,Grupal,7,1.0,Mexico,Español,1064.9,7986.75,8.6,3.9,Paypal,Completada,G037,Alta,12,2023,cliente2790@hotmail.com
RES01228,2023-12-29,Merida,Haciendas del Mayab,Privado,3,0.0,Estados Unidos,Aleman,,4006.89,4.1,5.0,Tarjeta credito,Confirmada,G024,Alta,12,2023,cliente3055@icloud.com
RES02000,2022-10-11,Cozumel,Buceo Arrecife Palancar,Grupal,9,2.0,Estados Unidos,Ingles,1089.25,10892.5,9.1,4.2,Tarjeta credito,Completada,G034,Media,10,2022,cliente1555@outlook.com
RES00277,2022-12-26,Cancun,Laguna Nichupte,Privado,4,2.0,Mexico,Español,1457.23,7286.15,6.5,1.7,Tarjeta credito,Completada,G033,Alta,12,2022,cliente4694@icloud.com
RES03106,2021-11-12,Merida,Centro Historico Merida,Grupal,6,2.0,Reino Unido,Ingles,735.75,5150.25,10.2,4.4,Tarjeta debito,Completada,G006,Media,11,2021,cliente7158@outlook.com
RES02946,2021-08-30,Cozumel,Snorkel El Cielo,Grupal,10,5.0,Colombia,Español,1286.19,16077.38,8.2,5.0,Transferencia,Completada,G008,Alta,8,2021,cliente990@yahoo.com
RES01834,13/02/2024,Cancun,Zona Hotelera Tour,Grupal,9,1.0,Mexico,Español,652.92,6202.74,9.2,4.8,Tarjeta credito,Completada,G032,Baja,2,2024,cliente4063@yahoo.com
RES00683,2021-07-26,Uxmal,Ruta Puuc,Grupal,9,3.0,Mexico,Ingles,1273.11,13367.65,4.3,3.8,Efectivo,Completada,G036,Alta,7,2021,cliente1057@gmail.com
RES04596,2021-02-04,Cozumel,Snorkel El Cielo,Grupal,10,4.0,Belgica,Ingles,1013.83,12165.96,2.7,5.0,Tarjeta debito,Confirmada,G034,Baja,2,2021,cliente8200@yahoo.com
RES05467,2023-11-24,Akumal,Cenote Yalku,Grupal,15,5.0,Canada,Español,819.15,-14335.12,4.5,4.7,Efectivo,Confirmada,G001,Media,11,2023,cliente7790@yahoo.com
RES02903,2021-06-20,Tulum,Cenote Dos Ojos,Privado,1,0.0,Estados Unidos,Español,1485.93,1485.93,3.4,4.2,Efectivo,Completada,G033,Media,6,2021,cliente8705@hotmail.com
RES01138,2023-02-23,Cancun,Snorkel Arrecife,Grupal,14,4.0,Alemania,Aleman,647.51,10360.16,9.8,5.0,Paypal,Pendiente,G003,Baja,2,2023,cliente2729@hotmail.com
RES03800,2021-08-08,Uxmal,Ruta Puuc,Grupal,5,1.0,Mexico,Frances,1179.7,6488.35,8.5,4.7,Tarjeta debito,Completada,G008,Alta,8,2021,cliente7101@outlook.com
RES04536,2022-04-16,Akumal,Cenote Yalku,Grupal,20,0.0,Mexico,Español,917.7,18354.0,9.8,4.4,Tarjeta debito,Completada,G003,Alta,4,2022,cliente7770@gmail.com
RES03483,2023-08-18,Cancun,Isla Mujeres,Privado,2,0.0,Canada,Español,1327.34,2654.68,6.2,3.7,,Completada,G013,Alta,8,2023,cliente3727@gmail.com
RES03468,2023-11-20,Playa del Carmen,Xel-Ha,Grupal,4,2.0,Mexico,,846.91,4234.55,8.5,5.0,Efectivo,Confirmada,G018,Media,11,2023,@dominio.com
RES04862,2022-11-18,Tulum,Sian Ka'an,Grupal,6,2.0,Mexico,Portugues,1043.87,7307.09,9.7,4.6,Tarjeta credito,Completada,G011,Media,11,2022,cliente9585@yahoo.com
RES01347,2024-03-03,Chichen Itza,Chichen Itza + Cenote Ik Kil,Grupal,11,3.0,Argentina,Ingles,1511.53,18894.12,8.8,4.0,Efectivo,Completada,G028,Alta,3,2024,cliente4520@icloud.com
RES02586,2023-05-04,Merida,Izamal + Merida,Grupal,5,0.0,Estados Unidos,Frances,702.11,3510.55,8.0,4.9,Tarjeta debito,Confirmada,G014,Media,5,2023,
RES03470,16/09/2022,Tulum,Cenote Dos Ojos,Grupal,19,,Reino Unido,Portugues,792.43,16641.03,3.4,,Tarjeta credito,Pendiente,G020,Baja,9,2022,
RES03560,2023-10-21,Playa del Carmen,Quinta Avenida + Cozumel,Privado,2,0.0,Estados Unidos,Español,1341.66,2683.32,,5.0,Efectivo,Completada,G035,Media,10,2023,cliente9470@icloud.com
RES02385,2021-03-04,Uxmal,Ruta Puuc,Grupal,9,3.0,Estados Unidos,Español,1207.46,12678.33,4.3,5.0,Tarjeta credito,Completada,G037,Alta,3,2021,cliente9906@hotmail.com
RES03974,2023-04-02,Holbox,Punta Mosquito,Grupal,5,2.0,Estados Unidos,Ingles,1197.78,7186.68,8.2,4.6,Tarjeta credito,Completada,G005,Alta,4,2023,cliente1866@icloud.com
RES05196,2023-07-14,Playa del Carmen,Xel-Ha,Grupal,15,3.0,Alemania,Español,996.78,16446.87,3.6,5.0,Tarjeta debito,Confirmada,G036,Alta,7,2023,cliente4635@icloud.com
RES05771,2024-03-18,Tulum,Sian Ka'an,Grupal,14,7.0,Mexico,Español,1165.37,20393.97,3.7,3.8,Tarjeta credito,Completada,G025,Alta,3,2024,cliente4051@gmail.com
RES03297,2023-02-08,Holbox,Avistamiento Tiburon Ballena,Grupal,15,3.0,Mexico,,870.77,14367.7,2.9,5.0,Efectivo,Cancelada,G026,Baja,2,2023,usuario.dominio.com
RES02645,2021-02-14,Holbox,Tour Isla Holbox,Grupal,11,1.0,Mexico,Español,899.4,10343.1,4.3,3.7,Paypal,Cancelada,G003,Baja,2,2021,cliente3583@outlook.com
RES03298,2022-08-24,Akumal,Cenote Yalku,Grupal,7,1.0,Estados Unidos,Portugues,1005.53,7541.47,5.4,5.0,Tarjeta credito,Completada,G021,Alta,8,2022,cliente5565@outlook.com
RES04547,2021-10-20,Chichen Itza,Chichen Itza + Cenote Ik Kil,Privado,2,1.0,Estados Unidos,,1937.39,4843.48,5.5,5.0,Tarjeta debito,Completada,G025,Media,10,2021,cliente9274@yahoo.com
RES02790,2022-06-05,Chichen Itza,Valladolid + Chichen Itza,Grupal,18,,Estados Unidos,Español,1210.02,22385.37,7.8,5.0,Tarjeta debito,Cancelada,G012,Media,6,2022,cliente6841@icloud.com
RES05018,2021-12-29,Chichen Itza,Chichen Itza + Cenote Ik Kil,Grupal,19,6.0,Brasil,Aleman,1517.7,33389.4,2.5,5.0,Transferencia,Completada,G018,Alta,12,2021,cliente1103@outlook.com
RES04956,2022-12-28,Chichen Itza,Chichen Itza + Cenote Ik Kil,Privado,1,0.0,Estados Unidos,Italiano,2320.37,2320.37,5.9,4.0,,Completada,G008,Alta,12,2022,cliente9677@gmail.com
RES00082,2021-10-22,Uxmal,Uxmal + Kabah,Grupal,16,0.0,,Portugues,986.69,15787.04,3.4,4.7,Tarjeta credito,Completada,G008,Media,10,2021,
RES01973,2023-06-26,Chichen Itza,Chichen Itza + Cenote Ik Kil,Privado,2,,Estados Unidos,Portugues,1894.98,4737.45,7.3,2.7,Efectivo,Completada,G024,Media,6,2023,cliente2623@gmail.com
RES01715,2023-11-09,Holbox,Tour Isla Holbox,Grupal,18,3.0,Mexico,Ingles,1111.1,21666.45,5.4,3.6,Tarjeta debito,Confirmada,G031,Media,11,2023,cliente6220@outlook.com
RES03626,2021-02-05,Cancun,Snorkel Arrecife,Grupal,19,1.0,Mexico,Ingles,614.97,11991.92,8.6,4.8,Tarjeta debito,Completada,G026,Baja,2,2021,cliente2019@outlook.com
RES02828,2021-07-09,Bacalar,Fuerte de San Felipe,Privado,1,0.0,Mexico,Ingles,1633.13,1633.13,5.9,4.8,Efectivo,Confirmada,G030,Alta,7,2021,cliente3679@yahoo.com
RES03668,2022-11-03,Holbox,Avistamiento Tiburon Ballena,Grupal,4,2.0,Mexico,Italiano,1017.78,5088.9,6.6,5.0,,Completada,G033,Media,11,2022,usuario@
RES01947,2023-04-02,Merida,Izamal + Merida,Grupal,10,4.0,Japon,Español,906.24,10874.88,7.5,5.0,Efectivo,Completada,G035,Alta,4,2023,
RES03361,2021-01-23,Bacalar,Laguna de los 7 Colores,Privado,1,0.0,Canada,Ingles,1226.5,1226.5,6.1,5.0,Tarjeta credito,Completada,G005,Baja,1,2021,cliente2325@outlook.com
RES03602,31/07/2022,Playa del Carmen,Quinta Avenida + Cozumel,Grupal,14,0.0,Australia,Español,1004.93,14069.02,8.7,3.0,Tarjeta credito,Completada,G006,Alta,7,2022,cliente1484@outlook.com
RES04230,2023-07-08,Chichen Itza,Valladolid + Chichen Itza,Privado,3,0.0,Colombia,Portugues,2182.77,6548.31,6.5,3.6,Transferencia,Completada,G010,Alta,7,2023,cliente763@yahoo.com
RES01611,2024-02-24,Akumal,Snorkel Tortugas Akumal,Grupal,6,1.0,Reino Unido,Español,661.87,4302.15,7.2,4.2,Tarjeta debito,Confirmada,G023,Baja,2,2024,
RES03448,2022-07-31,Cancun,Isla Mujeres,Grupal,10,,Mexico,Aleman,881.62,10579.44,5.0,,Efectivo,Completada,G017,Alta,7,2022,cliente5565@yahoo.com
RES02927,2023-05-03,Akumal,Snorkel Tortugas Akumal,Privado,2,0.0,Italia,Ingles,1187.87,2375.74,2.6,3.9,Transferencia,Completada,G002,Media,5,2023,cliente8011@yahoo.com
RES03287,2023-04-16,Cozumel,Buceo Arrecife Palancar,Grupal,8,2.0,,Español,1451.57,13064.13,10.2,5.0,Tarjeta credito,Completada,G015,Alta,4,2023,cliente5258@yahoo.com
RES05903,2023-08-23,Cancun,Snorkel Arrecife,Privado,3,0.0,Estados Unidos,Español,1267.4,3802.2,4.1,1.9,Efectivo,Completada,G040,Alta,8,2023,cliente5619@hotmail.com
RES04654,2021-12-24,Tulum,Cenote Dos Ojos,Grupal,7,1.0,Mexico,Español,1101.42,8260.65,5.5,4.7,Tarjeta credito,Completada,G031,Alta,12,2021,cliente5154@gmail.com
RES00666,2022-04-22,Cozumel,Buceo Arrecife Palancar,Grupal,15,6.0,Canada,Español,1284.26,23116.68,7.6,4.2,,Completada,G033,Alta,4,2022,cliente3370@icloud.com
RES02195,2023-06-02,Tulum,Ruinas de Tulum,Privado,2,1.0,,Español,1562.2,3905.5,10.2,3.8,Tarjeta debito,Completada,,Media,6,2023,cliente701@hotmail.com
RES04772,2021-08-24,Bacalar,Fuerte de San Felipe,Grupal,19,7.0,Mexico,Español,1107.64,24921.9,4.7,5.0,Tarjeta credito,Completada,G022,Alta,8,2021,cliente4981@hotmail.com
RES05130,2022-04-26,Cancun,Zona Hotelera Tour,Grupal,9,3.0,Reino Unido,Español,959.12,10070.76,2.6,5.0,Tarjeta credito,Pendiente,G015,Alta,4,2022,cliente7490@yahoo.com
RES01018,2024-01-11,Cozumel,Buceo Arrecife Palancar,Privado,4,1.0,Brasil,Ingles,1493.61,6721.24,6.1,5.0,Tarjeta credito,Confirmada,G004,Baja,1,2024,cliente8756@outlook.com
RES00558,2022-04-23,Bacalar,Fuerte de San Felipe,Privado,1,0.0,,Español,1677.81,1677.81,2.6,,Efectivo,Completada,G011,Alta,4,2022,sinArroba.com
RES03836,2022-05-12,Bacalar,Fuerte de San Felipe,Privado,3,0.0,Estados Unidos,Español,1453.96,4361.88,7.9,4.0,Tarjeta debito,Completada,G039,Media,5,2022,cliente1253@gmail.com
RES03442,2023-11-03,Playa del Carmen,Quinta Avenida + Cozumel,Grupal,10,5.0,Alemania,Español,892.51,11156.38,8.6,3.9,Tarjeta debito,Completada,G027,Media,11,2023,cliente8858@outlook.com
RES01208,2022-03-01,Tulum,Cenote Dos Ojos,Privado,4,0.0,Estados Unidos,Español,1718.43,6873.72,6.0,4.6,,Completada,G006,Alta,3,2022,cliente5935@outlook.com
RES02906,2023-04-28,Holbox,Tour Isla Holbox,Grupal,14,4.0,Mexico,,1279.85,20477.6,6.3,,,Completada,G025,Alta,4,2023,cliente1967@hotmail.com
RES04707,2023-03-09,Merida,Haciendas del Mayab,Grupal,6,2.0,Mexico,Ingles,897.83,6284.81,4.8,5.0,Efectivo,Cancelada,G008,Alta,3,2023,cliente8214@hotmail.com
RES01511,2021-07-09,Cancun,Snorkel Arrecife,Grupal,16,8.0,Mexico,Frances,942.57,18851.4,9.2,,Efectivo,Completada,G025,Alta,7,2021,cliente149@hotmail.com
RES04013,2021-11-01,Cozumel,Buceo Arrecife Palancar,Grupal,16,5.0,Japon,Español,1125.55,20822.67,7.5,4.4,Crypto,Completada,G009,Media,11,2021,cliente2803@yahoo.com
RES03734,2021-12-18,Akumal,Cenote Yalku,Grupal,20,1.0,Mexico,Ingles,933.64,19139.62,2.8,5.0,Tarjeta credito,Completada,G025,Alta,12,2021,cliente724@outlook.com
RES04106,2021-04-24,Uxmal,Uxmal + Kabah,Privado,3,1.0,Alemania,Ingles,1663.29,5821.51,6.7,4.3,Tarjeta credito,Pendiente,G028,Alta,4,2021,cliente8368@outlook.com
RES04725,2021-05-31,Cozumel,Snorkel El Cielo,Privado,3,1.0,Francia,Español,1756.2,6146.7,6.0,2.7,Tarjeta credito,Cancelada,G024,Media,5,2021,cliente4797@hotmail.com
RES00267,2023-04-01,Tulum,Cenote Gran Cenote,Privado,4,0.0,Estados Unidos,Aleman,1801.33,7205.32,2.9,5.0,Efectivo,Completada,G001,Alta,4,2023,cliente5141@yahoo.com
RES03835,2021-06-04,Akumal,Cenote Yalku,Grupal,9,4.0,Estados Unidos,Ingles,768.88,8457.68,5.7,4.0,Transferencia,Completada,G004,Media,6,2021,cliente1671@icloud.com
RES05055,2021-11-12,Holbox,Punta Mosquito,Privado,4,0.0,Japon,Italiano,1618.39,6473.56,3.0,4.0,Tarjeta credito,Completada,G016,Media,11,2021,cliente2543@gmail.com
RES02112,2021-12-21,Bacalar,Fuerte de San Felipe,Grupal,16,1.0,Estados Unidos,Español,1048.23,-17295.8,7.9,4.3,Tarjeta credito,Confirmada,G040,Alta,12,2021,@dominio.com
RES02981,2022-09-02,Akumal,Cenote Yalku,Grupal,12,6.0,Estados Unidos,Aleman,656.91,9853.65,4.4,4.8,Tarjeta credito,Completada,G027,Baja,9,2022,cliente8627@hotmail.com
RES01910,2022-02-01,Cancun,Zona Hotelera Tour,Grupal,11,3.0,Mexico,Español,634.2,7927.5,,3.9,Tarjeta credito,Pendiente,G015,Baja,2,2022,
RES05679,2022-08-11,Playa del Carmen,Xcaret,Grupal,14,2.0,Colombia,Español,1100.81,16512.15,10.0,1.2,Paypal,Completada,G003,Alta,8,2022,us er@gmail.com
RES04205,2021-08-24,Cozumel,Tour Isla Cozumel,Grupal,11,2.0,Brasil,Español,1231.36,14776.32,8.4,2.2,Efectivo,Confirmada,G039,Alta,8,2021,cliente818@hotmail.com
RES05914,2023-01-17,Merida,Izamal + Merida,Grupal,8,0.0,Mexico,Español,636.2,5089.6,10.2,4.7,Efectivo,Completada,G014,Baja,1,2023,cliente832@gmail.com
RES04263,2021-01-06,Akumal,Cenote Yalku,Grupal,14,7.0,Mexico,Ingles,667.19,11675.83,4.6,4.3,Efectivo,Completada,G011,Baja,1,2021,cliente7580@icloud.com
RES03616,2021-05-27,Holbox,Avistamiento Tiburon Ballena,Privado,4,1.0,Alemania,Frances,1689.07,7600.81,3.6,4.9,Tarjeta debito,Completada,G031,Media,5,2021,usuario.dominio.com
RES04033,2023-01-17,Akumal,Snorkel Tortugas Akumal,Grupal,7,3.0,Italia,Portugues,630.46,5358.91,8.6,4.8,Efectivo,Completada,G018,Baja,1,2023,cliente2676@outlook.com
RES03259,2023-04-14,Playa del Carmen,Xcaret,Grupal,12,5.0,Mexico,Ingles,1085.8,15744.1,4.5,4.8,Tarjeta debito,Pendiente,G036,Alta,4,2023,cliente9882@outlook.com
RES01785,2022-02-20,Holbox,Punta Mosquito,Privado,1,0.0,Canada,Ingles,1280.05,1280.05,6.8,3.1,Crypto,Completada,G018,Baja,2,2022,cliente3081@outlook.com
RES01238,2021-12-17,Uxmal,Uxmal + Kabah,Grupal,13,6.0,Mexico,Ingles,1227.77,19644.32,7.7,4.6,Tarjeta debito,Completada,G004,Alta,12,2021,cliente5111@yahoo.com
RES05021,2023-10-03,Holbox,Punta Mosquito,Privado,2,0.0,,Español,1671.64,3343.28,7.3,2.8,Tarjeta credito,Completada,G035,Media,10,2023,cliente7273@yahoo.com
RES03828,2024-03-31,Tulum,Sian Ka'an,Privado,3,0.0,España,Ingles,1824.9,5474.7,4.0,4.9,Tarjeta credito,Confirmada,G013,Alta,3,2024,cliente8948@gmail.com
RES03918,2023-03-31,Uxmal,Uxmal + Kabah,Grupal,12,6.0,Polonia,Español,1291.4,19371.0,2.8,4.8,Tarjeta debito,Confirmada,G025,Alta,3,2023,cliente296@icloud.com
RES04895,2023-05-24,Akumal,Cenote Yalku,Grupal,20,9.0,España,Ingles,837.41,20516.54,6.7,3.9,Tarjeta debito,Completada,G009,Media,5,2023,cliente312@gmail.com
RES05961,2022-11-25,Cancun,Snorkel Arrecife,Grupal,18,9.0,Estados Unidos,Ingles,772.99,17392.28,5.9,3.7,Efectivo,Pendiente,G018,Media,11,2022,cliente7361@hotmail.com
RES02187,2024-01-08,Cancun,Laguna Nichupte,Grupal,20,9.0,Francia,Español,666.99,16341.26,3.8,3.7,Tarjeta credito,Completada,G011,Baja,1,2024,cliente5936@hotmail.com
RES03493,2022-09-15,Holbox,Avistamiento Tiburon Ballena,Grupal,12,4.0,Mexico,Español,941.1,13175.4,9.5,4.2,Tarjeta credito,Completada,G035,Baja,9,2022,cliente9406@icloud.com
RES00909,2022-09-22,Cozumel,Snorkel El Cielo,Privado,-2,0.0,Suecia,Aleman,1358.63,2717.26,6.6,1.0,Efectivo,Confirmada,G013,Baja,9,2022,@dominio.com
RES03750,2021-10-10,Tulum,Cenote Dos Ojos,Grupal,8,2.0,Estados Unidos,Español,954.87,8593.83,3.8,3.2,Transferencia,Completada,G025,Media,10,2021,cliente4738@gmail.com
RES01304,2022-05-28,Chichen Itza,Chichen Itza + Cenote Ik Kil,Grupal,19,1.0,Brasil,Ingles,1205.24,23502.18,6.6,4.7,Tarjeta debito,Completada,G040,Media,5,2022,cliente2495@icloud.com
RES05636,2023-02-12,Holbox,Punta Mosquito,Grupal,9,4.0,Estados Unidos,Español,846.28,9309.08,3.7,5.0,,Completada,G037,Baja,2,2023,
RES01628,2022-06-27,Holbox,Punta Mosquito,Privado,3,0.0,Estados Unidos,Español,1718.26,5154.78,4.6,4.7,Tarjeta debito,Completada,G032,Media,6,2022,cliente2731@outlook.com
RES01523,2023-11-11,Uxmal,Ruta Puuc,Grupal,15,1.0,Mexico,Ingles,1059.51,16422.4,7.8,5.0,Tarjeta credito,Cancelada,G024,Media,11,2023,cliente5588@outlook.com
RES00836,2023-07-21,Bacalar,Fuerte de San Felipe,Grupal,4,0.0,Estados Unidos,Español,1058.2,4232.8,8.1,4.7,Tarjeta credito,Completada,G034,Alta,7,2023,
RES00359,2021-06-12,Uxmal,Ruta Puuc,Grupal,19,0.0,Italia,,965.02,18335.38,3.7,1.9,Efectivo,Completada,G005,Media,6,2021,cliente1378@gmail.com
RES00139,2021-05-14,Bacalar,Fuerte de San Felipe,Privado,4,2.0,Reino Unido,Italiano,1390.77,6953.85,3.0,,Tarjeta debito,Completada,G027,Media,5,2021,cliente1964@outlook.com
RES00300,2021-07-05,Cancun,Laguna Nichupte,Privado,2,0.0,Reino Unido,Español,1323.31,2646.62,4.3,4.7,Tarjeta debito,Pendiente,G032,Alta,7,2021,cliente4300@yahoo.com
RES01557,2021-12-05,Uxmal,Ruta Puuc,Grupal,19,0.0,Italia,Español,1205.75,22909.25,3.6,5.0,Paypal,Completada,G031,Alta,12,2021,cliente6485@hotmail.com
RES01004,2022-03-01,Akumal,Snorkel Tortugas Akumal,Grupal,7,1.0,Estados Unidos,Ingles,1037.83,7783.72,10.2,4.1,Tarjeta credito,Cancelada,G035,Alta,3,2022,cliente138@yahoo.com
RES00383,2021-03-07,Bacalar,Kayak Canales,Privado,3,0.0,Mexico,Español,1648.4,4945.2,9.5,,Efectivo,Confirmada,G028,Alta,3,2021,cliente1843@outlook.com
RES02830,2021-04-14,Cozumel,Buceo Arrecife Palancar,Privado,1,0.0,Reino Unido,Español,1862.84,1862.84,4.2,,Efectivo,Completada,G018,Alta,4,2021,cliente2839@outlook.com
RES00762,2022-05-25,Merida,Centro Historico Merida,Grupal,13,5.0,Estados Unidos,Aleman,667.22,10341.91,5.4,5.0,Tarjeta credito,Completada,G035,Media,5,2022,@dominio.com
RES04183,2023-06-12,Cancun,Zona Hotelera Tour,Grupal,17,7.0,Belgica,Español,724.55,14853.27,8.6,4.9,Tarjeta credito,Completada,G007,Media,6,2023,cliente9717@yahoo.com
RES02992,2021-04-22,Tulum,Ruinas de Tulum,Grupal,16,0.0,,Ingles,1245.71,19931.36,6.3,4.1,Tarjeta debito,Pendiente,G038,Alta,4,2021,cliente6690@yahoo.com
RES03165,2023-05-31,Akumal,Snorkel Tortugas Akumal,Grupal,11,2.0,Reino Unido,Ingles,756.72,9080.64,8.7,4.8,Tarjeta debito,Completada,G028,Media,5,2023,cliente7767@yahoo.com
RES04877,2021-11-14,Chichen Itza,Chichen Itza + Cenote Ik Kil,Privado,2,0.0,Francia,Ingles,1704.2,3408.4,4.3,5.0,Tarjeta debito,Confirmada,G012,Media,11,2021,cliente4668@gmail.com
RES05613,2024-03-02,Merida,Izamal + Merida,Grupal,12,6.0,Mexico,Frances,918.1,13771.5,3.0,4.1,Tarjeta credito,Pendiente,G035,Alta,3,2024,cliente9132@icloud.com
RES01403,2023-03-10,Uxmal,Uxmal + Kabah,Grupal,10,2.0,Estados Unidos,Portugues,1291.0,14201.0,3.8,5.0,Efectivo,Pendiente,G025,Alta,3,2023,cliente197@gmail.com
RES03575,2021-04-15,Merida,Haciendas del Mayab,Privado,3,0.0,Mexico,Ingles,1300.76,3902.28,9.8,4.1,Efectivo,Confirmada,G026,Alta,4,2021,cliente3563@outlook.com
RES05177,2022-07-05,Akumal,Snorkel Tortugas Akumal,Grupal,13,6.0,Francia,Español,906.63,14506.08,3.8,4.7,Efectivo,Cancelada,G030,Alta,7,2022,cliente9626@gmail.com
RES01933,2021-08-12,Uxmal,Ruta Puuc,Grupal,11,2.0,Canada,Español,1140.4,13684.8,7.5,5.0,Efectivo,Confirmada,G010,Alta,8,2021,cliente4164@yahoo.com
RES05549,2021-05-17,Akumal,Cenote Yalku,Grupal,12,0.0,Japon,Ingles,795.76,9549.12,,4.7,,Completada,G032,Media,5,2021,cliente8800@outlook.com
RES05374,2021-11-07,Chichen Itza,Valladolid + Chichen Itza,Grupal,14,7.0,Alemania,Español,1128.12,19742.1,3.1,,Tarjeta credito,Completada,G002,Media,11,2021,cliente2061@yahoo.com
RES04916,2022-01-30,Cozumel,Buceo Arrecife Palancar,Grupal,13,4.0,,Español,904.86,13572.9,8.0,3.8,Transferencia,Completada,G007,Baja,1,2022,cliente270@hotmail.com
RES05152,2023-07-26,Cozumel,Buceo Arrecife Palancar,Grupal,11,,Mexico,Español,1393.38,16720.56,10.4,5.0,Efectivo,Cancelada,G035,Alta,7,2023,cliente1314@gmail.com
RES04154,2021-07-06,Playa del Carmen,Xcaret,Grupal,7,2.0,Estados Unidos,Italiano,968.16,7745.28,6.6,4.9,Transferencia,Confirmada,G012,Alta,7,2021,cliente2281@gmail.com
RES03920,2021-11-10,Uxmal,Uxmal + Kabah,Privado,2,1.0,Mexico,Ingles,1385.5,3463.75,3.3,1.8,Tarjeta debito,Completada,,Media,11,2021,cliente4508@gmail.com
RES03183,2022-12-08,Playa del Carmen,Quinta Avenida + Cozumel,Grupal,17,5.0,Mexico,Ingles,999.33,19486.94,7.6,1.0,Transferencia,Completada,G025,Alta,12,2022,usuario@
RES00059,2021-07-17,Playa del Carmen,Xcaret,Grupal,18,1.0,Mexico,Frances,1083.33,20041.6,9.5,4.1,Transferencia,Cancelada,G006,Alta,7,2021,cliente6498@hotmail.com
RES00077,2024-02-16,Uxmal,Uxmal + Kabah,Grupal,12,5.0,Japon,Español,843.22,12226.69,4.1,4.3,Efectivo,Completada,G007,Baja,2,2024,cliente2968@icloud.com
RES00797,2022-05-01,Holbox,Punta Mosquito,Grupal,11,5.0,Estados Unidos,Español,1128.54,15235.29,2.7,5.0,Tarjeta debito,Completada,G011,Media,5,2022,cliente6682@hotmail.com
RES02417,2024-03-02,Playa del Carmen,Xcaret,Grupal,7,1.0,,Ingles,1076.53,8073.97,7.3,4.1,Tarjeta credito,Completada,G040,Alta,3,2024,cliente9932@hotmail.com
RES04148,2024-01-14,Bacalar,Kayak Canales,Privado,2,0.0,,Español,,2408.12,7.8,1.0,Efectivo,Completada,G040,Baja,1,2024,cliente2982@hotmail.com
RES04658,2022-03-01,Playa del Carmen,Xcaret,Grupal,16,0.0,Francia,Español,1024.49,16391.84,6.2,4.2,,Completada,G020,Alta,3,2022,cliente658@gmail.com
RES00786,2022-08-20,Bacalar,Kayak Canales,Grupal,10,1.0,Suiza,Ingles,1002.74,10528.77,7.4,2.3,Efectivo,Completada,G036,Alta,8,2022,cliente9963@gmail.com
RES02935,2024-03-13,Chichen Itza,Valladolid + Chichen Itza,Grupal,4,0.0,Mexico,Aleman,1399.5,5598.0,4.7,4.3,Transferencia,Pendiente,G027,Alta,3,2024,cliente6440@icloud.com
RES04568,2021-07-16,Bacalar,Fuerte de San Felipe,Privado,2,1.0,Italia,Español,1520.38,3800.95,8.7,3.8,Tarjeta debito,Completada,G006,Alta,7,2021,cliente8796@icloud.com
RES02218,2023-03-25,Uxmal,Ruta Puuc,Grupal,12,6.0,Canada,Aleman,1203.47,18052.05,7.3,1.9,tarjeta credito,Completada,G029,Alta,3,2023,
RES02820,2023-01-12,Cozumel,Buceo Arrecife Palancar,Grupal,11,4.0,Estados Unidos,Español,936.87,12179.31,9.2,2.8,Tarjeta credito,Completada,G011,Baja,1,2023,cliente6050@icloud.com
RES02671,2023-09-10,,Centro Historico Merida,Privado,1,0.0,Estados Unidos,Ingles,895.75,895.75,7.2,5.0,Tarjeta debito,Completada,G021,Baja,9,2023,cliente3061@outlook.com
RES04735,2023-03-01,Bacalar,Kayak Canales,Privado,2,1.0,Brasil,Español,1525.33,3813.32,6.7,4.8,TARJETA CREDITO,Completada,G002,Alta,3,2023,cliente5905@icloud.com
RES02782,2021-05-21,Cozumel,Snorkel El Cielo,Grupal,20,8.0,Mexico,Español,1020.39,24489.36,7.9,5.0,Efectivo,Completada,G031,Media,5,2021,cliente2448@hotmail.com
RES05678,2022-04-03,Akumal,Snorkel Tortugas Akumal,Grupal,15,1.0,Estados Unidos,Aleman,953.43,14778.16,8.9,4.7,Tarjeta credito,Completada,,Alta,4,2022,cliente5250@gmail.com
RES04657,2023-12-13,Chichen Itza,Valladolid + Chichen Itza,Grupal,15,3.0,Brasil,Español,45000.0,23560.85,2.8,3.9,Crypto,Completada,G023,Alta,12,2023,cliente3887@outlook.com
RES00911,2023-08-16,Bacalar,Fuerte de San Felipe,Privado,3,1.0,Alemania,Ingles,1517.52,5311.32,3.0,3.7,Tarjeta credito,Completada,G028,Alta,8,2023,cliente635@icloud.com
RES02173,2022-09-12,Bacalar,Kayak Canales,Privado,3,0.0,Mexico,Ingles,1099.51,3298.53,8.7,4.7,Paypal,Completada,G022,Baja,9,2022,cliente7938@outlook.com
RES03564,2022-06-02,Cozumel,Tour Isla Cozumel,Grupal,15,0.0,Mexico,Frances,1081.67,16225.05,5.7,3.3,Tarjeta credito,Confirmada,G039,Media,6,2022,
RES02310,2023-06-14,Akumal,Snorkel Tortugas Akumal,Privado,2,0.0,Mexico,Ingles,1303.31,2606.62,4.6,3.1,Efectivo,Confirmada,G007,Media,6,2023,cliente9495@hotmail.com
RES05654,2023-05-09,Tulum,Cenote Gran Cenote,Grupal,11,3.0,Estados Unidos,Español,1032.36,12904.5,7.7,4.9,Efectivo,Completada,G030,Media,5,2023,cliente3470@outlook.com
RES01258,2021-06-19,Bacalar,Laguna de los 7 Colores,Privado,4,0.0,Suecia,Español,1336.77,5347.08,7.7,4.2,Paypal,Cancelada,G038,Media,6,2021,cliente9861@yahoo.com
RES02496,2022-10-02,Playa del Carmen,Quinta Avenida + Cozumel,Privado,3,0.0,Estados Unidos,Español,1240.37,3721.11,5.4,,Tarjeta debito,Completada,G035,Media,10,2022,cliente4772@hotmail.com
RES04851,2021-08-26,Holbox,Avistamiento Tiburon Ballena,Privado,2,1.0,Mexico,Español,1954.38,4885.95,2.8,5.0,Efectivo,Cancelada,G039,Alta,8,2021,cliente9369@hotmail.com
RES03618,2021-03-29,Uxmal,Ruta Puuc,Grupal,19,0.0,Polonia,Español,1206.07,22915.33,,3.7,Tarjeta credito,Completada,G039,Alta,3,2021,cliente9384@icloud.com
RES01179,2023-05-23,Merida,Izamal + Merida,Privado,2,1.0,Estados Unidos,Español,1037.0,2592.5,2.6,5.0,Paypal,Completada,G014,Media,5,2023,cliente8685@hotmail.com
RES04541,2021-03-21,Akumal,Cenote Yalku,Grupal,18,4.0,Estados Unidos,Ingles,958.76,19175.2,4.3,3.3,Tarjeta credito,Completada,G006,Alta,3,2021,cliente2059@hotmail.com
RES04928,2021-10-25,Tulum,Cenote Dos Ojos,Grupal,13,0.0,Colombia,Frances,945.84,12295.92,4.1,2.6,Tarjeta debito,Completada,G035,Media,10,2021,cliente3915@hotmail.com
RES00443,2023-12-01,Chichen Itza,Valladolid + Chichen Itza,Privado,3,1.0,Canada,,2104.99,7367.46,3.4,5.0,Efectivo,Completada,G011,Alta,12,2023,cliente319@yahoo.com
RES01400,2023-09-14,Cozumel,Buceo Arrecife Palancar,Grupal,8,1.0,Mexico,Aleman,988.89,8405.57,3.5,3.6,Tarjeta debito,Completada,G012,Baja,9,2023,cliente4447@yahoo.com
RES03076,2022-07-07,Playa del Carmen,Xel-Ha,Grupal,7,2.0,Estados Unidos,Español,1081.12,8648.96,4.8,,Paypal,Completada,G003,Alta,7,2022,
RES03340,2023-03-23,Akumal,Cenote Yalku,Grupal,15,4.0,Mexico,Ingles,1004.71,17080.07,3.0,4.9,,Completada,G036,Alta,3,2023,cliente1398@outlook.com
RES05756,2024-01-30,Uxmal,Uxmal + Kabah,Grupal,14,7.0,Colombia,Ingles,815.32,14268.1,5.1,5.0,Efectivo,Completada,G040,Baja,1,2024,cliente8786@outlook.com
RES01055,2022-02-07,Chichen Itza,Valladolid + Chichen Itza,Grupal,13,6.0,Mexico,Ingles,25000.0,16624.16,3.1,3.9,Efectivo,Pendiente,G030,Baja,2,2022,cliente7432@icloud.com
RES02705,2023-09-14,Uxmal,Uxmal + Kabah,Grupal,13,5.0,Belgica,Español,907.43,14065.16,6.9,,Tarjeta credito,Completada,G030,Baja,9,2023,cliente2737@gmail.com
RES04625,2022-06-03,Playa del Carmen,Quinta Avenida + Cozumel,Privado,2,1.0,Canada,Portugues,1209.16,3022.9,8.4,5.0,Tarjeta debito,Completada,G028,Media,6,2022,cliente5967@hotmail.com
RES03083,2021-03-16,Merida,Izamal + Merida,Grupal,20,0.0,Alemania,Ingles,788.31,15766.2,8.1,1.6,Transferencia,Completada,G013,Alta,3,2021,cliente6775@outlook.com
RES01416,2021-06-01,Uxmal,Uxmal + Kabah,Privado,1,0.0,Italia,Ingles,1423.79,1423.79,,3.7,,Pendiente,G016,Media,6,2021,cliente1192@yahoo.com
RES02373,2022-07-28,Akumal,Snorkel Tortugas Akumal,Privado,2,0.0,Mexico,Español,1471.02,2942.04,3.6,1.8,Efectivo,Cancelada,G007,Alta,7,2022,cliente6893@outlook.com
RES05310,2022-01-28,Bacalar,Fuerte de San Felipe,Privado,4,2.0,Mexico,Español,1057.79,5288.95,8.3,5.0,Efectivo,Completada,G009,Baja,1,2022,cliente439@hotmail.com
RES03814,2021-04-14,Merida,Izamal + Merida,Privado,4,2.0,Estados Unidos,Español,1289.62,6448.1,3.7,,Efectivo,Completada,G031,Alta,4,2021,usuario.dominio.com
RES02819,2021-09-13,Tulum,Cenote Dos Ojos,Privado,4,2.0,Francia,Español,1253.57,6267.85,9.3,4.6,Tarjeta credito,Completada,G014,Baja,9,2021,cliente7923@hotmail.com
RES03709,2023-09-11,Bacalar,Kayak Canales,Privado,2,1.0,Mexico,Frances,1069.99,2674.97,3.7,5.0,Tarjeta credito,Completada,G032,Baja,9,2023,
RES04229,2023-11-25,Cozumel,Snorkel El Cielo,Grupal,14,5.0,Mexico,Español,1033.75,17056.88,10.0,4.7,Efectivo,Completada,,Media,11,2023,cliente1800@hotmail.com
RES01503,2021-07-09,Playa del Carmen,Quinta Avenida + Cozumel,Grupal,8,4.0,Italia,Italiano,1086.67,10866.7,5.0,,Tarjeta debito,Confirmada,G020,Alta,7,2021,cliente172@gmail.com
RES04288,2024-03-28,Playa del Carmen,Xcaret,Grupal,16,7.0,Francia,Español,957.29,18667.15,,5.0,,Completada,G012,Alta,3,2024,cliente9232@outlook.com
RES03893,2021-04-08,Cozumel,Tour Isla Cozumel,Privado,4,2.0,Reino Unido,Español,2082.72,-10413.6,4.2,1.9,Tarjeta debito,Completada,G007,Alta,4,2021,cliente8320@outlook.com
RES02012,2023-02-19,Chichen Itza,Chichen Itza + Cenote Ik Kil,Privado,1,0.0,Suecia,Aleman,1546.2,1546.2,4.7,5.0,Paypal,Pendiente,G029,Baja,2,2023,cliente192@gmail.com
RES05310,2022-01-28,Bacalar,Fuerte de San Felipe,Privado,4,2.0,Mexico,Español,1057.79,5288.95,8.3,5.0,Efectivo,Completada,G009,Baja,1,2022,cliente1604@gmail.com
RES03108,2022-03-29,Merida,Haciendas del Mayab,Grupal,15,0.0,,Ingles,880.06,13200.9,8.7,4.9,,Pendiente,G025,Alta,3,2022,cliente8155@icloud.com
RES02896,2023-02-23,Playa del Carmen,Quinta Avenida + Cozumel,Privado,3,1.0,,Español,1177.46,4121.11,5.4,4.8,Tarjeta credito,Pendiente,G003,Baja,2,2023,cliente5136@hotmail.com
RES04865,2022-08-27,Cozumel,Snorkel El Cielo,Grupal,20,7.0,Estados Unidos,Ingles,1379.57,32419.89,5.7,2.8,Efectivo,Completada,G004,Alta,8,2022,cliente8146@hotmail.com
RES04559,2021-07-13,Bacalar,Laguna de los 7 Colores,Grupal,16,2.0,Estados Unidos,Español,1014.2,17241.4,5.5,4.7,Tarjeta debito,Completada,G012,Alta,7,2021,cliente3531@icloud.com
RES03510,2021-07-22,Chichen Itza,Valladolid + Chichen Itza,Grupal,6,1.0,Japon,Español,1525.19,9913.74,5.2,4.7,Crypto,Cancelada,G015,Alta,7,2021,cliente2762@icloud.com
RES00007,2022-03-24,Cozumel,Tour Isla Cozumel,Privado,2,1.0,,,1935.63,4839.08,3.1,5.0,Paypal,Completada,G005,Alta,3,2022,cliente7505@hotmail.com
RES02488,2022-12-22,Cozumel,Tour Isla Cozumel,Privado,3,1.0,Estados Unidos,Ingles,2066.67,7233.35,10.3,5.0,Transferencia,Completada,G003,Alta,12,2022,cliente401@gmail.com
RES00679,2021-08-21,Chichen Itza,Valladolid + Chichen Itza,Grupal,14,4.0,Mexico,Ingles,1414.35,22629.6,2.9,4.8,Tarjeta debito,Completada,G027,Alta,8,2021,cliente6964@gmail.com
RES01944,2023-06-06,Playa del Carmen,Quinta Avenida + Cozumel,Grupal,12,2.0,Canada,Español,866.65,11266.45,9.7,4.8,,Completada,G008,Media,6,2023,cliente4871@yahoo.com
RES05920,2022-10-20,Cozumel,Buceo Arrecife Palancar,Privado,3,1.0,Canada,Ingles,1733.5,6067.25,7.7,4.1,Efectivo,Completada,G013,Media,10,2022,cliente6264@gmail.com
RES05555,2023-05-14,Playa del Carmen,Xel-Ha,Grupal,15,,Estados Unidos,Español,837.82,12986.21,4.4,5.0,Transferencia,Cancelada,G017,Media,5,2023,cliente9833@gmail.com
RES03371,2022-05-20,Cozumel,Snorkel El Cielo,Grupal,20,,Reino Unido,Ingles,1076.38,24756.74,10.3,,Tarjeta credito,Completada,,Media,5,2022,cliente7032@gmail.com
RES04631,2022-03-15,Cozumel,Tour Isla Cozumel,Grupal,17,8.0,Estados Unidos,Frances,1403.62,29476.02,10.1,3.3,Efectivo,Completada,G007,Alta,3,2022,usuario.dominio.com
RES02608,2022-06-13,Cancun,Laguna Nichupte,Privado,4,2.0,Reino Unido,Ingles,1216.29,6081.45,4.5,,Efectivo,Completada,G006,Media,6,2022,cliente6606@hotmail.com
RES03607,2024-02-24,Chichen Itza,Valladolid + Chichen Itza,Grupal,8,1.0,Estados Unidos,Ingles,966.63,8216.35,4.9,4.6,Efectivo,Cancelada,,Baja,2,2024,cliente2266@hotmail.com
RES05551,2022-02-16,Bacalar,Kayak Canales,Privado,4,2.0,Belgica,Español,1234.73,6173.65,5.2,5.0,Transferencia,Completada,G026,Baja,2,2022,sinArroba.com
RES01065,2022-10-22,Merida,Haciendas del Mayab,Privado,4,0.0,Colombia,Aleman,,4295.72,6.7,4.0,Tarjeta debito,Completada,G004,Media,10,2022,cliente9513@icloud.com
RES03780,2022-03-27,Akumal,Snorkel Tortugas Akumal,Grupal,4,1.0,Estados Unidos,Ingles,946.52,4259.34,9.0,5.0,Efectivo,Cancelada,G028,Alta,3,2022,cliente8430@gmail.com
RES02243,2022-10-22,Tulum,Sian Ka'an,Grupal,18,2.0,Alemania,Portugues,977.26,18567.94,7.3,2.7,Tarjeta debito,Completada,,Media,10,2022,cliente827@outlook.com
RES01475,2021-02-07,Merida,Izamal + Merida,Privado,1,0.0,,Ingles,943.32,943.32,6.4,4.7,Tarjeta credito,Completada,G021,Baja,2,2021,cliente8904@outlook.com
RES04476,2021-08-07,Akumal,Snorkel Tortugas Akumal,Privado,1,0.0,Alemania,Español,1481.63,1481.63,7.9,4.7,Tarjeta credito,Completada,G021,Alta,8,2021,usuario@
RES01890,2023-12-02,Bacalar,Laguna de los 7 Colores,Privado,2,1.0,Mexico,Ingles,,4307.15,,4.9,,Completada,G025,Alta,12,2023,cliente1739@gmail.com
RES03500,2022-10-19,Bacalar,Kayak Canales,Privado,4,0.0,Italia,Ingles,1257.11,5028.44,,3.8,Tarjeta credito,Cancelada,G003,Media,10,2022,cliente6698@icloud.com
RES02022,2024-02-21,Bacalar,Laguna de los 7 Colores,Grupal,7,1.0,Mexico,Italiano,735.36,5515.2,7.6,1.3,Efectivo,Cancelada,,Baja,2,2024,cliente2937@yahoo.com
RES04748,2021-06-24,Holbox,Avistamiento Tiburon Ballena,Privado,2,1.0,Canada,Español,1463.18,3657.95,8.6,5.0,Tarjeta debito,Confirmada,G030,Media,6,2021,
RES04297,2023-04-26,Playa del Carmen,Xcaret,Grupal,12,6.0,Italia,Ingles,1027.14,15407.1,8.3,3.9,Tarjeta debito,Completada,G016,Alta,4,2023,us er@gmail.com
RES02659,2023-05-17,Tulum,Cenote Gran Cenote,Grupal,10,0.0,Canada,Español,1044.82,10448.2,7.5,4.7,Crypto,Completada,G009,Media,5,2023,cliente4195@outlook.com
RES02468,2022-04-11,Merida,Haciendas del Mayab,Grupal,5,1.0,Mexico,Aleman,909.55,5002.52,6.5,,Transferencia,Completada,G002,Alta,4,2022,cliente182@hotmail.com
RES02788,2021-05-14,Playa del Carmen,Xcaret,Grupal,17,4.0,Alemania,Ingles,879.01,16701.19,6.9,,Transferencia,Completada,G022,Media,5,2021,cliente7864@gmail.com
RES01131,2021-03-09,Cozumel,Tour Isla Cozumel,Privado,4,,Canada,,2152.08,10760.4,5.1,4.7,Tarjeta credito,Completada,G032,Alta,3,2021,cliente6224@yahoo.com
RES01462,2022-02-24,Holbox,Avistamiento Tiburon Ballena,Privado,2,0.0,Canada,Ingles,1367.1,2734.2,6.9,5.0,Tarjeta debito,Completada,G026,Baja,2,2022,cliente365@yahoo.com
RES05940,2022-12-25,Merida,Izamal + Merida,Grupal,15,4.0,Mexico,Ingles,840.62,14290.54,5.1,1.0,Tarjeta credito,Completada,G012,Alta,12,2022,
RES05465,2021-08-28,Holbox,Avistamiento Tiburon Ballena,Grupal,16,6.0,Francia,Español,1218.22,23146.18,5.8,4.6,Efectivo,Completada,G014,Alta,8,2021,cliente3335@yahoo.com
RES04032,2022-12-22,Bacalar,Fuerte de San Felipe,Grupal,10,3.0,Estados Unidos,Español,1163.74,13383.01,4.3,5.0,Transferencia,Completada,G033,Alta,12,2022,cliente649@hotmail.com
RES03304,2022-08-03,Cancun,Isla Mujeres,Grupal,19,2.0,Brasil,Ingles,865.06,17301.2,7.3,3.8,Tarjeta credito,Confirmada,G017,Alta,8,2022,usuario.dominio.com
RES00223,2022-04-01,Akumal,Snorkel Tortugas Akumal,Privado,2,0.0,Reino Unido,Español,1426.95,2853.9,7.0,4.6,Efectivo,Completada,G008,Alta,4,2022,cliente4928@gmail.com
RES05657,2022-10-07,Chichen Itza,Valladolid + Chichen Itza,Grupal,6,1.0,Brasil,Ingles,1115.68,7251.92,6.4,5.0,Tarjeta debito,Completada,G022,Media,10,2022,cliente664@yahoo.com
RES00049,2022-05-08,Playa del Carmen,Xel-Ha,Privado,4,0.0,Estados Unidos,Ingles,1176.16,4704.64,3.6,,Transferencia,Completada,G019,Media,5,2022,cliente7789@icloud.com
RES00574,2023-05-31,Uxmal,Ruta Puuc,Grupal,20,7.0,Brasil,Portugues,958.14,22516.29,9.8,5.0,Tarjeta credito,Completada,G014,Media,5,2023,cliente885@yahoo.com
RES01237,2021-08-01,Holbox,Avistamiento Tiburon Ballena,Grupal,7,2.0,Francia,Ingles,,9427.12,5.8,1.0,Tarjeta debito,Cancelada,G005,Alta,8,2021,
RES04590,2023-06-22,Cozumel,Snorkel El Cielo,Grupal,4,2.0,Estados Unidos,Ingles,,5200.35,3.1,,Efectivo,Completada,G034,Media,6,2023,cliente2953@yahoo.com
RES05854,2022-08-12,Merida,Izamal + Merida,Grupal,17,1.0,Japon,Aleman,793.84,13892.2,7.7,4.2,Tarjeta credito,Completada,G016,Alta,8,2022,cliente4127@outlook.com
RES05773,2023-04-10,Chichen Itza,Valladolid + Chichen Itza,Privado,1,0.0,Mexico,Italiano,2351.95,2351.95,6.1,5.0,Crypto,Confirmada,G022,Alta,4,2023,cliente7448@icloud.com
RES02283,2021-05-21,Bacalar,Fuerte de San Felipe,Grupal,16,7.0,Mexico,Español,947.53,18476.83,4.3,2.9,Tarjeta debito,Confirmada,G038,Media,5,2021,
RES04060,2021-02-07,Chichen Itza,Valladolid + Chichen Itza,Grupal,9,3.0,Mexico,Ingles,1111.62,11672.01,6.5,4.2,,Pendiente,G004,Baja,2,2021,cliente8300@yahoo.com
RES00268,2021-05-21,Holbox,Tour Isla Holbox,Grupal,19,7.0,Estados Unidos,Español,1148.54,25842.15,4.9,5.0,Tarjeta credito,Completada,G028,Media,5,2021,us er@gmail.com
RES01105,2023-09-13,Tulum,Cenote Dos Ojos,Grupal,13,1.0,Alemania,Español,815.04,11003.04,5.2,3.8,Tarjeta credito,Completada,G026,Baja,9,2023,cliente1032@outlook.com
RES02306,2023-11-25,Bacalar,Laguna de los 7 Colores,Privado,4,0.0,Reino Unido,Español,1256.07,5024.28,10.4,3.8,Efectivo,Completada,G034,Media,11,2023,cliente3284@hotmail.com
RES04747,2021-03-01,Bacalar,Kayak Canales,Privado,1,0.0,Mexico,Español,1754.58,1754.58,6.8,4.9,Tarjeta debito,Cancelada,,Alta,3,2021,cliente4768@hotmail.com
RES01936,2022-02-01,Akumal,Cenote Yalku,Grupal,13,2.0,Brasil,Español,710.8,9951.2,6.3,1.0,Efectivo,Completada,G019,Baja,2,2022,
RES00387,2023-03-16,Merida,Centro Historico Merida,Grupal,11,3.0,Mexico,Español,878.33,10979.12,8.1,,Tarjeta credito,Completada,G004,Alta,3,2023,cliente8209@yahoo.com
RES01702,2022-04-23,Akumal,Snorkel Tortugas Akumal,Privado,2,1.0,Mexico,Frances,,3839.18,2.9,3.9,Transferencia,Confirmada,G028,Alta,4,2022,cliente9926@yahoo.com
RES01629,2022-11-17,Cozumel,Buceo Arrecife Palancar,Grupal,20,,Alemania,Español,1032.27,21161.53,7.1,5.0,Efectivo,Cancelada,G040,Media,11,2022,cliente4667@gmail.com
RES04669,2021-10-19,Playa del Carmen,Xel-Ha,Grupal,17,7.0,Colombia,Ingles,793.64,16269.62,4.7,4.6,Efectivo,Confirmada,G016,Media,10,2021,cliente4711@icloud.com
RES02715,2022-06-12,Tulum,Ruinas de Tulum,Grupal,4,1.0,Mexico,,1041.73,4687.78,4.7,4.2,Paypal,Pendiente,G019,Media,6,2022,cliente369@outlook.com
RES03024,2022-01-10,Uxmal,Ruta Puuc,Grupal,5,,Francia,Español,842.0,4631.0,7.1,4.8,Tarjeta debito,Completada,G021,Baja,1,2022,us er@gmail.com
RES05946,2021-01-11,Cozumel,Buceo Arrecife Palancar,Grupal,13,6.0,Reino Unido,Ingles,875.64,14010.24,7.3,4.2,Tarjeta credito,Confirmada,G024,Baja,1,2021,cliente670@hotmail.com
RES01564,2024-03-12,Akumal,Cenote Yalku,Privado,3,1.0,Mexico,Español,1457.09,5099.81,5.2,5.0,Paypal,Completada,G006,Alta,3,2024,cliente5240@outlook.com
RES02761,2022-12-31,Merida,Centro Historico Merida,Grupal,19,9.0,Canada,Ingles,896.4,21065.4,,5.0,Tarjeta credito,Completada,G013,Alta,12,2022,cliente8634@icloud.com
RES04306,2022-10-15,Akumal,Cenote Yalku,Grupal,16,7.0,Estados Unidos,Ingles,844.07,16459.37,7.7,5.0,Tarjeta debito,Completada,G014,Media,10,2022,cliente9576@hotmail.com
RES00210,2024-02-05,Merida,Centro Historico Merida,Privado,1,0.0,Canada,Portugues,849.18,849.18,,,Tarjeta debito,Completada,G013,Baja,2,2024,cliente4550@yahoo.com
RES00910,2022-04-18,Cancun,Snorkel Arrecife,Grupal,19,8.0,Argentina,Español,964.14,22175.22,3.8,3.2,Efectivo,Pendiente,G005,Alta,4,2022,cliente7217@icloud.com
RES01290,2021-01-25,Uxmal,Uxmal + Kabah,Grupal,16,6.0,Estados Unidos,Español,800.79,15215.01,7.2,4.7,Efectivo,Pendiente,G003,Baja,1,2021,
RES05722,2023-02-23,Playa del Carmen,Xcaret,Grupal,13,3.0,Francia,Ingles,704.08,10209.16,,1.0,Efectivo,Pendiente,G033,Baja,2,2023,cliente7308@gmail.com
RES05932,2021-11-04,Cozumel,Snorkel El Cielo,Grupal,4,0.0,Canada,Español,1081.06,4324.24,,4.7,Tarjeta debito,Completada,G027,Media,11,2021,cliente600@hotmail.com
RES01843,2021-03-23,Tulum,Sian Ka'an,Privado,3,0.0,Estados Unidos,Italiano,1820.34,5461.02,2.9,5.0,Efectivo,Completada,G011,Alta,3,2021,cliente9044@outlook.com
RES02498,2021-01-13,Merida,Haciendas del Mayab,Privado,2,1.0,Mexico,Italiano,863.12,2157.8,9.9,4.3,Efectivo,Pendiente,G003,Baja,1,2021,cliente6843@yahoo.com
RES05650,2024-02-03,Cancun,Snorkel Arrecife,grupal,11,0.0,Estados Unidos,Ingles,667.55,7343.05,3.2,3.7,Efectivo,Completada,G028,Baja,2,2024,cliente8235@gmail.com
RES03685,2021-08-27,Playa del Carmen,Xel-Ha,Grupal,14,6.0,Mexico,Portugues,1029.5,17501.5,7.6,5.0,Efectivo,Completada,,Alta,8,2021,cliente2283@gmail.com
RES00959,2023-08-06,Chichen Itza,Valladolid + Chichen Itza,Grupal,17,1.0,Italia,Español,1525.16,26690.3,4.2,,Tarjeta credito,Cancelada,G034,Alta,8,2023,cliente6059@icloud.com
RES01794,2022-07-19,Playa del Carmen,Xcaret,Grupal,14,4.0,Mexico,Frances,1022.2,16355.2,9.8,,Efectivo,Completada,G030,Alta,7,2022,cliente9929@gmail.com
RES02089,2021-08-20,Uxmal,Ruta Puuc,Privado,4,0.0,Estados Unidos,,1910.14,7640.56,5.0,3.7,Efectivo,Completada,G005,Alta,8,2021,cliente3756@gmail.com
RES02703,2022-12-18,Akumal,Snorkel Tortugas Akumal,Grupal,17,5.0,,Ingles,925.7,18051.15,6.5,2.1,Transferencia,Pendiente,G007,Alta,12,2022,cliente9002@yahoo.com
RES00332,2021-06-11,Merida,Centro Historico Merida,Grupal,4,0.0,Estados Unidos,Español,693.23,2772.92,4.7,3.0,Paypal,Completada,G033,Media,6,2021,cliente7861@yahoo.com
RES03378,2023-05-09,Chichen Itza,Chichen Itza + Cenote Ik Kil,Grupal,14,3.0,Mexico,Español,1188.03,18414.47,7.8,2.8,Crypto,Completada,G010,Media,5,2023,cliente6416@outlook.com
RES04557,2022-02-08,Bacalar,Kayak Canales,Privado,3,1.0,Italia,Ingles,1104.26,3864.91,6.8,4.4,Paypal,Pendiente,G020,Baja,2,2022,cliente5353@icloud.com
RES05209,2021-12-10,Playa del Carmen,Xcaret,Grupal,8,3.0,Japon,Español,976.68,9278.46,2.8,4.6,Efectivo,Cancelada,,Alta,12,2021,
RES02460,2022-05-13,Cancun,Snorkel Arrecife,Grupal,6,,Mexico,Español,763.53,5726.47,3.0,2.8,Tarjeta debito,Completada,G009,Media,5,2022,cliente307@icloud.com
RES01775,2022-08-26,Cozumel,Buceo Arrecife Palancar,Privado,2,1.0,Mexico,Frances,2019.37,5048.42,7.3,3.0,Efectivo,Completada,G014,Alta,8,2022,cliente8054@gmail.com
RES04238,2023-01-23,Uxmal,Uxmal + Kabah,Grupal,13,0.0,Mexico,Aleman,878.82,11424.66,7.4,4.8,Efectivo,Completada,G040,Baja,1,2023,cliente4620@icloud.com
RES03408,2023-08-20,Holbox,Avistamiento Tiburon Ballena,Grupal,19,6.0,Alemania,Ingles,1281.28,28188.16,7.9,1.0,Tarjeta credito,Confirmada,G011,Alta,8,2023,cliente2647@icloud.com
RES03760,2023-03-18,Tulum,Cenote Gran Cenote,Privado,4,2.0,Mexico,Ingles,1582.76,7913.8,5.7,5.0,Tarjeta debito,Cancelada,G014,Alta,3,2023,cliente5293@gmail.com
RES03648,2021-02-10,Cancun,Snorkel Arrecife,Grupal,14,2.0,Japon,Ingles,99999.0,10321.35,5.7,5.0,Tarjeta credito,Cancelada,G014,Baja,2,2021,cliente2816@yahoo.com
RES04897,2022-09-25,Uxmal,Ruta Puuc,Privado,4,2.0,Estados Unidos,Ingles,1201.34,6006.7,4.4,4.8,Tarjeta credito,Confirmada,G003,Baja,9,2022,cliente6511@yahoo.com
RES05405,2023-08-12,Cozumel,Tour Isla Cozumel,Grupal,9,3.0,Estados Unidos,Ingles,1251.83,13144.22,5.7,4.3,Efectivo,Confirmada,G038,Alta,8,2023,cliente7790@gmail.com
RES05137,2023-10-04,Tulum,Sian Ka'an,Grupal,6,1.0,Canada,Aleman,879.85,5719.03,,4.6,Tarjeta debito,Completada,G008,Media,10,2023,cliente4186@outlook.com
RES02846,2022-05-10,Tulum,Cenote Gran Cenote,Grupal,14,6.0,Canada,Español,995.58,16924.86,2.6,5.0,Efectivo,Completada,G007,Media,5,2022,cliente5874@yahoo.com
RES01711,2021-10-19,Bacalar,Kayak Canales,Grupal,13,0.0,Estados Unidos,Español,881.06,11453.78,4.3,4.2,Tarjeta credito,Confirmada,G016,Media,10,2021,cliente1127@outlook.com
RES04608,2023-10-26,Tulum,Cenote Gran Cenote,Privado,3,,Japon,Ingles,1557.69,4673.07,3.5,5.0,Efectivo,Completada,G030,Media,10,2023,cliente9822@gmail.com
RES02479,2021-02-06,Uxmal,Ruta Puuc,Grupal,13,4.0,Italia,Ingles,818.59,12278.85,6.2,3.7,Transferencia,Completada,G035,Baja,2,2021,cliente8611@gmail.com
RES01367,2021-03-28,Cozumel,Snorkel El Cielo,Privado,1,0.0,Francia,Español,2099.79,2099.79,9.0,4.7,Tarjeta debito,Completada,G006,Alta,3,2021,usuario@
RES00174,2023-04-16,Merida,Haciendas del Mayab,Grupal,20,3.0,Mexico,Portugues,851.8,18313.7,8.3,3.7,Efectivo,Completada,G029,Alta,4,2023,cliente2444@hotmail.com
RES04092,2023-06-08,Cozumel,Snorkel El Cielo,Grupal,20,8.0,Reino Unido,Portugues,1062.28,25494.72,10.0,4.0,Tarjeta debito,Completada,,Media,6,2023,cliente9133@yahoo.com
RES04446,2023-01-24,Akumal,Snorkel Tortugas Akumal,Privado,3,0.0,,Español,1061.53,3184.59,4.6,,Efectivo,Completada,G014,Baja,1,2023,cliente8500@hotmail.com
RES02933,2022-03-27,Holbox,Avistamiento Tiburon Ballena,grupo,18,6.0,Italia,Italiano,1201.04,25221.84,6.5,4.7,,Completada,G027,Alta,3,2022,cliente8164@hotmail.com
RES05258,2024-03-24,Cozumel,Tour Isla Cozumel,Privado,3,1.0,Mexico,Español,2019.26,7067.41,,4.8,Efectivo,Cancelada,G026,Alta,3,2024,cliente8726@hotmail.com
RES04363,2022-03-25,Cancun,Isla Mujeres,Privado,2,0.0,Mexico,Español,1259.16,2518.32,8.5,4.3,Efectivo,Completada,G030,Alta,3,2022,cliente6393@yahoo.com
RES01953,2023-10-14,Uxmal,Ruta Puuc,Grupal,13,5.0,Polonia,Español,1091.73,16921.81,10.4,3.3,tarjeta credito,Completada,G027,Media,10,2023,cliente4537@gmail.com
RES03658,2021-12-11,Cozumel,Buceo Arrecife Palancar,Grupal,9,3.0,Mexico,Ingles,1321.66,13877.43,4.9,1.4,Efectivo,Cancelada,G021,Alta,12,2021,cliente6999@yahoo.com
RES03397,2024-02-29,Uxmal,Uxmal + Kabah,Privado,2,1.0,Canada,Español,1314.3,3285.75,9.5,4.9,Efectivo,Completada,G002,Baja,2,2024,cliente3507@yahoo.com
RES02037,2023-01-30,Uxmal,Ruta Puuc,Privado,4,2.0,Suecia,Español,1291.16,6455.8,7.3,,Tarjeta debito,Completada,G027,Baja,1,2023,usuario.dominio.com
RES03928,2022-09-09,Bacalar,Laguna de los 7 Colores,Grupal,9,4.0,Mexico,,774.04,8514.44,5.9,5.0,Tarjeta credito,Completada,G009,Baja,9,2022,cliente127@gmail.com
RES05904,2021-09-08,Merida,Haciendas del Mayab,Privado,1,0.0,Brasil,Español,900.71,900.71,3.7,3.7,Tarjeta credito,Cancelada,G026,Baja,9,2021,
RES00019,2023-08-26,Playa del Carmen,Xcaret,Privado,3,0.0,Mexico,Ingles,1481.39,4444.17,9.3,5.0,Efectivo,Completada,G011,Alta,8,2023,cliente5062@outlook.com
RES00001,2022-09-15,Uxmal,Uxmal + Kabah,Grupal,10,5.0,Reino Unido,,822.58,10282.25,6.1,4.9,Tarjeta credito,Completada,G014,Baja,9,2022,cliente6935@yahoo.com
RES02175,2021-06-14,Bacalar,Laguna de los 7 Colores,GRUPAL,15,7.0,Francia,Ingles,879.06,16262.61,5.4,3.7,Tarjeta debito,Completada,G003,Media,6,2021,cliente1043@outlook.com
RES01357,2023-02-24,Merida,Haciendas del Mayab,Grupal,10,5.0,Reino Unido,Ingles,562.92,7036.5,3.2,3.3,Efectivo,Completada,G011,Baja,2,2023,@dominio.com
RES04829,2021-09-14,Tulum,Ruinas de Tulum,Grupal,10,2.0,Canada,Portugues,886.44,9750.84,10.0,3.7,Paypal,Completada,G008,Baja,9,2021,cliente1961@gmail.com
RES03222,2023-03-13,Tulum,Cenote Dos Ojos,Privado,1,0.0,Reino Unido,Portugues,1742.36,1742.36,6.1,5.0,Tarjeta credito,Completada,G035,Alta,3,2023,cliente8687@icloud.com
RES03495,2023-03-19,Bacalar,Fuerte de San Felipe,Privado,1,0.0,Estados Unidos,Ingles,1633.51,1633.51,2.9,2.8,Tarjeta debito,Completada,G036,Alta,3,2023,us er@gmail.com
RES00397,2023-06-11,Akumal,Snorkel Tortugas Akumal,Grupal,9,3.0,Belgica,Español,804.36,8445.78,7.9,1.8,Efectivo,Completada,G022,Media,6,2023,cliente839@yahoo.com
RES05279,2021-06-15,Bacalar,Fuerte de San Felipe,Grupal,14,5.0,Estados Unidos,Portugues,931.67,15372.55,5.8,3.9,Tarjeta debito,Completada,G038,Media,6,2021,
RES03385,2021-05-20,Holbox,Tour Isla Holbox,Privado,1,0.0,Colombia,Español,1476.04,1476.04,6.7,4.7,Tarjeta debito,Completada,G040,Media,5,2021,cliente4829@gmail.com
RES01813,2023-02-04,Tulum,Cenote Dos Ojos,Privado,4,2.0,Estados Unidos,Aleman,1259.79,6298.95,8.5,3.1,Tarjeta debito,Completada,G012,Baja,2,2023,cliente7821@icloud.com
RES03659,2021-03-28,Uxmal,Uxmal + Kabah,Grupal,19,9.0,Francia,,1183.48,27811.78,3.3,5.0,Tarjeta credito,Completada,G040,Alta,3,2021,cliente2463@yahoo.com
RES04376,2023-03-01,Tulum,Cenote Gran Cenote,Grupal,15,0.0,Estados Unidos,Español,1211.99,18179.85,5.4,4.7,Efectivo,Completada,G002,Alta,3,2023,cliente7581@icloud.com
RES00817,2021-05-29,Cancun,Snorkel Arrecife,Grupal,5,1.0,Brasil,Portugues,753.75,4145.62,6.5,4.7,Efectivo,Completada,G012,Media,5,2021,cliente889@outlook.com
RES01573,2021-10-12,Cozumel,Snorkel El Cielo,Grupal,10,3.0,Mexico,Ingles,1082.39,12447.49,2.6,4.8,Efectivo,Confirmada,,Media,10,2021,cliente2504@icloud.com
RES04177,2021-12-29,Holbox,Punta Mosquito,Privado,3,1.0,Polonia,Español,1787.16,6255.06,5.9,4.4,Transferencia,Completada,G028,Alta,12,2021,cliente2282@yahoo.com
RES01801,2021-10-01,Cancun,Zona Hotelera Tour,Grupal,20,10.0,Canada,Español,712.36,17809.0,7.2,3.8,Efectivo,Confirmada,G030,Media,10,2021,cliente6812@yahoo.com
RES02281,2022-02-06,Playa del Carmen,Quinta Avenida + Cozumel,Grupal,20,9.0,Estados Unidos,Ingles,793.78,19447.61,9.5,4.0,Efectivo,Completada,G014,Baja,2,2022,
RES05739,2022-08-07,Uxmal,Ruta Puuc,Grupal,19,3.0,Mexico,Español,1148.63,23546.92,9.5,,Transferencia,Completada,G007,Alta,8,2022,cliente2082@gmail.com
RES04773,2022-06-12,Holbox,Punta Mosquito,Grupal,17,5.0,Mexico,Español,1029.84,20081.88,4.2,,Tarjeta credito,Confirmada,G035,Media,6,2022,cliente3564@outlook.com
RES04679,2024-03-11,Akumal,Cenote Yalku,Grupal,20,3.0,Argentina,Frances,1046.18,22492.87,9.1,4.9,Paypal,Completada,G011,Alta,3,2024,cliente7698@gmail.com
RES04563,2021-03-31,Chichen Itza,Chichen Itza + Cenote Ik Kil,Privado,4,1.0,Alemania,Aleman,2074.5,9335.25,8.6,5.0,,Completada,,Alta,3,2021,cliente1940@hotmail.com
RES03327,2023-01-16,Akumal,Snorkel Tortugas Akumal,Privado,1,0.0,Alemania,Ingles,954.34,954.34,5.4,1.0,Transferencia,Completada,,Baja,1,2023,cliente6163@yahoo.com
RES05203,2023-08-07,Akumal,Snorkel Tortugas Akumal,Grupal,5,1.0,,Ingles,1013.02,5571.61,,5.0,Transferencia,Completada,G038,Alta,8,2023,cliente837@hotmail.com
RES03909,2022-11-26,Cancun,Snorkel Arrecife,Privado,3,1.0,Mexico,Frances,1072.54,3753.89,8.0,5.0,Tarjeta debito,Completada,G023,Media,11,2022,cliente154@yahoo.com
RES05526,2023-09-08,Cancun,Isla Mujeres,Grupal,9,1.0,,Español,700.95,6659.03,8.5,4.2,Transferencia,Completada,G023,Baja,9,2023,cliente6424@yahoo.com
RES03354,2023-10-19,Tulum,Ruinas de Tulum,Grupal,8,1.0,Italia,Italiano,939.9,7989.15,7.3,5.0,Efectivo,Confirmada,G035,Media,10,2023,cliente2692@outlook.com
RES04220,2021-12-10,Tulum,Cenote Gran Cenote,Privado,3,1.0,Estados Unidos,Español,1586.46,5552.61,3.9,5.0,Transferencia,Completada,G011,Alta,12,2021,cliente4679@hotmail.com
RES05118,2022-11-30,Uxmal,Ruta Puuc,Grupal,14,0.0,Italia,Ingles,986.37,13809.18,6.4,4.8,Efectivo,Confirmada,G037,Media,11,2022,cliente3130@hotmail.com
RES00555,2024-03-15,Cancun,Laguna Nichupte,Grupal,5,1.0,Reino Unido,Frances,849.89,4674.39,4.7,4.2,Tarjeta credito,Completada,G036,Alta,3,2024,cliente2241@yahoo.com
RES01160,2021-10-19,Cozumel,Buceo Arrecife Palancar,Grupal,17,1.0,Mexico,Ingles,1173.92,20543.6,9.3,4.1,Efectivo,Confirmada,G027,Media,10,2021,cliente7587@gmail.com
RES01214,2023-05-26,Playa del Carmen,Xcaret,Grupal,4,2.0,Estados Unidos,Portugues,828.23,4141.15,7.8,5.0,Paypal,Cancelada,G028,Media,5,2023,cliente9349@hotmail.com
RES00912,2024-02-02,Akumal,Cenote Yalku,Grupal,10,5.0,,Ingles,744.92,9311.5,7.0,4.7,Efectivo,Completada,G036,Baja,2,2024,cliente713@icloud.com
RES01326,2022-03-20,Playa del Carmen,Quinta Avenida + Cozumel,Grupal,17,1.0,Estados Unidos,Español,1006.73,17617.78,4.8,3.9,Transferencia,Completada,G008,Alta,3,2022,cliente3579@outlook.com
RES04530,2022-03-25,Holbox,Tour Isla Holbox,Grupal,18,6.0,Reino Unido,Ingles,1159.36,24346.56,4.4,,Paypal,Completada,G037,Alta,3,2022,cliente8069@gmail.com
RES03393,2023-01-19,Bacalar,Kayak Canales,Grupal,13,1.0,Mexico,Ingles,727.08,9815.58,3.0,3.9,Efectivo,Completada,G012,Baja,1,2023,usuario@
RES00701,2022-07-20,Cozumel,Buceo Arrecife Palancar,Grupal,11,2.0,Alemania,Español,1421.56,17058.72,10.3,4.7,Transferencia,Completada,G003,Alta,7,2022,usuario@
RES02701,2022-11-07,Akumal,Cenote Yalku,Grupal,12,6.0,Brasil,,836.76,12551.4,5.5,2.8,Efectivo,Completada,G009,Media,11,2022,cliente9785@hotmail.com
RES04320,2022-11-04,Chichen Itza,Valladolid + Chichen Itza,Privado,2,1.0,Alemania,,1690.71,4226.77,9.6,3.0,Tarjeta credito,Completada,G015,Media,11,2022,cliente207@gmail.com
RES01848,2021-01-25,Cozumel,Snorkel El Cielo,Grupal,18,7.0,Mexico,Portugues,887.03,19071.15,5.5,4.9,Tarjeta credito,Completada,G019,Baja,1,2021,cliente7392@yahoo.com
RES01782,2022-10-28,Merida,Haciendas del Mayab,Privado,3,1.0,,Español,1111.5,3890.25,7.0,4.7,Efectivo,Completada,G017,Media,10,2022,cliente5172@icloud.com
RES04374,2022-07-24,Akumal,Cenote Yalku,Privado,3,0.0,Alemania,Frances,1331.44,3994.32,,5.0,,Completada,G005,Alta,7,2022,cliente5061@yahoo.com
RES01456,2021-02-07,Cancun,Laguna Nichupte,Grupal,16,8.0,Canada,Español,,11996.8,7.9,5.0,Transferencia,Pendiente,G027,Baja,2,2021,cliente3560@outlook.com
RES05049,2021-06-29,Akumal,Snorkel Tortugas Akumal,Grupal,5,0.0,Argentina,Español,736.38,3681.9,8.0,3.3,Transferencia,Completada,G038,Media,6,2021,cliente3436@gmail.com
RES03654,2021-02-08,Tulum,Ruinas de Tulum,Grupal,4,2.0,Alemania,Ingles,748.12,3740.6,2.7,2.7,Efectivo,Completada,G006,Baja,2,2021,cliente8812@yahoo.com
RES02900,2023-01-23,Cozumel,Buceo Arrecife Palancar,Privado,4,0.0,Argentina,Portugues,1432.03,5728.12,7.5,4.9,Efectivo,Cancelada,G005,Baja,1,2023,
RES00867,2022-05-09,Chichen Itza,Valladolid + Chichen Itza,Privado,2,1.0,Argentina,Ingles,1918.05,4795.12,,,Tarjeta debito,Cancelada,G013,Media,5,2022,cliente3997@yahoo.com
RES05000,2021-08-22,Merida,Haciendas del Mayab,Grupal,4,1.0,Mexico,Portugues,820.83,3693.74,8.0,5.0,Efectivo,Pendiente,G022,Alta,8,2021,cliente7721@yahoo.com
RES01645,2023-06-15,Uxmal,Ruta Puuc,Grupal,14,2.0,Mexico,Español,1088.59,16328.85,3.6,4.1,Tarjeta debito,Pendiente,G022,Media,6,2023,cliente3155@outlook.com
RES02141,2023-12-15,Tulum,Cenote Dos Ojos,Privado,3,0.0,Francia,Ingles,1611.14,4833.42,7.5,4.3,Tarjeta debito,Completada,G030,Alta,12,2023,cliente1998@gmail.com
RES04208,2021-08-02,Uxmal,Uxmal + Kabah,Grupal,6,2.0,Estados Unidos,Español,1292.47,9047.29,10.3,4.7,Tarjeta credito,Confirmada,G014,Alta,8,2021,usuario.dominio.com
RES05866,2024-03-16,Cancun,Isla Mujeres,Grupal,18,0.0,Estados Unidos,Ingles,943.71,16986.78,8.8,5.0,Tarjeta debito,Completada,G028,Alta,3,2024,cliente3257@yahoo.com
RES01491,2021-04-25,Bacalar,Kayak Canales,Privado,1,0.0,Colombia,Español,1743.7,1743.7,9.6,3.0,,Completada,G032,Alta,4,2021,cliente7876@yahoo.com
RES03127,2021-03-26,Uxmal,Uxmal + Kabah,Privado,3,0.0,Japon,Ingles,1932.45,5797.35,9.5,4.6,Tarjeta debito,Cancelada,G024,Alta,3,2021,
RES00730,2021-11-06,Cancun,Zona Hotelera Tour,Grupal,20,0.0,Alemania,Español,701.93,14038.6,4.6,5.0,Transferencia,Completada,G013,Media,11,2021,cliente1066@gmail.com
RES03894,2022-10-13,Bacalar,Kayak Canales,Grupal,14,0.0,Estados Unidos,Español,854.0,11956.0,6.6,3.9,Efectivo,Confirmada,G021,Media,10,2022,cliente9043@icloud.com
RES03545,2021-02-18,Holbox,Tour Isla Holbox,Grupal,16,4.0,Estados Unidos,Español,847.68,15258.24,,3.4,,Completada,G002,Baja,2,2021,cliente1198@outlook.com
RES02621,2021-06-10,Cancun,Isla Mujeres,Grupal,16,4.0,Brasil,Español,727.03,13086.54,3.2,1.3,Paypal,Completada,G009,Media,6,2021,
RES01937,2023-10-26,Cancun,Isla Mujeres,Grupal,10,2.0,Francia,Ingles,759.72,8356.92,7.4,2.1,Paypal,Completada,G001,Media,10,2023,cliente7089@yahoo.com
RES03186,2023-02-19,Holbox,Avistamiento Tiburon Ballena,Privado,1,0.0,,Ingles,1395.65,1395.65,6.0,4.0,Tarjeta credito,Completada,,Baja,2,2023,cliente6919@hotmail.com
RES01111,2023-12-10,Holbox,Punta Mosquito,Privado,4,1.0,Francia,Español,2037.34,9168.03,3.2,3.1,Efectivo,Completada,G028,Alta,12,2023,
RES04900,2023-06-17,Tulum,Ruinas de Tulum,Grupal,5,0.0,Estados Unidos,Ingles,1040.64,5203.2,7.9,3.3,Transferencia,Completada,G006,Media,6,2023,cliente9284@outlook.com
RES05395,2021-07-02,Uxmal,Ruta Puuc,Privado,2,0.0,Estados Unidos,Español,1728.94,3457.88,,4.2,Efectivo,Completada,G008,Alta,7,2021,cliente9368@gmail.com
RES02395,2023-10-20,Akumal,Cenote Yalku,Grupal,5,2.0,Italia,Español,796.34,4778.04,4.1,,Tarjeta debito,Pendiente,G023,Media,10,2023,cliente7504@hotmail.com
RES01186,2022-02-15,Cancun,Zona Hotelera Tour,Grupal,14,3.0,Brasil,Ingles,675.76,10474.28,8.2,4.7,Tarjeta debito,Cancelada,G002,Baja,2,2022,cliente8873@gmail.com
RES02008,2022-10-26,Holbox,Avistamiento Tiburon Ballena,Grupal,15,1.0,Suiza,Español,1146.1,17764.55,5.2,2.8,Transferencia,Completada,G008,Media,10,2022,cliente1703@hotmail.com
RES00194,2023-02-27,Cancun,Zona Hotelera Tour,Grupal,11,3.0,Mexico,Español,624.97,7812.12,4.6,5.0,Tarjeta credito,Completada,G007,Baja,2,2023,cliente4695@yahoo.com
RES01516,2021-07-04,Cozumel,Buceo Arrecife Palancar,Grupal,17,3.0,Japon,Frances,1355.11,25069.53,6.7,4.7,Tarjeta credito,Cancelada,G037,Alta,7,2021,
RES00579,2022-08-10,Bacalar,Laguna de los 7 Colores,Grupal,5,0.0,Estados Unidos,Español,1143.16,5715.8,8.0,5.0,Efectivo,Completada,,Alta,8,2022,cliente6171@hotmail.com
RES02124,2022-11-20,Playa del Carmen,Xcaret,Grupal,12,1.0,Alemania,Frances,804.89,10061.12,,2.0,Paypal,Completada,G013,Media,11,2022,cliente2545@hotmail.com
RES01430,2023-02-27,Holbox,Punta Mosquito,Privado,2,1.0,Estados Unidos,Portugues,1349.18,3372.95,5.1,,Transferencia,Cancelada,G030,Baja,2,2023,cliente2151@gmail.com
RES00772,2024-03-08,Chichen Itza,Chichen Itza + Cenote Ik Kil,Privado,1,0.0,Estados Unidos,Portugues,2075.99,2075.99,7.5,4.3,Efectivo,Completada,G018,Alta,3,2024,sinArroba.com
RES03625,2023-11-21,Merida,Centro Historico Merida,Privado,4,2.0,,Español,981.74,4908.7,7.9,5.0,,Completada,G008,Media,11,2023,cliente5587@yahoo.com
RES02396,2021-06-25,Tulum,Sian Ka'an,Grupal,5,1.0,Mexico,Español,920.61,5063.36,4.8,,Efectivo,Completada,G033,Media,6,2021,cliente9895@outlook.com
RES05982,2022-03-13,Cancun,Isla Mujeres,Grupal,16,5.0,Argentina,Español,872.87,16148.09,6.3,3.3,Tarjeta debito,Completada,G003,Alta,3,2022,cliente177@icloud.com
RES01847,2021-04-23,Uxmal,Uxmal + Kabah,Privado,1,0.0,Reino Unido,Español,1775.06,1775.06,7.5,5.0,Transferencia,Completada,,Alta,4,2021,cliente1299@outlook.com
RES00132,2021-04-09,Bacalar,Laguna de los 7 Colores,Grupal,17,6.0,Estados Unidos,Ingles,1018.8,20376.0,7.8,1.0,Tarjeta debito,Completada,G006,Alta,4,2021,
RES00179,2022-11-26,Uxmal,Ruta Puuc,Privado,4,0.0,España,Español,1564.3,6257.2,4.5,4.6,Tarjeta debito,Pendiente,G006,Media,11,2022,cliente7775@hotmail.com
RES05390,2023-05-18,Cozumel,Buceo Arrecife Palancar,privado,4,2.0,Alemania,Español,1749.01,8745.05,5.4,4.2,Tarjeta credito,Completada,G014,Media,5,2023,cliente2875@gmail.com
RES03858,2023-04-26,Uxmal,Ruta Puuc,Grupal,13,1.0,Francia,Ingles,1170.29,15798.91,5.8,4.2,Tarjeta debito,Completada,G002,Alta,4,2023,cliente449@icloud.com
RES03613,2021-05-01,Akumal,Cenote Yalku,Grupal,12,2.0,Mexico,,834.09,10843.17,10.4,3.7,Paypal,Completada,G006,Media,5,2021,cliente968@yahoo.com
RES02581,2024-01-10,Tulum,Cenote Gran Cenote,Privado,1,0.0,Estados Unidos,Ingles,1154.57,1154.57,9.0,2.9,Tarjeta debito,Confirmada,G029,Baja,1,2024,cliente291@hotmail.com
RES03671,07-14-2021,Cozumel,Tour Isla Cozumel,Grupal,9,3.0,Mexico,Español,1404.55,14747.77,,4.9,Tarjeta debito,Confirmada,G022,Alta,7,2021,cliente8165@yahoo.com
RES03399,2023-09-30,Bacalar,Kayak Canales,Grupal,6,2.0,Mexico,Ingles,714.86,5004.02,2.9,4.3,Tarjeta debito,Confirmada,G033,Baja,9,2023,cliente5357@outlook.com
RES02653,2022-09-26,Cozumel,Snorkel El Cielo,Grupal,8,4.0,Reino Unido,Ingles,959.63,9596.3,6.7,4.2,Transferencia,Completada,G036,Baja,9,2022,cliente2090@outlook.com
RES04645,2023-10-28,Uxmal,Ruta Puuc,Grupal,6,3.0,Mexico,,1021.33,7659.98,4.1,,Efectivo,Completada,G017,Media,10,2023,cliente5729@gmail.com
RES02074,2022-11-10,Akumal,Snorkel Tortugas Akumal,Grupal,20,7.0,Mexico,Aleman,760.23,17865.4,6.6,3.9,Tarjeta debito,Confirmada,G004,Media,11,2022,cliente4719@gmail.com
RES00659,2021-03-09,Tulum,Cenote Gran Cenote,Grupal,6,3.0,Mexico,Español,1190.99,8932.42,7.8,4.1,Tarjeta credito,Completada,G023,Alta,3,2021,cliente1521@icloud.com
RES01897,2023-01-30,Tulum,Ruinas de Tulum,Grupal,5,1.0,Mexico,Frances,763.76,4200.68,6.5,3.9,Tarjeta credito,Confirmada,G036,Baja,1,2023,cliente5855@icloud.com
RES04438,2023-08-17,Playa del Carmen,Xel-Ha,Privado,1,0.0,Italia,Español,1421.2,1421.2,8.7,4.8,Tarjeta credito,Completada,G012,Alta,8,2023,cliente1214@hotmail.com
RES02607,2021-02-04,Tulum,Cenote Dos Ojos,grupo,9,0.0,Mexico,Español,820.33,7382.97,8.1,4.7,Efectivo,Confirmada,G026,Baja,2,2021,cliente4766@outlook.com
RES02222,2022-10-11,Akumal,Cenote Yalku,Grupal,6,0.0,,Español,777.34,4664.04,5.7,3.8,Efectivo,Completada,G004,Media,10,2022,cliente8389@hotmail.com
RES05714,2021-11-07,Chichen Itza,Chichen Itza + Cenote Ik Kil,Grupal,20,0.0,Argentina,Español,1318.69,26373.8,,4.1,Tarjeta credito,Completada,G007,Media,11,2021,cliente7027@icloud.com
RES02380,2022-07-08,Bacalar,Laguna de los 7 Colores,Grupal,8,2.0,Canada,Ingles,1141.62,10274.58,3.6,3.6,Tarjeta credito,Confirmada,G018,Alta,7,2022,cliente1036@outlook.com
RES01448,2022-05-14,Cancun,Snorkel Arrecife,Grupal,19,6.0,Japon,Español,765.6,16843.2,5.9,5.0,Crypto,Pendiente,G016,Media,5,2022,usuario@
RES00343,2022-02-27,Cozumel,Snorkel El Cielo,Privado,1,0.0,Reino Unido,Español,1409.0,1409.0,7.2,3.8,Paypal,Completada,G018,Baja,2,2022,cliente3245@yahoo.com
RES03650,2024-02-04,Cozumel,Tour Isla Cozumel,Grupal,14,1.0,Mexico,Español,971.66,14089.07,6.5,6.5,Tarjeta credito,Completada,G017,Baja,2,2024,cliente5684@gmail.com
RES02528,2023-04-11,Akumal,Cenote Yalku,Privado,2,1.0,Mexico,Portugues,,3716.68,9.9,2.9,Tarjeta credito,Completada,G015,Alta,4,2023,cliente804@gmail.com
RES00728,2021-12-09,Holbox,Tour Isla Holbox,Privado,3,0.0,Francia,Español,2010.88,6032.64,7.6,4.9,Tarjeta credito,Confirmada,G027,Alta,12,2021,us er@gmail.com
RES04751,2023-08-26,Tulum,Sian Ka'an,Grupal,13,3.0,Francia,Español,1224.59,17756.56,5.7,3.9,,Cancelada,G013,Alta,8,2023,cliente5213@icloud.com
RES00977,2022-01-29,Bacalar,Laguna de los 7 Colores,Privado,1,0.0,Canada,Frances,1189.26,1189.26,6.9,2.1,Tarjeta debito,Completada,G021,Baja,1,2022,cliente7167@hotmail.com
RES04337,2021-10-31,Akumal,Snorkel Tortugas Akumal,Privado,4,1.0,Argentina,Ingles,1314.74,5916.33,2.6,5.0,Tarjeta credito,Cancelada,G028,Media,10,2021,cliente3330@yahoo.com
RES04188,2022-03-19,Merida,Centro Historico Merida,Grupal,6,0.0,Francia,Ingles,909.31,5455.86,6.1,3.2,Efectivo,Completada,G009,Alta,3,2022,cliente4002@gmail.com
RES01929,2021-10-13,Uxmal,Uxmal + Kabah,Grupal,8,0.0,Estados Unidos,Ingles,1014.88,8119.04,4.8,,Tarjeta credito,Completada,G008,Media,10,2021,cliente6904@icloud.com
RES04535,2021-05-26,Playa del Carmen,Quinta Avenida + Cozumel,Grupal,16,4.0,Mexico,,907.13,16328.34,4.3,4.8,Efectivo,Completada,,Media,5,2021,cliente4488@icloud.com
RES05798,2022-08-07,Cozumel,Tour Isla Cozumel,Privado,2,1.0,Suiza,Ingles,2065.01,5162.53,5.1,4.9,Tarjeta credito,Confirmada,G020,Alta,8,2022,cliente8092@icloud.com
RES01300,2021-02-04,Bacalar,Laguna de los 7 Colores,Grupal,16,5.0,Reino Unido,Aleman,784.06,14505.11,5.0,4.0,Paypal,Completada,G034,Baja,2,2021,cliente790@icloud.com
RES05753,2021-01-08,Tulum,Cenote Gran Cenote,Grupal,4,2.0,Estados Unidos,Español,777.98,3889.9,9.1,3.9,Crypto,Completada,G010,Baja,1,2021,cliente757@outlook.com
RES05543,2023-09-07,Bacalar,Laguna de los 7 Colores,Grupal,5,0.0,Colombia,Español,712.18,3560.9,8.6,5.0,Tarjeta credito,Confirmada,,Baja,9,2023,cliente9911@gmail.com
RES00661,2023-03-03,Cancun,Zona Hotelera Tour,Grupal,8,1.0,Estados Unidos,Frances,842.98,7165.33,9.7,5.0,Tarjeta credito,Completada,G005,Alta,3,2023,cliente534@icloud.com
RES01791,2021-10-15,Akumal,Snorkel Tortugas Akumal,Grupal,6,2.0,Mexico,Español,788.37,5518.59,5.3,4.1,Transferencia,Completada,G013,Media,10,2021,
RES03435,2022-06-25,Playa del Carmen,Quinta Avenida + Cozumel,Grupal,11,4.0,Estados Unidos,Frances,799.21,10389.73,8.9,3.8,Tarjeta credito,Completada,G039,Media,6,2022,
RES03993,2022-07-03,Chichen Itza,Valladolid + Chichen Itza,Grupal,14,2.0,Canada,Ingles,,23650.5,3.7,3.1,,Completada,G040,Alta,7,2022,cliente8475@yahoo.com
RES00494,2021-05-26,Tulum,Sian Ka'an,Privado,3,1.0,Estados Unidos,Español,1323.52,4632.32,7.8,2.8,Tarjeta credito,Completada,G026,Media,5,2021,cliente660@hotmail.com
RES04718,2022-10-20,Bacalar,Fuerte de San Felipe,Grupal,14,5.0,Estados Unidos,Español,923.91,15244.51,6.8,5.0,Transferencia,Completada,G024,Media,10,2022,cliente2111@yahoo.com
RES05246,2021-10-24,Tulum,Cenote Gran Cenote,Privado,4,1.0,Estados Unidos,Aleman,1381.85,6218.32,3.6,5.0,Tarjeta credito,Completada,G002,Media,10,2021,cliente6265@gmail.com
RES04035,2021-06-29,Akumal,Cenote Yalku,Grupal,15,5.0,Reino Unido,Español,859.29,15037.57,8.3,5.0,Tarjeta credito,Completada,G002,Media,6,2021,cliente963@hotmail.com
RES03978,2022-02-06,Uxmal,Ruta Puuc,Grupal,14,3.0,Estados Unidos,Español,908.79,14086.24,10.5,4.8,Tarjeta credito,Completada,G027,Baja,2,2022,cliente9148@icloud.com
RES05557,2021-04-01,Merida,Haciendas del Mayab,Grupal,17,,Canada,Ingles,827.6,17379.6,5.4,4.9,Transferencia,Completada,G028,Alta,4,2021,cliente8035@yahoo.com
RES01086,2024-01-12,Holbox,Avistamiento Tiburon Ballena,Privado,3,1.0,Mexico,Ingles,1317.98,4612.93,6.0,5.0,Transferencia,Cancelada,G015,Baja,1,2024,cliente2888@hotmail.com
RES05698,2021-11-18,Merida,Centro Historico Merida,Grupal,5,1.0,Brasil,Ingles,655.56,3605.58,7.1,4.4,Efectivo,Cancelada,G006,Media,11,2021,cliente4558@outlook.com
RES00695,2021-02-04,Cozumel,Buceo Arrecife Palancar,Grupal,9,4.0,Alemania,Portugues,881.09,9691.99,9.2,5.0,Tarjeta debito,Completada,G040,Baja,2,2021,
RES01279,2024-02-08,Holbox,Tour Isla Holbox,Grupal,6,2.0,Estados Unidos,Ingles,846.83,5927.81,5.3,1.8,Tarjeta credito,Completada,G035,Baja,2,2024,cliente8497@outlook.com
RES04597,2023-07-05,Playa del Carmen,Xcaret,Grupal,15,5.0,Estados Unidos,Español,1086.28,19009.9,2.5,4.9,Tarjeta credito,Completada,G011,Alta,7,2023,cliente6501@icloud.com
RES01622,2022-10-20,Uxmal,Ruta Puuc,Grupal,4,0.0,Mexico,Español,1031.21,4124.84,6.8,1.8,Efectivo,Completada,G030,Media,10,2022,
RES02562,2023-11-23,Playa del Carmen,Xcaret,Grupal,6,2.0,Estados Unidos,Español,919.6,6437.2,4.1,2.7,Tarjeta credito,Completada,G014,Media,11,2023,cliente8163@outlook.com
RES04215,2021-03-02,Uxmal,Ruta Puuc,Privado,1,0.0,Mexico,Portugues,1815.03,1815.03,9.4,5.0,,Cancelada,G036,Alta,3,2021,cliente8061@icloud.com
RES04059,2021-10-05,Tulum,Sian Ka'an,Grupal,5,1.0,Reino Unido,Español,1038.71,5712.91,5.8,4.0,Tarjeta credito,Completada,G025,Media,10,2021,cliente1715@outlook.com
RES00068,2022-11-23,Cancun,Isla Mujeres,Grupal,14,0.0,Alemania,Español,703.56,9849.84,4.9,5.0,Transferencia,Completada,G004,Media,11,2022,cliente6619@outlook.com
RES03701,2023-05-09,Cozumel,Snorkel El Cielo,Grupal,11,0.0,Colombia,Español,1084.42,11928.62,7.6,3.9,,Cancelada,G009,Media,5,2023,cliente8307@hotmail.com
RES03051,2023-01-23,Cancun,Snorkel Arrecife,Grupal,5,0.0,Estados Unidos,Español,692.05,3460.25,4.0,,Tarjeta credito,Cancelada,G025,Baja,1,2023,cliente7140@icloud.com
RES02270,2021-04-21,Bacalar,Fuerte de San Felipe,Grupal,14,2.0,Canada,,1061.03,15915.45,5.1,4.7,Efectivo,Completada,G034,Alta,4,2021,cliente796@outlook.com
RES04245,2022-05-19,Tulum,Sian Ka'an,Grupal,11,1.0,Argentina,Español,1038.67,11944.71,3.9,4.9,Paypal,Completada,G037,Media,5,2022,cliente5341@icloud.com
RES04754,2021-05-15,Merida,Izamal + Merida,Grupal,20,3.0,Colombia,Ingles,652.97,14038.86,5.2,3.1,Tarjeta debito,Completada,G025,Media,5,2021,cliente3045@icloud.com
RES00821,2023-03-28,Bacalar,Fuerte de San Felipe,Privado,4,2.0,Mexico,Español,1632.83,-8164.15,9.0,3.3,Tarjeta credito,Pendiente,G016,Alta,3,2023,cliente6339@yahoo.com
RES01227,2021-03-01,Tulum,Ruinas de Tulum,Privado,3,0.0,Estados Unidos,Ingles,1827.24,5481.72,,4.1,Efectivo,Completada,G022,Alta,3,2021,cliente639@yahoo.com
RES01678,2022-11-19,Playa del Carmen,Xel-Ha,grupo,12,0.0,Francia,Español,910.52,10926.24,9.6,3.6,,Completada,,Media,11,2022,cliente3700@icloud.com
RES05041,2022-08-16,Cozumel,Tour Isla Cozumel,Grupal,5,2.0,Estados Unidos,Español,1408.34,8450.04,4.6,5.0,Tarjeta credito,Completada,G038,Alta,8,2022,cliente7969@gmail.com
RES02868,2023-09-05,Tulum,Ruinas de Tulum,Grupal,-5,2.0,Italia,,866.9,5201.4,8.6,4.8,Tarjeta debito,Completada,G007,Baja,9,2023,cliente9182@yahoo.com
RES04403,2023-02-04,Chichen Itza,Valladolid + Chichen Itza,Grupal,5,1.0,Alemania,Ingles,942.81,5185.45,5.8,3.6,Tarjeta credito,Completada,G019,Baja,2,2023,sinArroba.com
RES02368,2021-09-14,Akumal,Snorkel Tortugas Akumal,Grupal,19,4.0,Canada,Ingles,672.69,14126.49,4.2,,,Completada,G005,Baja,9,2021,usuario@
RES03078,2023-05-30,Bacalar,Kayak Canales,Privado,3,1.0,Belgica,Ingles,1462.96,5120.36,5.4,5.0,Tarjeta credito,Completada,G035,Media,5,2023,cliente3558@yahoo.com
RES03933,2021-04-23,Tulum,Ruinas de Tulum,Privado,1,,Estados Unidos,Español,1661.37,1661.37,8.2,3.9,Tarjeta credito,Pendiente,G007,Alta,4,2021,cliente7214@outlook.com
RES02513,2022-04-14,Playa del Carmen,Quinta Avenida + Cozumel,Grupal,16,1.0,Estados Unidos,Español,1100.55,18159.08,2.9,2.8,Transferencia,Completada,G010,Alta,4,2022,cliente3852@gmail.com
RES02724,2022-02-18,Playa del Carmen,Quinta Avenida + Cozumel,Grupal,12,1.0,Estados Unidos,Español,,9717.62,5.5,1.6,Tarjeta credito,Completada,G001,Baja,2,2022,cliente3341@yahoo.com
RES05378,2021-10-11,Playa del Carmen,Quinta Avenida + Cozumel,Grupal,14,0.0,Canada,Español,877.5,12285.0,7.8,1.0,Tarjeta credito,Pendiente,G034,Media,10,2021,cliente6226@yahoo.com
RES05134,2022-06-12,Uxmal,Ruta Puuc,Privado,1,0.0,Suiza,Ingles,1541.39,1541.39,2.7,5.0,Transferencia,Cancelada,G006,Media,6,2022,cliente6876@gmail.com
RES04752,2022-11-20,Tulum,Cenote Dos Ojos,Privado,3,0.0,Mexico,Ingles,1424.66,4273.98,10.4,5.0,Tarjeta credito,Completada,G010,Media,11,2022,cliente8486@hotmail.com
RES01144,2023-07-30,Bacalar,Kayak Canales,Grupal,10,3.0,Mexico,Español,1166.16,13410.84,6.1,3.7,Tarjeta debito,Completada,G031,Alta,7,2023,cliente503@gmail.com
RES00398,2022-02-02,Merida,Haciendas del Mayab,Privado,2,1.0,Mexico,Ingles,901.64,2254.1,5.8,4.7,Tarjeta debito,Confirmada,G016,Baja,2,2022,cliente4710@hotmail.com
RES00787,2021-05-29,Cancun,Zona Hotelera Tour,Grupal,8,2.0,Mexico,Ingles,764.82,6883.38,6.4,3.8,,Completada,G019,Media,5,2021,cliente6983@gmail.com
RES05169,2023-10-17,Akumal,Snorkel Tortugas Akumal,Grupal,9,0.0,Mexico,Español,857.3,7715.7,6.5,,Transferencia,Completada,G015,Media,10,2023,cliente5700@gmail.com
RES03957,2021-08-28,Akumal,Snorkel Tortugas Akumal,Grupal,10,,Argentina,Ingles,,11412.6,10.4,4.3,Tarjeta credito,Completada,G011,Alta,8,2021,cliente1933@icloud.com
RES01399,2021-11-30,Bacalar,Fuerte de San Felipe,Grupal,17,3.0,Argentina,Español,945.24,17486.94,8.0,3.8,Efectivo,Confirmada,G019,Media,11,2021,cliente5262@yahoo.com
RES01660,2022-01-01,Tulum,Ruinas de Tulum,Grupal,10,2.0,Mexico,Ingles,803.65,8840.15,4.3,1.2,Efectivo,Completada,G015,Baja,1,2022,cliente2199@icloud.com
RES04462,2022-05-06,Cancun,Snorkel Arrecife,Grupal,8,2.0,Francia,Ingles,691.58,6224.22,3.9,4.7,Tarjeta credito,Completada,G009,Media,5,2022,cliente3232@icloud.com
RES02221,2021-12-26,Holbox,Avistamiento Tiburon Ballena,Privado,4,1.0,Estados Unidos,Español,1817.78,8180.01,9.0,5.0,Tarjeta debito,Completada,G001,Alta,12,2021,cliente3328@yahoo.com
RES00980,2023-08-25,Tulum,Sian Ka'an,Grupal,8,4.0,Estados Unidos,Portugues,1109.45,11094.5,4.6,5.0,EFECTIVO,Completada,G008,Alta,8,2023,cliente278@outlook.com
RES02332,2021-03-10,Tulum,Cenote Dos Ojos,Grupal,20,4.0,Alemania,Español,1231.78,27099.16,5.1,4.0,Tarjeta debito,Completada,G034,Alta,3,2021,cliente9618@gmail.com
RES01299,2021-10-07,Bacalar,Kayak Canales,Grupal,19,1.0,Francia,Español,837.79,16336.9,4.0,3.6,Tarjeta credito,Completada,G009,Media,10,2021,cliente5617@hotmail.com
RES03264,2024-01-08,Akumal,Cenote Yalku,Grupal,13,4.0,Francia,Español,638.29,9574.35,3.1,4.8,Tarjeta debito,Completada,G038,Baja,1,2024,cliente5797@icloud.com
RES03838,2021-06-14,Uxmal,Ruta Puuc,Grupal,4,1.0,España,Aleman,1092.03,4914.14,,4.7,Efectivo,Pendiente,,Media,6,2021,cliente8246@hotmail.com
RES00083,2021-01-23,Playa del Carmen,Quinta Avenida + Cozumel,Grupal,19,7.0,Reino Unido,Español,674.96,15186.6,9.1,5.0,,Completada,G015,Baja,1,2021,
RES03140,2022-08-09,Chichen Itza,Valladolid + Chichen Itza,Grupal,15,6.0,Reino Unido,Español,1541.51,27747.18,2.9,5.0,Transferencia,Confirmada,G018,Alta,8,2022,cliente6947@outlook.com
RES05661,2022-12-29,Uxmal,Uxmal + Kabah,Privado,4,0.0,Francia,Italiano,1948.6,7794.4,8.3,3.8,Tarjeta debito,Completada,G019,Alta,12,2022,cliente9198@outlook.com
RES04717,2024-03-23,Uxmal,Uxmal + Kabah,Privado,1,0.0,Francia,Español,1745.63,1745.63,8.2,5.0,Efectivo,Completada,G023,Alta,3,2024,cliente2934@icloud.com
RES03980,2022-11-21,Tulum,Cenote Gran Cenote,Grupal,16,7.0,Belgica,Español,939.78,18325.71,3.5,4.0,Tarjeta credito,Completada,G032,Media,11,2022,cliente3966@icloud.com
RES05095,2022-03-26,Bacalar,Kayak Canales,Grupal,13,4.0,Colombia,Español,1026.73,15400.95,10.1,5.0,Crypto,Completada,G001,Alta,3,2022,cliente6775@gmail.com
RES04878,2021-08-28,Akumal,Cenote Yalku,Grupal,4,2.0,Italia,Español,936.63,4683.15,2.5,5.0,efectivo,Completada,G013,Alta,8,2021,cliente1185@hotmail.com
RES02904,2022-02-07,Chichen Itza,Chichen Itza + Cenote Ik Kil,Privado,4,1.0,Estados Unidos,,1509.14,6791.13,7.7,5.0,Efectivo,Completada,G011,Baja,2,2022,cliente5850@gmail.com
RES00424,2024-02-19,Tulum,Sian Ka'an,Privado,1,0.0,Reino Unido,Español,1298.42,1298.42,4.9,5.0,Efectivo,Pendiente,G013,Baja,2,2024,cliente3435@icloud.com
RES05221,2021-01-10,Cozumel,Buceo Arrecife Palancar,Privado,4,2.0,Estados Unidos,Español,1460.63,7303.15,3.6,4.9,Tarjeta debito,Completada,G021,Baja,1,2021,
RES01905,2022-08-01,Playa del Carmen,Xcaret,Grupal,6,2.0,Estados Unidos,Español,,6969.13,10.3,5.0,Tarjeta credito,Completada,G022,Alta,8,2022,cliente4281@yahoo.com
RES05474,2022-07-03,Tulum,Cenote Gran Cenote,Grupal,17,5.0,Estados Unidos,Italiano,1101.4,21477.3,4.0,4.2,Efectivo,Completada,G021,Alta,7,2022,
RES01531,2023-08-13,Playa del Carmen,Quinta Avenida + Cozumel,Grupal,9,4.0,Polonia,,1081.81,11899.91,3.9,5.0,Efectivo,Completada,G024,Alta,8,2023,sinArroba.com
RES04849,2023-08-31,Holbox,Tour Isla Holbox,Grupal,19,5.0,Estados Unidos,Frances,1245.31,26774.16,2.8,4.4,Transferencia,Completada,G028,Alta,8,2023,cliente2133@gmail.com
RES01566,2023-05-18,Tulum,Cenote Gran Cenote,Grupal,19,4.0,,Español,921.41,19349.61,3.7,,Efectivo,Confirmada,G032,Media,5,2023,cliente8962@yahoo.com
RES04463,2021-11-03,Chichen Itza,Valladolid + Chichen Itza,Grupal,16,,Alemania,Ingles,1181.82,23045.49,7.7,5.0,Crypto,Completada,G028,Media,11,2021,cliente684@gmail.com
RES02750,2022-08-17,Akumal,Cenote Yalku,Grupal,5,,Estados Unidos,Español,,5103.01,6.0,5.0,Tarjeta credito,Cancelada,G002,Alta,8,2022,cliente9494@yahoo.com
RES00840,2021-05-05,Cozumel,Snorkel El Cielo,Grupal,6,2.0,Mexico,Español,1179.29,8255.03,5.5,2.7,Paypal,Cancelada,G021,Media,5,2021,
RES00501,2021-07-21,Holbox,Tour Isla Holbox,Grupal,7,0.0,Mexico,Italiano,,8930.88,7.6,,Crypto,Confirmada,G012,Alta,7,2021,cliente8193@icloud.com
RES03317,2021-09-10,Akumal,Snorkel Tortugas Akumal,Grupal,12,6.0,Brasil,Español,740.29,11104.35,3.8,4.2,Tarjeta debito,Completada,G005,Baja,9,2021,cliente788@outlook.com
RES00142,2022-10-10,Playa del Carmen,Xcaret,Grupal,17,0.0,Mexico,Frances,826.59,14052.03,4.0,,Efectivo,Completada,G032,Media,10,2022,cliente656@outlook.com
RES05175,2021-08-19,Cancun,Laguna Nichupte,Privado,3,1.0,Estados Unidos,Español,1434.68,5021.38,10.1,4.7,Efectivo,Completada,G012,Alta,8,2021,cliente8174@yahoo.com
RES02606,2023-07-25,Bacalar,Kayak Canales,Grupal,11,0.0,Estados Unidos,Español,1082.75,11910.25,7.3,5.0,Tarjeta credito,Completada,G024,Alta,7,2023,cliente7041@gmail.com
RES03551,2022/07/01,Uxmal,Ruta Puuc,Grupal,14,6.0,Reino Unido,Español,1302.46,22141.82,10.4,5.0,Tarjeta debito,Completada,G036,Alta,7,2022,usuario.dominio.com
RES01378,2021-11-10,Uxmal,Ruta Puuc,Grupal,15,4.0,Mexico,Español,958.27,16290.59,7.2,4.6,Paypal,Completada,,Media,11,2021,cliente6665@icloud.com
RES04690,2021-03-30,Akumal,Snorkel Tortugas Akumal,Grupal,4,2.0,Mexico,Español,911.17,4555.85,3.5,3.8,Transferencia,Completada,G010,Alta,3,2021,cliente8743@hotmail.com
RES05922,2021-02-17,Chichen Itza,Valladolid + Chichen Itza,Grupal,15,6.0,Estados Unidos,Italiano,946.75,17041.5,6.3,5.0,Efectivo,Completada,G029,Baja,2,2021,cliente391@icloud.com
RES02267,2021-05-12,Cozumel,Buceo Arrecife Palancar,Grupal,10,5.0,Mexico,Español,1117.65,13970.63,10.0,4.2,Efectivo,Completada,G028,Media,5,2021,cliente2199@outlook.com
RES03075,2021-07-04,Tulum,Cenote Dos Ojos,Privado,2,0.0,Estados Unidos,Español,1799.37,3598.74,5.7,4.9,,Completada,G003,Alta,7,2021,cliente611@hotmail.com
RES01139,2023-03-09,Merida,Izamal + Merida,Privado,4,1.0,Holanda,Frances,1232.22,5544.99,5.1,3.3,Tarjeta debito,Completada,G034,Alta,3,2023,cliente9494@yahoo.com
RES02258,2023-12-01,Bacalar,Laguna de los 7 Colores,Grupal,20,2.0,Reino Unido,Italiano,1116.65,23449.65,8.9,5.0,Transferencia,Confirmada,G024,Alta,12,2023,cliente8666@gmail.com
RES03649,2021-05-13,Merida,Izamal + Merida,Grupal,6,0.0,Mexico,Ingles,767.8,4606.8,,4.9,Tarjeta debito,Completada,G027,Media,5,2021,cliente5740@icloud.com
RES01788,2022-09-20,Bacalar,Laguna de los 7 Colores,Privado,2,0.0,Italia,Ingles,1144.1,2288.2,5.4,3.4,Paypal,Completada,G029,Baja,9,2022,cliente7545@icloud.com
RES03681,2023-03-14,Playa del Carmen,Xel-Ha,Privado,1,0.0,Estados Unidos,Ingles,1570.64,1570.64,2.9,3.3,,Pendiente,G019,Alta,3,2023,cliente102@hotmail.com
RES00551,2023-06-18,Akumal,Cenote Yalku,Grupal,11,2.0,Mexico,,748.44,8981.28,9.1,5.0,Tarjeta credito,Completada,G033,Media,6,2023,cliente8288@gmail.com
RES00460,2021-05-12,Uxmal,Uxmal + Kabah,Grupal,8,2.0,,Español,983.13,8848.17,3.9,3.6,Paypal,Completada,G010,Media,5,2021,cliente760@yahoo.com
RES02020,2023-08-03,Merida,Izamal + Merida,Grupal,7,0.0,Francia,Español,827.7,5793.9,6.3,4.0,Crypto,Completada,,Alta,8,2023,cliente4276@outlook.com
RES00949,2023-12-11,Cozumel,Tour Isla Cozumel,Grupal,14,0.0,Mexico,Español,1383.86,19374.04,9.8,4.9,Tarjeta debito,Completada,G011,Alta,12,2023,cliente731@gmail.com
RES03405,2022-05-13,Holbox,Punta Mosquito,Grupal,17,8.0,Estados Unidos,Español,1068.75,22443.75,5.7,5.0,Tarjeta credito,Completada,G030,Media,5,2022,cliente285@hotmail.com
RES03163,2021-12-11,Merida,Centro Historico Merida,Grupal,15,3.0,Argentina,Español,845.01,13942.66,8.8,2.1,Tarjeta credito,Completada,,Alta,12,2021,cliente7031@gmail.com
RES00533,2023-10-19,Cozumel,Buceo Arrecife Palancar,Privado,3,0.0,Mexico,Ingles,1526.16,4578.48,9.8,5.0,Efectivo,Completada,G002,Media,10,2023,cliente4203@hotmail.com
RES05996,2023-05-01,Merida,Haciendas del Mayab,Privado,4,0.0,Suiza,Español,1075.98,4303.92,6.7,3.4,Tarjeta credito,Confirmada,G007,Media,5,2023,cliente9749@hotmail.com
RES01830,2022-08-01,Cancun,Isla Mujeres,Grupal,20,9.0,Francia,Ingles,967.94,23714.53,3.4,3.9,Tarjeta credito,Confirmada,G037,Alta,8,2022,cliente2057@outlook.com
RES05165,2022-12-09,Akumal,Cenote Yalku,Privado,3,0.0,Mexico,Ingles,1346.96,4040.88,9.0,5.0,Paypal,Completada,G017,Alta,12,2022,cliente2637@gmail.com
RES05325,2022-12-21,Holbox,Tour Isla Holbox,Privado,3,1.0,Polonia,Aleman,1912.33,6693.15,5.0,4.3,Tarjeta credito,Cancelada,G021,Alta,12,2022,sinArroba.com
RES04832,2023-09-24,Chichen Itza,Chichen Itza + Cenote Ik Kil,Grupal,11,2.0,Belgica,Ingles,979.71,11756.52,5.3,4.7,Transferencia,Completada,G011,Baja,9,2023,cliente9447@hotmail.com
RES03419,2021-06-08,Tulum,Cenote Gran Cenote,Privado,1,0.0,Estados Unidos,Italiano,1347.94,1347.94,5.1,4.1,Efectivo,Completada,G036,Media,6,2021,cliente7540@outlook.com
RES01603,2022-03-06,Bacalar,Laguna de los 7 Colores,Grupal,18,9.0,,Español,1143.2,25722.0,3.1,3.8,,Completada,G027,Alta,3,2022,usuario@
RES02239,2023-04-02,Bacalar,Kayak Canales,Privado,1,0.0,Francia,Italiano,1778.51,1778.51,9.1,4.4,Tarjeta debito,Completada,G007,Alta,4,2023,cliente4181@icloud.com
RES00640,2023-01-23,Playa del Carmen,Xcaret,Grupal,8,3.0,Alemania,Ingles,,7290.39,4.3,4.3,Tarjeta debito,Completada,G026,Baja,1,2023,cliente1623@outlook.com
RES05831,2023-08-19,Merida,Haciendas del Mayab,Grupal,5,0.0,Belgica,Ingles,922.84,4614.2,9.0,4.9,Efectivo,Completada,G032,Alta,8,2023,cliente2104@icloud.com
RES00968,2022-03-25,Cancun,Snorkel Arrecife,Privado,3,1.0,Italia,Aleman,1325.85,4640.47,6.1,5.0,Efectivo,Completada,G003,Alta,3,2022,cliente4710@outlook.com
RES05096,2021-02-12,Bacalar,Laguna de los 7 Colores,Privado,1,0.0,Estados Unidos,Español,1180.38,1180.38,2.8,4.6,Tarjeta credito,Completada,G015,Baja,2,2021,cliente6175@yahoo.com
RES03759,2023-06-08,Cancun,Snorkel Arrecife,Privado,3,1.0,Reino Unido,Aleman,1094.03,500000.0,4.0,2.2,Tarjeta debito,Completada,G009,Media,6,2023,cliente7859@outlook.com
RES01684,2023-02-10,Merida,Centro Historico Merida,Grupal,17,7.0,Brasil,Frances,640.58,13131.89,3.3,3.8,Crypto,Completada,G012,Baja,2,2023,cliente9310@outlook.com
RES02249,2021-10-30,Cozumel,Snorkel El Cielo,Grupal,17,0.0,Belgica,Español,1178.88,20040.96,5.0,4.9,Efectivo,Completada,,Media,10,2021,cliente1072@gmail.com
RES04153,2021-04-10,Merida,Centro Historico Merida,Grupal,12,1.0,Estados Unidos,Español,918.98,11487.25,8.3,3.7,,Completada,G029,Alta,4,2021,cliente9171@yahoo.com
RES05993,2021-06-04,Cancun,Isla Mujeres,Grupal,11,4.0,Mexico,Ingles,761.69,500000.0,5.7,5.0,Tarjeta credito,Completada,G017,Media,6,2021,usuario@
RES03363,2022-06-30,Cozumel,Snorkel El Cielo,Grupal,-14,0.0,Mexico,Frances,1082.96,15161.44,2.7,4.0,Transferencia,Pendiente,G016,Media,6,2022,cliente9479@yahoo.com
RES00156,2022-02-28,Uxmal,Ruta Puuc,Grupal,19,0.0,Mexico,Ingles,817.68,15535.92,5.8,,,Completada,G015,Baja,2,2022,cliente1820@outlook.com
RES02296,2022-07-10,Tulum,Sian Ka'an,Grupal,5,2.0,Alemania,Español,1121.89,6731.34,9.2,3.8,Paypal,Completada,,Alta,7,2022,cliente7653@gmail.com
RES04163,2022-11-09,Chichen Itza,Valladolid + Chichen Itza,Privado,1,0.0,Reino Unido,Ingles,1868.52,1868.52,3.0,2.2,Tarjeta debito,Pendiente,G012,Media,11,2022,usuario@
RES05581,2023-10-23,Tulum,Cenote Dos Ojos,Grupal,11,0.0,Francia,Español,942.59,10368.49,9.0,4.9,efectivo,Completada,G035,Media,10,2023,cliente6950@yahoo.com
RES01090,2021-12-02,Cozumel,Buceo Arrecife Palancar,Grupal,13,2.0,Colombia,Español,1279.93,17919.02,3.4,3.7,Tarjeta credito,Completada,G009,Alta,12,2021,cliente5704@outlook.com
RES03796,2023-11-22,Cozumel,Snorkel El Cielo,Grupal,16,4.0,Estados Unidos,Ingles,1148.55,20673.9,8.0,3.9,Tarjeta credito,Completada,G004,Media,11,2023,cliente2058@hotmail.com
RES02320,2021-05-17,Bacalar,Laguna de los 7 Colores,Grupal,20,6.0,Mexico,Español,947.84,21800.32,7.1,4.6,,Completada,G021,Media,5,2021,cliente3785@gmail.com
RES02941,2022-03-11,Akumal,Snorkel Tortugas Akumal,Privado,4,1.0,Mexico,,1436.71,6465.19,9.9,1.9,Tarjeta debito,Completada,G019,Alta,3,2022,cliente5941@gmail.com
RES05101,2023-06-04,Cancun,Zona Hotelera Tour,Privado,1,0.0,Estados Unidos,Español,1088.64,1088.64,8.5,3.0,Paypal,Confirmada,G001,Media,6,2023,cliente8163@icloud.com
RES00289,2022-06-09,Akumal,Snorkel Tortugas Akumal,Grupal,19,8.0,Reino Unido,Aleman,806.84,18557.32,8.7,5.0,Transferencia,Completada,G036,Media,6,2022,cliente1627@yahoo.com
RES00931,2023-12-12,Chichen Itza,Valladolid + Chichen Itza,Privado,2,1.0,Alemania,Italiano,2240.55,5601.38,,5.0,Tarjeta debito,Completada,,Alta,12,2023,cliente3764@gmail.com
RES02910,2023-10-07,Holbox,Tour Isla Holbox,Privado,4,2.0,,Español,1459.81,7299.05,8.3,3.7,Tarjeta credito,Completada,G015,Media,10,2023,cliente212@gmail.com
RES03631,2023-07-17,Cancun,Isla Mujeres,Grupal,20,1.0,Estados Unidos,Español,893.69,18320.65,6.9,5.0,Tarjeta credito,Confirmada,G029,Alta,7,2023,cliente7089@outlook.com
RES04685,2023-01-11,Holbox,Tour Isla Holbox,Privado,3,,Argentina,Ingles,1353.29,4736.51,9.5,5.0,Tarjeta credito,Completada,G011,Baja,1,2023,usuario@
RES02885,2022-10-02,Cancun,Isla Mujeres,Grupal,18,8.0,Canada,Frances,784.49,17258.78,5.7,5.0,Tarjeta credito,Completada,G031,Media,10,2022,cliente7986@yahoo.com
RES05348,2022-08-06,Chichen Itza,Chichen Itza + Cenote Ik Kil,Grupal,20,2.0,Mexico,Ingles,1403.35,29470.35,7.2,5.0,Tarjeta credito,Cancelada,G033,Alta,8,2022,cliente4153@outlook.com
RES05630,2021-06-10,Merida,Haciendas del Mayab,Grupal,4,0.0,Estados Unidos,Español,752.33,3009.32,3.9,5.0,Tarjeta credito,Cancelada,G010,Media,6,2021,@dominio.com
RES05479,2022-01-24,Akumal,Cenote Yalku,Privado,-2,0.0,Estados Unidos,Español,1119.73,2239.46,7.4,4.8,Efectivo,Completada,G040,Baja,1,2022,cliente884@gmail.com
RES03001,2022-06-22,Uxmal,Ruta Puuc,Grupal,13,3.0,Suiza,Español,972.67,14103.72,3.3,5.0,Efectivo,Completada,G029,Media,6,2022,@dominio.com
RES04477,2024-03-27,Cancun,Isla Mujeres,Grupal,20,9.0,Mexico,Frances,929.72,22778.14,5.8,4.0,Efectivo,Pendiente,G027,Alta,3,2024,cliente3377@yahoo.com
RES03394,2021-03-07,Uxmal,Uxmal + Kabah,Grupal,20,5.0,Polonia,Español,1150.66,25889.85,,5.0,Tarjeta debito,Completada,G031,Alta,3,2021,cliente3756@yahoo.com
RES05954,2021-10-28,Cancun,Laguna Nichupte,Privado,3,1.0,Italia,Español,1208.72,4230.52,3.9,2.3,Tarjeta credito,Completada,G023,Media,10,2021,cliente8203@hotmail.com
RES00943,2023-09-18,Playa del Carmen,Xcaret,GRUPAL,9,3.0,Estados Unidos,,735.16,7719.18,5.6,4.7,,Completada,G001,Baja,9,2023,cliente7512@icloud.com
RES02355,2022-01-20,Holbox,Tour Isla Holbox,grupal,4,1.0,Estados Unidos,Ingles,978.08,4401.36,8.1,5.0,Efectivo,Confirmada,G014,Baja,1,2022,cliente9230@hotmail.com
RES04793,2023-08-28,Akumal,Cenote Yalku,Grupal,5,2.0,Estados Unidos,Ingles,1033.68,6202.08,5.7,4.9,Tarjeta debito,Completada,G032,Alta,8,2023,cliente327@icloud.com
RES05204,2022-05-30,Uxmal,Ruta Puuc,Privado,2,0.0,Alemania,Español,1565.34,3130.68,3.1,4.3,Tarjeta debito,Completada,G037,Media,5,2022,
RES05628,2022-12-06,Tulum,Ruinas de Tulum,Grupal,8,4.0,Mexico,Español,1057.63,10576.3,4.9,5.0,Efectivo,Completada,G028,Alta,12,2022,cliente5171@icloud.com
RES01699,2021-12-23,Playa del Carmen,Xel-Ha,Privado,1,0.0,Francia,Ingles,1409.57,1409.57,8.6,4.7,Efectivo,Completada,G040,Alta,12,2021,
RES05682,2022-03-26,Playa del Carmen,Xcaret,Grupal,18,2.0,Mexico,Aleman,1093.0,20767.0,4.2,5.0,,Completada,G037,Alta,3,2022,
RES05235,2024-03-20,Chichen Itza,Chichen Itza + Cenote Ik Kil,Grupal,11,3.0,España,Ingles,1392.9,-17411.25,3.7,4.3,Tarjeta credito,Cancelada,G028,Alta,3,2024,cliente1860@gmail.com
RES03591,2024-01-26,Cozumel,Buceo Arrecife Palancar,Grupal,16,6.0,Estados Unidos,Ingles,1025.97,19493.43,8.3,3.7,Efectivo,Completada,G002,Baja,1,2024,cliente3755@hotmail.com
RES04465,2024-02-13,Bacalar,Fuerte de San Felipe,Grupal,16,1.0,Mexico,Italiano,772.83,12751.7,3.1,5.0,Tarjeta debito,Confirmada,G023,Baja,2,2024,cliente1817@yahoo.com
RES04254,2023-02-12,Merida,Izamal + Merida,Grupal,19,1.0,Mexico,Aleman,588.73,11480.24,10.3,2.8,Efectivo,Completada,G003,Baja,2,2023,cliente3428@yahoo.com
RES00986,2023-09-12,Cancun,Zona Hotelera Tour,Grupal,18,6.0,Mexico,Español,636.57,13367.97,6.8,2.4,Efectivo,Completada,G010,Baja,9,2023,cliente3294@hotmail.com
RES05504,2021-05-08,Bacalar,Fuerte de San Felipe,Grupal,9,1.0,Mexico,Italiano,857.63,8147.48,5.9,5.0,Transferencia,Confirmada,G012,Media,5,2021,cliente3056@gmail.com
RES05113,2023-08-28,Playa del Carmen,Xcaret,Grupal,17,6.0,Estados Unidos,Español,998.35,19967.0,9.0,3.9,Tarjeta credito,Completada,G019,Alta,8,2023,cliente4629@gmail.com
RES04978,2021-04-19,Merida,Haciendas del Mayab,Privado,1,0.0,Reino Unido,,1277.11,1277.11,,5.0,,Completada,G027,Alta,4,2021,cliente7693@outlook.com
RES05763,2021-06-30,Cancun,Laguna Nichupte,Privado,3,1.0,Estados Unidos,Frances,1061.57,3715.49,8.5,4.0,Transferencia,Completada,G012,Media,6,2021,cliente1412@icloud.com
RES00982,2021-08-05,Cozumel,Buceo Arrecife Palancar,Grupal,10,1.0,Argentina,Español,1263.02,13261.71,10.1,4.7,Tarjeta debito,Completada,G037,Alta,8,2021,cliente3408@gmail.com
RES03574,2022-11-15,Tulum,Cenote Gran Cenote,Grupal,10,5.0,Estados Unidos,Español,888.28,150000.0,5.0,3.4,Tarjeta credito,Cancelada,G032,Media,11,2022,cliente9164@outlook.com
RES03306,2024-01-01,Merida,Izamal + Merida,Privado,4,0.0,Reino Unido,Español,959.92,3839.68,9.4,3.2,Efectivo,Completada,G038,Baja,1,2024,cliente6049@hotmail.com
RES05493,2022-11-11,Chichen Itza,Chichen Itza + Cenote Ik Kil,Grupal,5,1.0,Estados Unidos,Español,1243.35,6838.42,9.6,4.8,Tarjeta debito,Completada,G024,Media,11,2022,
RES03488,2023-03-27,Playa del Carmen,Quinta Avenida + Cozumel,Grupal,18,9.0,Canada,Portugues,1058.45,23815.12,10.3,5.0,Efectivo,Completada,G018,Alta,3,2023,cliente5509@yahoo.com
RES04323,2024-03-21,Playa del Carmen,Xel-Ha,Grupal,7,3.0,Mexico,Español,981.89,8346.07,5.1,4.8,Tarjeta debito,Completada,G023,Alta,3,2024,cliente2710@outlook.com
RES03729,2021-02-14,Uxmal,Ruta Puuc,Grupal,17,0.0,Mexico,Español,863.72,14683.24,3.6,5.0,Paypal,Completada,,Baja,2,2021,cliente6905@yahoo.com
RES01474,2022-12-18,Cozumel,Buceo Arrecife Palancar,Grupal,19,4.0,Argentina,Frances,1336.51,28066.71,72.0,3.3,Tarjeta debito,Completada,G005,Alta,12,2022,usuario@
RES04579,2021-02-01,Merida,Izamal + Merida,Grupal,6,1.0,Estados Unidos,Portugues,594.1,3861.65,6.2,1.0,Tarjeta credito,Confirmada,G004,Baja,2,2021,cliente7150@yahoo.com
RES03400,2023-12-06,Bacalar,Kayak Canales,PRIVADO,4,1.0,Mexico,Ingles,1543.89,6947.51,4.1,3.8,TARJETA CREDITO,Completada,G033,Alta,12,2023,cliente5197@yahoo.com
RES05086,2023-09-19,Tulum,Sian Ka'an,Grupal,20,3.0,Mexico,Español,837.08,17997.22,2.9,5.0,Tarjeta debito,Completada,G037,Baja,9,2023,cliente6058@yahoo.com
RES01458,2022-11-17,Cancun,Isla Mujeres,Grupal,4,0.0,Estados Unidos,,784.55,3138.2,4.5,3.9,Efectivo,Cancelada,G020,Media,11,2022,cliente1511@hotmail.com
RES01396,2022-08-22,Merida,Centro Historico Merida,Grupal,5,0.0,Francia,Ingles,790.9,3954.5,6.4,5.0,Tarjeta credito,Pendiente,G036,Alta,8,2022,cliente9107@gmail.com
RES00265,2023-12-22,Tulum,Cenote Gran Cenote,Privado,4,1.0,Estados Unidos,Aleman,1650.92,7429.14,10.2,4.9,Efectivo,Completada,G024,Alta,12,2023,cliente4840@hotmail.com
RES02749,2022-09-23,Akumal,Snorkel Tortugas Akumal,Privado,2,1.0,Japon,Ingles,998.08,2495.2,8.7,4.7,Tarjeta debito,Completada,G018,Baja,9,2022,cliente8871@icloud.com
RES03438,2024-01-05,Uxmal,Uxmal + Kabah,Privado,2,1.0,España,Ingles,1182.86,2957.15,3.9,4.1,Tarjeta credito,Cancelada,G011,Baja,1,2024,cliente2229@yahoo.com
RES02693,2021-04-06,Akumal,Snorkel Tortugas Akumal,Grupal,15,3.0,,Español,996.3,16438.95,5.0,4.1,Efectivo,Confirmada,G037,Alta,4,2021,cliente1683@gmail.com
RES03540,2023-08-03,Holbox,Tour Isla Holbox,Privado,1,0.0,Mexico,Español,2056.85,2056.85,8.9,3.7,Efectivo,Completada,G018,Alta,8,2023,cliente5849@gmail.com
RES00930,2024-03-29,Cancun,Isla Mujeres,Grupal,5,1.0,Estados Unidos,Español,989.39,5441.64,4.9,4.3,Transferencia,Confirmada,G019,Alta,3,2024,cliente2619@icloud.com
RES04247,2021-02-23,Tulum,Ruinas de Tulum,Grupal,5,2.0,Estados Unidos,Aleman,872.57,5235.42,8.7,4.4,Transferencia,Completada,G018,Baja,2,2021,cliente3699@hotmail.com
RES03276,2021-10-05,Uxmal,Uxmal + Kabah,Privado,3,1.0,Mexico,Ingles,1459.82,5109.37,3.6,4.1,Efectivo,Completada,G016,Media,10,2021,cliente2224@outlook.com
RES02401,2021-12-10,Tulum,Cenote Dos Ojos,Privado,4,1.0,Francia,Español,1851.01,8329.55,7.6,3.8,Efectivo,Cancelada,,Alta,12,2021,cliente6843@icloud.com
RES02179,2024-01-11,Chichen Itza,Valladolid + Chichen Itza,Grupal,13,5.0,Mexico,Ingles,955.12,14804.36,10.0,3.7,Efectivo,Completada,G026,Baja,1,2024,cliente9085@hotmail.com
RES04703,2021-10-28,Playa del Carmen,Quinta Avenida + Cozumel,Grupal,5,1.0,Brasil,Ingles,840.14,4620.77,3.5,2.7,EFECTIVO,Completada,G024,Media,10,2021,cliente3114@icloud.com
RES00247,2024-03-13,Bacalar,Laguna de los 7 Colores,Grupal,5,1.0,Mexico,Español,,6044.17,6.1,3.0,Paypal,Completada,G022,Alta,3,2024,cliente8122@yahoo.com
RES01595,2023-03-26,Tulum,Cenote Dos Ojos,Grupal,4,2.0,Mexico,Español,1211.52,6057.6,9.8,5.0,Tarjeta credito,Cancelada,G008,Alta,3,2023,cliente1403@outlook.com
RES01759,2021-08-29,Holbox,Tour Isla Holbox,Grupal,6,1.0,Mexico,Español,1240.57,8063.7,7.1,4.7,Tarjeta credito,Completada,G009,Alta,8,2021,cliente7470@yahoo.com
RES05876,2023-12-01,Bacalar,Laguna de los 7 Colores,Grupal,4,2.0,Estados Unidos,Ingles,1079.73,5398.65,4.1,5.0,,Completada,G039,Alta,12,2023,cliente7612@yahoo.com
RES04026,2022-12-16,Merida,Centro Historico Merida,Privado,2,1.0,Estados Unidos,Portugues,1206.1,3015.25,7.4,2.8,Tarjeta credito,Completada,G023,Alta,12,2022,cliente5056@hotmail.com
RES00924,2023-12-13,Uxmal,Ruta Puuc,Grupal,20,7.0,Francia,Español,1314.58,30892.63,2.9,4.1,Efectivo,Completada,G039,Alta,12,2023,cliente1549@gmail.com
RES03366,2024-02-04,Chichen Itza,Valladolid + Chichen Itza,Privado,2,0.0,Argentina,Ingles,1604.22,3208.44,9.4,4.9,Tarjeta debito,Completada,G028,Baja,2,2024,cliente6024@gmail.com
RES00269,2021-02-11,Uxmal,Ruta Puuc,Grupal,6,2.0,Brasil,Aleman,882.85,6179.95,10.2,4.4,Tarjeta credito,Cancelada,G018,Baja,2,2021,cliente9594@gmail.com
RES00670,2024-03-20,Merida,Izamal + Merida,Grupal,13,1.0,Mexico,Portugues,797.51,10766.39,2.7,5.0,Efectivo,Completada,G019,Alta,3,2024,
RES04223,2021-07-24,Holbox,Tour Isla Holbox,Privado,1,0.0,Francia,Ingles,2005.41,2005.41,4.1,4.6,,Completada,G035,Alta,7,2021,cliente281@yahoo.com
RES01911,2021-08-19,Chichen Itza,Valladolid + Chichen Itza,Privado,3,0.0,Italia,Aleman,2096.0,6288.0,4.9,5.0,Transferencia,Completada,G029,Alta,8,2021,cliente2062@gmail.com
RES04919,2022-06-22,Cancun,Isla Mujeres,Grupal,20,6.0,Holanda,Ingles,708.21,16288.83,2.6,5.0,Paypal,Pendiente,G029,Media,6,2022,cliente2443@gmail.com
RES01153,2023-05-22,Akumal,Cenote Yalku,Grupal,11,4.0,Canada,Español,,10652.2,8.5,4.4,Tarjeta debito,Cancelada,,Media,5,2023,cliente2681@gmail.com
RES05541,2021-03-25,Cancun,Snorkel Arrecife,Grupal,15,3.0,Mexico,Español,889.34,14674.11,5.8,5.0,,Completada,G016,Alta,3,2021,cliente8221@hotmail.com
RES04948,2023-12-25,Cancun,Zona Hotelera Tour,Privad0,1,0.0,Estados Unidos,Español,1297.24,1297.24,5.3,1.8,Tarjeta credito,Completada,G032,Alta,12,2023,cliente4384@outlook.com
RES05810,2023-11-22,Merida,Haciendas del Mayab,Privado,1,0.0,Estados Unidos,Español,1075.87,1075.87,8.0,4.1,,Completada,G011,Media,11,2023,usuario.dominio.com
RES04527,2022-09-05,Playa del Carmen,Quinta Avenida + Cozumel,Grupal,6,2.0,Mexico,Ingles,763.66,5345.62,,,Efectivo,Completada,G023,Baja,9,2022,cliente4684@gmail.com
RES02697,2022-02-11,Cancun,Zona Hotelera Tour,Privado,3,1.0,Alemania,Español,942.74,3299.59,6.8,4.8,Tarjeta debito,Completada,G015,Baja,2,2022,cliente7952@gmail.com
RES02592,2022-10-03,Holbox,Punta Mosquito,Grupal,14,4.0,,Español,1133.18,18130.88,4.4,4.8,Efectivo,Completada,G006,Media,10,2022,cliente7261@outlook.com
RES05102,2024-03-13,Holbox,Tour Isla Holbox,Grupal,18,2.0,Estados Unidos,Ingles,1351.54,25679.26,7.1,3.7,Efectivo,Completada,G031,Alta,3,2024,cliente1420@yahoo.com
RES01782,2022-10-28,Merida,Haciendas del Mayab,Privado,3,1.0,,Español,1111.5,3890.25,7.0,4.7,Efectivo,Completada,G017,Media,10,2022,cliente7816@hotmail.com
RES02414,2022-09-27,Cozumel,Tour Isla Cozumel,Grupal,10,1.0,Estados Unidos,Ingles,882.42,9265.41,8.9,4.8,Paypal,Completada,G011,Baja,9,2022,cliente796@hotmail.com
RES03014,2021-11-21,Cozumel,Buceo Arrecife Palancar,Grupal,8,2.0,,Español,1116.67,10050.03,3.2,5.0,Tarjeta debito,Confirmada,G027,Media,11,2021,cliente5728@yahoo.com
RES05270,2022-05-04,Merida,Centro Historico Merida,Grupal,17,1.0,Francia,Italiano,703.21,12306.18,10.3,3.7,Tarjeta debito,Pendiente,G008,Media,5,2022,cliente8740@icloud.com
RES02308,2023-07-24,Merida,Centro Historico Merida,Privado,3,,Estados Unidos,Frances,1213.36,3640.08,6.8,4.7,Tarjeta credito,Completada,G019,Alta,7,2023,
RES04405,2023-11-26,Chichen Itza,Chichen Itza + Cenote Ik Kil,Privado,1,0.0,España,Frances,1856.55,1856.55,4.9,3.2,Tarjeta credito,Confirmada,G016,Media,11,2023,cliente2185@hotmail.com
RES00688,25/12/2023,Chichen Itza,Valladolid + Chichen Itza,Grupal,4,2.0,Estados Unidos,Español,1486.18,7430.9,3.5,4.2,Efectivo,Completada,G009,Alta,12,2023,cliente5041@outlook.com
RES01916,2022-05-04,Merida,Haciendas del Mayab,Privado,4,2.0,Estados Unidos,Español,1041.57,5207.85,3.3,4.4,Efectivo,Completada,,Media,5,2022,cliente1581@gmail.com
RES05681,2023-04-13,Cozumel,Buceo Arrecife Palancar,Privado,4,2.0,España,Español,2078.23,10391.15,4.9,1.0,Tarjeta credito,Pendiente,G011,Alta,4,2023,cliente5617@hotmail.com
RES00613,2023-04-08,Cancun,Snorkel Arrecife,Grupal,13,0.0,Estados Unidos,Español,937.29,12184.77,3.3,4.7,Paypal,Completada,G023,Alta,4,2023,cliente3048@hotmail.com
RES03072,2022-01-09,Tulum,Cenote Dos Ojos,Grupal,4,2.0,Estados Unidos,Español,870.06,4350.3,7.1,5.0,Efectivo,Completada,G014,Baja,1,2022,cliente6005@outlook.com
RES04955,2021-06-21,Cancun,Laguna Nichupte,Grupal,5,1.0,Italia,Portugues,804.11,4422.61,5.4,4.8,Paypal,Completada,G010,Media,6,2021,cliente6382@gmail.com
RES02268,2022-08-19,Bacalar,Fuerte de San Felipe,Grupal,16,3.0,Mexico,Ingles,1078.62,18875.85,10.4,2.9,Paypal,Completada,,Alta,8,2022,cliente5330@icloud.com
RES05790,2022-09-20,Chichen Itza,Valladolid + Chichen Itza,Grupal,20,9.0,Alemania,Español,1120.16,27443.92,8.2,4.7,Tarjeta credito,Completada,G040,Baja,9,2022,cliente5336@gmail.com
RES02534,2024-01-21,Uxmal,Ruta Puuc,Grupal,20,5.0,Mexico,Aleman,875.66,19702.35,6.8,4.0,Efectivo,Completada,G032,Baja,1,2024,cliente3760@outlook.com
RES00040,2023-03-28,Cancun,Snorkel Arrecife,Privado,2,1.0,,Español,1321.49,3303.72,8.0,3.8,Tarjeta credito,Confirmada,G003,Alta,3,2023,cliente3871@yahoo.com
RES01899,2021-05-09,Cozumel,Snorkel El Cielo,Grupal,18,9.0,Argentina,Español,1170.14,26328.15,10.1,3.0,Efectivo,Pendiente,G012,Media,5,2021,cliente7984@icloud.com
RES01650,2022-03-25,Bacalar,Laguna de los 7 Colores,Grupal,4,2.0,Mexico,Español,1022.77,5113.85,7.8,5.0,Tarjeta credito,Completada,G003,Alta,3,2022,
RES03517,2024-02-24,Akumal,Snorkel Tortugas Akumal,Privado,1,0.0,Estados Unidos,Frances,1035.65,1035.65,8.2,,,Completada,G002,Baja,2,2024,cliente4084@icloud.com
RES00259,2023-04-23,Tulum,Cenote Gran Cenote,Grupal,16,2.0,Estados Unidos,Español,,17993.65,7.3,3.6,Transferencia,Completada,G001,Alta,4,2023,
RES02925,2022-08-22,Merida,Centro Historico Merida,Grupal,12,1.0,Colombia,Italiano,819.22,10240.25,7.9,3.7,Tarjeta credito,Pendiente,G014,Alta,8,2022,cliente7107@yahoo.com
RES02435,2023-02-11,Uxmal,Uxmal + Kabah,Grupal,8,3.0,Brasil,Español,,8173.23,,5.0,Efectivo,Completada,G016,Baja,2,2023,cliente9062@icloud.com
RES00848,2022-01-12,Tulum,Cenote Dos Ojos,Grupal,20,3.0,Estados Unidos,Ingles,835.61,17965.62,10.2,5.0,Paypal,Completada,,Baja,1,2022,cliente3837@yahoo.com
RES02823,2022-09-13,Akumal,Cenote Yalku,Grupal,12,0.0,Canada,Frances,647.74,7772.88,3.0,3.9,Paypal,Completada,G006,Baja,9,2022,cliente5612@icloud.com
RES04428,2021-04-27,Bacalar,Kayak Canales,Grupal,19,7.0,Suecia,Ingles,1057.15,23785.88,6.6,2.9,Tarjeta credito,Completada,G038,Alta,4,2021,cliente8705@hotmail.com
RES05114,2021-11-18,Merida,Izamal + Merida,Grupal,16,1.0,Holanda,Ingles,750.01,12375.16,3.1,4.9,Tarjeta debito,Confirmada,G040,Media,11,2021,us er@gmail.com
RES04004,2023-05-21,Merida,Centro Historico Merida,Privado,2,,,Español,1068.27,2670.68,3.7,3.6,Paypal,Completada,G025,Media,5,2023,cliente767@hotmail.com
RES05022,2023-06-29,Akumal,Snorkel Tortugas Akumal,Privado,4,1.0,Brasil,Ingles,1184.67,5331.02,3.7,3.8,Tarjeta credito,Completada,G023,Media,6,2023,cliente2460@gmail.com
RES01234,23/02/2021,Tulum,Cenote Dos Ojos,Grupal,20,9.0,Estados Unidos,Español,873.47,21400.01,4.2,5.0,Transferencia,Completada,G019,Baja,2,2021,cliente9955@hotmail.com
RES01128,2023-12-07,Holbox,Tour Isla Holbox,Grupal,5,2.0,Colombia,Italiano,1237.68,7426.08,5.5,3.8,Tarjeta debito,Completada,G023,Alta,12,2023,cliente6864@gmail.com
RES03535,2021-05-31,Bacalar,Fuerte de San Felipe,Grupal,16,7.0,Francia,Portugues,953.21,18587.6,4.1,5.0,Paypal,Completada,G011,Media,5,2021,cliente6728@gmail.com
RES01968,2022-06-22,Tulum,Sian Ka'an,Grupal,18,4.0,Argentina,Ingles,959.44,19188.8,7.1,4.4,Tarjeta credito,Completada,G004,Media,6,2022,cliente7821@hotmail.com
RES00559,2023-06-13,Cozumel,Tour Isla Cozumel,Grupal,4,0.0,Japon,Aleman,1056.53,4226.12,9.4,4.8,Efectivo,Completada,G026,Media,6,2023,cliente2824@yahoo.com
RES00905,2023-01-24,Bacalar,Laguna de los 7 Colores,Grupal,12,0.0,Mexico,Ingles,824.34,9892.08,4.2,2.6,Transferencia,Completada,G017,Baja,1,2023,cliente8276@hotmail.com
RES02615,2023-11-26,Akumal,Cenote Yalku,Privado,2,1.0,Mexico,Ingles,1221.8,3054.5,,5.0,Tarjeta debito,Completada,G004,Media,11,2023,cliente6208@outlook.com
RES03144,2022-11-02,Merida,Izamal + Merida,Grupal,7,0.0,Canada,Español,740.76,5185.32,8.6,1.2,Tarjeta debito,Completada,G025,Media,11,2022,cliente5045@yahoo.com
RES00485,2021-08-15,Bacalar,Kayak Canales,Grupal,18,6.0,Argentina,,1091.61,22923.81,7.7,2.2,Tarjeta credito,Cancelada,G002,Alta,8,2021,cliente9759@outlook.com
RES02212,2022-12-22,Akumal,Cenote Yalku,Grupal,10,0.0,Reino Unido,Español,894.21,8942.1,7.9,,Efectivo,Completada,G006,Alta,12,2022,cliente8410@icloud.com
RES01321,2023-05-25,Cancun,Snorkel Arrecife,Privado,2,0.0,Mexico,Frances,1229.01,2458.02,4.6,,Efectivo,Completada,G018,Media,5,2023,cliente7700@yahoo.com
RES03376,2022-04-19,Uxmal,Uxmal + Kabah,Grupal,11,2.0,Alemania,Español,1199.39,14392.68,6.9,4.4,Efectivo,Cancelada,G022,Alta,4,2022,cliente2934@icloud.com
RES02556,2024-01-28,Tulum,Cenote Dos Ojos,Privado,2,0.0,España,Ingles,1136.49,2272.98,7.6,,Tarjeta credito,Completada,G035,Baja,1,2024,cliente8140@icloud.com
RES00008,2021-09-14,Chichen Itza,Chichen Itza + Cenote Ik Kil,Privado,2,0.0,Mexico,Italiano,1542.01,3084.02,4.7,2.7,Paypal,Completada,G039,Baja,9,2021,cliente5747@outlook.com
RES02316,2023-03-16,Bacalar,Laguna de los 7 Colores,Privado,4,1.0,Estados Unidos,Español,1576.22,7092.99,10.5,5.0,,Completada,,Alta,3,2023,cliente1400@hotmail.com
RES05108,2023-09-03,Holbox,Avistamiento Tiburon Ballena,Privado,1,0.0,Alemania,Ingles,1266.96,1266.96,7.1,4.7,Efectivo,Completada,G002,Baja,9,2023,cliente3946@hotmail.com
RES04411,2021-10-17,Chichen Itza,Chichen Itza + Cenote Ik Kil,Grupal,7,2.0,Colombia,Frances,1132.93,9063.44,9.0,5.0,Tarjeta credito,Completada,,Media,10,2021,cliente395@gmail.com
RES05658,2022-11-08,Chichen Itza,Chichen Itza + Cenote Ik Kil,Grupal,16,6.0,Holanda,Ingles,1303.23,24761.37,7.2,5.0,Tarjeta credito,Completada,G039,Media,11,2022,cliente2565@icloud.com
RES05300,2023-01-15,Chichen Itza,Chichen Itza + Cenote Ik Kil,Grupal,7,2.0,Mexico,Ingles,1024.19,8193.52,8.7,1.9,Efectivo,Completada,G032,Baja,1,2023,cliente1184@gmail.com
RES01451,2021-11-27,Cozumel,Snorkel El Cielo,Privado,4,0.0,Brasil,Español,1754.63,7018.52,5.6,3.8,Efectivo,Confirmada,G039,Media,11,2021,
RES01202,2023-10-26,Holbox,Punta Mosquito,Grupal,11,2.0,Argentina,Español,1086.68,13040.16,3.8,4.8,Transferencia,Cancelada,G039,Media,10,2023,cliente8004@icloud.com
RES02427,2022-03-08,Uxmal,Ruta Puuc,Privado,1,0.0,Mexico,Español,1747.13,1747.13,10.0,4.0,Tarjeta credito,Confirmada,G023,Alta,3,2022,cliente3226@icloud.com
RES02649,2021-05-17,Tulum,Sian Ka'an,Privado,2,0.0,Italia,Ingles,1352.12,2704.24,6.6,2.9,Efectivo,Completada,G002,Media,5,2021,cliente7961@gmail.com
RES01815,2021-07-05,Cancun,Snorkel Arrecife,Privado,2,0.0,Mexico,Italiano,1360.15,2720.3,9.9,4.2,Efectivo,Completada,G016,Alta,7,2021,cliente2261@gmail.com
RES02727,2022-03-07,Playa del Carmen,Quinta Avenida + Cozumel,Privado,1,0.0,Estados Unidos,Ingles,1518.63,1518.63,6.3,1.0,Tarjeta credito,Completada,G021,Alta,3,2022,cliente4266@yahoo.com
RES00774,2021-12-23,Chichen Itza,Chichen Itza + Cenote Ik Kil,Grupal,11,4.0,Colombia,Portugues,1583.87,20590.31,9.8,5.0,Tarjeta credito,Completada,G023,Alta,12,2021,cliente794@yahoo.com
RES02275,2022-06-04,Bacalar,Kayak Canales,Privado,1,0.0,Mexico,Ingles,1258.35,500000.0,5.7,3.9,Paypal,Completada,G023,Media,6,2022,cliente8462@outlook.com
RES01012,2022-01-31,Holbox,Avistamiento Tiburon Ballena,Grupal,15,7.0,Mexico,Ingles,852.45,15770.33,10.3,4.9,Efectivo,Completada,G010,Baja,1,2022,
RES04040,2022-04-04,Uxmal,Ruta Puuc,Grupal,-18,0.0,Canada,Español,1257.7,22638.6,7.6,5.0,Tarjeta debito,Completada,G017,Alta,4,2022,cliente8410@gmail.com
RES05368,2023-12-11,,Ruinas de Tulum,Grupal,10,4.0,Canada,Ingles,1066.07,12792.84,7.2,4.0,Efectivo,Cancelada,G011,Alta,12,2023,cliente4036@icloud.com
RES01992,2024-02-23,Merida,Centro Historico Merida,Grupal,15,3.0,Italia,Portugues,594.56,9810.24,8.5,4.8,Tarjeta credito,Completada,G007,Baja,2,2024,cliente8926@gmail.com
RES01278,2021-03-18,Merida,Haciendas del Mayab,Grupal,17,2.0,Estados Unidos,Ingles,894.14,16094.52,5.8,4.0,Paypal,Completada,G027,Alta,3,2021,
RES01784,2024-02-09,Playa del Carmen,Quinta Avenida + Cozumel,Grupal,18,2.0,Reino Unido,Portugues,734.08,13947.52,3.0,4.7,,Completada,G003,Baja,2,2024,cliente9344@yahoo.com
RES04280,2022-09-23,Holbox,Avistamiento Tiburon Ballena,Privado,2,1.0,Estados Unidos,Ingles,1290.11,3225.27,7.4,5.0,Tarjeta debito,Completada,G018,Baja,9,2022,cliente317@gmail.com
RES00447,2023-01-03,Akumal,Cenote Yalku,Grupal,14,4.0,Mexico,Ingles,716.51,11464.16,8.0,5.0,Tarjeta debito,Completada,G020,Baja,1,2023,cliente6623@hotmail.com
RES00881,2023-08-07,Playa del Carmen,Quinta Avenida + Cozumel,Privado,1,0.0,Estados Unidos,Español,1489.86,1489.86,7.2,4.7,efectivo,Confirmada,G020,Alta,8,2023,cliente1675@gmail.com
RES04101,2024-01-04,Cancun,Zona Hotelera Tour,Grupal,8,1.0,Mexico,Frances,684.01,5814.09,6.4,4.1,Tarjeta debito,Confirmada,G015,Baja,1,2024,cliente7737@outlook.com
RES05381,2023-02-27,Tulum,Sian Ka'an,Privado,1,0.0,Estados Unidos,Español,1249.74,1249.74,9.9,4.2,Tarjeta debito,Completada,G007,Baja,2,2023,cliente9131@yahoo.com
RES02728,2023-02-02,Chichen Itza,Valladolid + Chichen Itza,Grupal,11,,Belgica,Español,964.82,13025.07,,4.6,,Pendiente,G028,Baja,2,2023,cliente8939@hotmail.com
RES03049,2021-03-25,Cozumel,Tour Isla Cozumel,Grupal,11,5.0,Suecia,Ingles,1274.25,17202.38,7.8,4.0,Tarjeta debito,Pendiente,G034,Alta,3,2021,usuario@
RES00782,2021-04-10,Cozumel,Snorkel El Cielo,Privado,2,0.0,Francia,Aleman,1900.56,3801.12,4.8,5.0,Paypal,Completada,G034,Alta,4,2021,cliente5144@hotmail.com
RES02652,2022-05-22,Cozumel,Buceo Arrecife Palancar,Privado,1,0.0,Japon,Italiano,1671.24,1671.24,5.0,3.8,Tarjeta credito,Completada,G037,Media,5,2022,cliente2226@yahoo.com
RES05867,2023-03-17,Tulum,Cenote Dos Ojos,Grupal,18,6.0,Argentina,Italiano,1206.97,25346.37,9.2,5.0,Efectivo,Completada,G034,Alta,3,2023,cliente3517@outlook.com
RES01750,2021-10-26,Chichen Itza,Chichen Itza + Cenote Ik Kil,Grupal,13,5.0,,Ingles,1276.7,19788.85,4.8,4.8,Tarjeta debito,Completada,G013,Media,10,2021,cliente6970@hotmail.com
RES02127,2024-01-25,Uxmal,Ruta Puuc,Privado,2,0.0,Mexico,Ingles,99999.0,2465.4,,4.6,Paypal,Completada,G002,Baja,1,2024,cliente2612@hotmail.com
RES03723,2022-03-04,Akumal,Snorkel Tortugas Akumal,Privado,3,1.0,Estados Unidos,Italiano,1532.07,5362.24,4.2,4.7,Tarjeta debito,Pendiente,G010,Alta,3,2022,cliente3751@yahoo.com
RES02792,2021-05-02,Bacalar,Kayak Canales,Privado,1,0.0,Mexico,Ingles,1473.89,1473.89,5.2,4.8,Tarjeta debito,Completada,G014,Media,5,2021,cliente7347@yahoo.com
RES02424,2021-11-12,Cozumel,Snorkel El Cielo,Grupal,7,3.0,Reino Unido,Ingles,1108.03,9418.25,4.5,5.0,Crypto,Completada,G016,Media,11,2021,cliente6270@yahoo.com
RES05897,2021-06-13,Bacalar,Kayak Canales,Grupal,8,1.0,Mexico,Español,870.91,7402.73,3.9,5.0,,Pendiente,G019,Media,6,2021,cliente3830@hotmail.com
RES05199,2021-12-22,Cancun,Isla Mujeres,Grupal,16,7.0,Mexico,Español,846.56,16507.92,3.7,4.7,Efectivo,Cancelada,G020,Alta,12,2021,cliente9597@outlook.com
RES00884,2023-10-21,Holbox,Avistamiento Tiburon Ballena,Grupal,5,1.0,Estados Unidos,Español,1099.32,6046.26,,4.6,,Completada,G012,Media,10,2023,cliente1411@outlook.com
RES03401,2023-08-20,Uxmal,Uxmal + Kabah,Privado,3,1.0,Brasil,Español,1959.38,6857.83,10.5,3.0,Efectivo,Completada,G016,Alta,8,2023,cliente9528@hotmail.com
RES01092,2023-03-16,Akumal,Cenote Yalku,Grupal,17,4.0,Canada,Español,1016.82,19319.58,9.9,4.9,Efectivo,Completada,G006,Alta,3,2023,cliente3877@icloud.com
RES04368,2022-01-01,Holbox,Avistamiento Tiburon Ballena,Grupal,9,2.0,Italia,Español,896.26,8962.6,9.2,4.3,Transferencia,Completada,G004,Baja,1,2022,cliente1359@yahoo.com
RES04759,2023-11-13,Merida,Centro Historico Merida,Privado,3,0.0,Francia,Español,1120.81,3362.43,3.3,1.3,Tarjeta credito,Confirmada,G028,Media,11,2023,cliente3720@outlook.com
RES00532,2023-07-18,Merida,Izamal + Merida,Privado,3,1.0,Estados Unidos,Ingles,1271.6,4450.6,5.7,5.0,Transferencia,Pendiente,G006,Alta,7,2023,cliente3706@gmail.com
RES04129,2023-02-04,Cozumel,Buceo Arrecife Palancar,Grupal,12,5.0,Estados Unidos,Ingles,935.43,13563.73,7.3,2.9,Crypto,Completada,G003,Baja,2,2023,cliente9871@gmail.com
RES02439,2022-04-22,Merida,Haciendas del Mayab,Privado,3,0.0,Mexico,Ingles,1306.03,3918.09,6.8,5.0,Paypal,Completada,G006,Alta,4,2022,cliente202@icloud.com
RES04891,2023-12-30,Holbox,Punta Mosquito,Grupal,9,1.0,Canada,Ingles,1160.12,11021.14,72.0,4.0,Tarjeta credito,Completada,G018,Alta,12,2023,cliente3485@gmail.com
RES04442,2024-02-02,Uxmal,Uxmal + Kabah,Grupal,12,5.0,Mexico,Español,913.45,13245.03,8.5,4.3,Efectivo,Completada,G013,Baja,2,2024,cliente5863@outlook.com
RES04005,2022-07-22,Tulum,Sian Ka'an,Grupal,13,5.0,Belgica,Ingles,,16394.81,7.7,4.3,Tarjeta credito,Completada,G021,Alta,7,2022,cliente2041@hotmail.com
RES04940,2022-10-16,Cozumel,Buceo Arrecife Palancar,Grupal,10,,Estados Unidos,Español,1081.73,12980.76,4.4,2.2,Tarjeta credito,Completada,G027,Media,10,2022,cliente211@gmail.com
RES02291,2021-03-01,Chichen Itza,Chichen Itza + Cenote Ik Kil,Privado,2,1.0,Mexico,Portugues,2220.49,5551.22,5.8,5.0,Paypal,Pendiente,G034,Alta,3,2021,cliente5875@icloud.com
RES01728,2021-06-21,Playa del Carmen,Xel-Ha,Privado,4,0.0,Estados Unidos,Español,1208.87,4835.48,6.4,3.7,Transferencia,Completada,G015,Media,6,2021,cliente3709@outlook.com
RES00611,2022-08-13,Tulum,Ruinas de Tulum,Privado,3,0.0,Estados Unidos,Italiano,1650.13,4950.39,7.4,3.7,Efectivo,Completada,G007,Alta,8,2022,cliente5386@hotmail.com
RES00571,2022-06-01,Bacalar,Laguna de los 7 Colores,Privado,1,0.0,,Ingles,1262.37,1262.37,8.7,5.0,Tarjeta debito,Completada,G031,Media,6,2022,cliente3752@yahoo.com
RES03822,2022-01-09,Holbox,Tour Isla Holbox,Grupal,6,3.0,Mexico,Frances,911.42,6835.65,3.7,4.3,Tarjeta credito,Completada,G028,Baja,1,2022,cliente4157@hotmail.com
RES01318,2021-09-08,Cancun,Isla Mujeres,grupal,4,1.0,Estados Unidos,Ingles,598.8,2694.6,9.1,4.2,Tarjeta credito,Confirmada,G026,Baja,9,2021,cliente8015@icloud.com
RES00344,2021-05-27,Tulum,Ruinas de Tulum,Grupal,15,,Mexico,Ingles,881.09,13216.35,5.9,3.7,Efectivo,Completada,G015,Media,5,2021,cliente3840@hotmail.com
RES00588,2022-05-16,Uxmal,Uxmal + Kabah,Privado,2,1.0,Francia,Español,1474.09,3685.22,4.3,4.2,Paypal,Pendiente,G021,Media,5,2022,cliente1937@gmail.com
RES04706,2022-03-09,Cancun,Laguna Nichupte,Privado,2,0.0,Estados Unidos,Ingles,1436.43,2872.86,6.5,3.1,Tarjeta credito,Confirmada,G037,Alta,3,2022,sinArroba.com
RES00637,2021-02-14,Tulum,Sian Ka'an,Grupal,14,1.0,Francia,Portugues,816.28,11836.06,8.4,4.8,Paypal,Completada,G012,Baja,2,2021,cliente6422@icloud.com
RES00435,2021-08-11,Chichen Itza,Chichen Itza + Cenote Ik Kil,Grupal,9,4.0,Estados Unidos,Español,1529.44,16823.84,9.7,2.9,Tarjeta credito,Completada,G020,Alta,8,2021,cliente5122@gmail.com
RES01904,2021-06-27,Akumal,Snorkel Tortugas Akumal,Grupal,14,7.0,Mexico,Español,772.81,13524.17,4.9,4.3,Tarjeta credito,Completada,G036,Media,6,2021,us er@gmail.com
RES00098,2022-06-16,Merida,Centro Historico Merida,Grupal,5,2.0,Mexico,Ingles,766.11,4596.66,5.2,5.0,Tarjeta credito,Completada,G023,Media,6,2022,
RES03219,2023-10-24,Uxmal,Ruta Puuc,Grupal,7,2.0,Japon,Ingles,961.19,7689.52,3.1,1.0,Efectivo,Completada,G009,Media,10,2023,cliente8588@outlook.com
RES03471,2022-01-03,Cozumel,Snorkel El Cielo,Privado,1,0.0,Francia,Ingles,1310.35,1310.35,4.6,3.4,Tarjeta debito,Completada,G036,Baja,1,2022,cliente1037@hotmail.com
RES03425,2022-02-09,Bacalar,Fuerte de San Felipe,Grupal,17,2.0,Canada,Frances,781.11,14059.98,5.4,5.0,Tarjeta credito,Completada,G021,Baja,2,2022,cliente302@outlook.com
RES05750,2021-06-11,Cozumel,Buceo Arrecife Palancar,Privado,1,0.0,Estados Unidos,Español,1656.0,1656.0,3.3,4.3,Tarjeta debito,Completada,G026,Media,6,2021,cliente4575@hotmail.com
RES02070,2022-06-14,Holbox,Avistamiento Tiburon Ballena,Privado,4,,Japon,Italiano,1500.98,6754.41,10.3,4.1,Paypal,Confirmada,G033,Media,6,2022,cliente5056@yahoo.com
RES01538,2024-03-19,Playa del Carmen,Quinta Avenida + Cozumel,Grupal,7,2.0,,Español,971.39,7771.12,6.8,5.0,Efectivo,Completada,G031,Alta,3,2024,sinArroba.com
RES03248,2022-12-05,Cancun,Zona Hotelera Tour,Privado,2,0.0,Mexico,,1452.66,2905.32,2.7,2.0,Transferencia,Completada,G035,Alta,12,2022,cliente6765@hotmail.com
RES04160,2023-01-18,Merida,Izamal + Merida,Grupal,13,1.0,Estados Unidos,Ingles,,7402.05,,3.3,Tarjeta debito,Completada,G008,Baja,1,2023,cliente9188@icloud.com
RES05580,2021-12-25,Holbox,Tour Isla Holbox,Grupal,7,0.0,,Español,1309.39,9165.73,3.4,5.0,Paypal,Completada,G027,Alta,12,2021,cliente7068@outlook.com
RES03367,2022-08-02,Playa del Carmen,Xcaret,Grupal,15,7.0,Mexico,Español,1113.35,20596.97,2.8,2.8,Tarjeta credito,Completada,G012,Alta,8,2022,cliente6914@outlook.com
RES01518,2023-09-14,Akumal,Snorkel Tortugas Akumal,Grupal,20,7.0,Estados Unidos,Español,670.8,15763.8,5.7,3.7,Efectivo,Completada,G015,Baja,9,2023,cliente9892@gmail.com
RES00966,2023-12-16,Tulum,Cenote Gran Cenote,Grupal,14,2.0,Mexico,Español,1197.03,17955.45,,5.0,Transferencia,Completada,G004,Alta,12,2023,cliente9079@yahoo.com
RES05308,2023-11-16,Merida,Centro Historico Merida,Grupal,10,3.0,Estados Unidos,Frances,727.22,8363.03,9.4,2.1,Tarjeta credito,Completada,G040,Media,11,2023,cliente5102@outlook.com
RES00529,2022-07-24,Tulum,Sian Ka'an,Grupal,15,5.0,Mexico,Ingles,1123.99,19669.83,5.9,3.6,Tarjeta debito,Completada,G016,Alta,7,2022,cliente520@outlook.com
RES00177,2021-11-23,Holbox,Punta Mosquito,Grupal,6,3.0,Estados Unidos,Español,1006.75,7550.62,4.0,5.0,Tarjeta credito,Completada,G007,Media,11,2021,cliente1332@icloud.com
RES02471,2022-01-24,Cancun,Zona Hotelera Tour,Privado,3,0.0,Francia,Español,999.68,2999.04,8.1,3.8,Efectivo,Confirmada,G026,Baja,1,2022,cliente8246@gmail.com
RES05561,2022-10-20,Playa del Carmen,Xel-Ha,Grupal,4,2.0,Estados Unidos,Portugues,914.31,4571.55,4.7,4.8,Tarjeta credito,Completada,G029,Media,10,2022,cliente7303@icloud.com
RES05193,2023-06-15,Tulum,Cenote Dos Ojos,Grupal,4,0.0,Estados Unidos,Portugues,947.76,3791.04,4.7,5.0,Tarjeta debito,Completada,G012,Media,6,2023,cliente9490@hotmail.com
RES03002,2023-05-01,Playa del Carmen,Quinta Avenida + Cozumel,Grupal,16,3.0,Mexico,,899.11,15734.43,8.5,5.0,Tarjeta debito,Cancelada,,Media,5,2023,cliente7579@hotmail.com
RES05164,2023-05-02,Uxmal,Uxmal + Kabah,Grupal,18,7.0,Estados Unidos,Ingles,1010.8,21732.2,3.6,4.3,Tarjeta debito,Completada,G035,Media,5,2023,cliente2874@gmail.com
RES00573,2022-03-18,Bacalar,Fuerte de San Felipe,Grupal,20,2.0,Mexico,Italiano,1017.04,21357.84,8.5,4.2,,Pendiente,G021,Alta,3,2022,cliente5150@outlook.com
RES03309,2023-08-11,Akumal,Cenote Yalku,Grupal,10,2.0,Estados Unidos,Español,920.72,10127.92,3.8,4.8,Transferencia,Pendiente,G012,Alta,8,2023,cliente1964@gmail.com
RES00593,2022-01-27,Merida,Centro Historico Merida,Grupal,5,2.0,Francia,Español,617.52,3705.12,5.4,4.7,Efectivo,Completada,G023,Baja,1,2022,cliente934@hotmail.com
RES05004,2023-06-21,Holbox,Avistamiento Tiburon Ballena,Grupal,11,0.0,Alemania,Frances,1126.78,12394.58,3.8,1.0,Transferencia,Confirmada,G039,Media,6,2023,cliente8782@outlook.com
RES03063,2023-03-03,Chichen Itza,Chichen Itza + Cenote Ik Kil,Privado,4,0.0,Mexico,Ingles,2221.41,8885.64,8.0,5.0,Tarjeta credito,Completada,G033,Alta,3,2023,cliente6486@yahoo.com
RES03528,2022-05-30,Cancun,Zona Hotelera Tour,Privado,3,1.0,Mexico,Español,1065.3,3728.55,8.2,4.0,Efectivo,Completada,G011,Media,5,2022,
RES02375,2023-03-30,Playa del Carmen,Quinta Avenida + Cozumel,Grupal,7,3.0,Mexico,Español,980.21,8331.78,4.4,5.0,,Completada,G028,Alta,3,2023,cliente4627@yahoo.com
RES03065,2021-12-07,Chichen Itza,Chichen Itza + Cenote Ik Kil,Grupal,14,5.0,Estados Unidos,Ingles,1400.13,23102.15,,5.0,Tarjeta credito,Cancelada,G025,Alta,12,2021,cliente6266@gmail.com
RES05663,2021-12-20,Uxmal,Ruta Puuc,Grupal,17,8.0,Estados Unidos,Ingles,1211.26,25436.46,7.6,4.7,Efectivo,Completada,G016,Alta,12,2021,cliente7090@yahoo.com
RES04359,2022-07-18,Merida,Haciendas del Mayab,Grupal,15,4.0,Mexico,Ingles,909.34,15458.78,4.3,4.9,Efectivo,Completada,G017,Alta,7,2022,cliente5639@hotmail.com
RES05828,2024-03-12,Bacalar,Laguna de los 7 Colores,Grupal,7,1.0,Mexico,Ingles,,8543.48,3.2,3.6,Tarjeta credito,Completada,G003,Alta,3,2024,cliente6191@hotmail.com
RES02209,2021-06-20,Uxmal,Ruta Puuc,Grupal,7,3.0,Francia,Italiano,935.89,7955.06,2.8,5.0,,Completada,G040,Media,6,2021,cliente7850@outlook.com
RES05232,2024-03-11,Cancun,Snorkel Arrecife,Grupal,10,1.0,Argentina,Español,957.84,10057.32,8.3,5.0,Tarjeta credito,Pendiente,G023,Alta,3,2024,cliente7178@yahoo.com
RES02493,2022-07-14,Akumal,Snorkel Tortugas Akumal,Privado,3,,,Ingles,1446.62,5063.17,7.3,3.9,Tarjeta debito,Completada,G027,Alta,7,2022,cliente6632@icloud.com
RES03951,2023-04-14,Uxmal,Uxmal + Kabah,Grupal,7,,Francia,Frances,1173.83,8803.72,9.1,,Tarjeta debito,Completada,G030,Alta,4,2023,cliente3938@outlook.com
RES00384,2021-02-02,Chichen Itza,Valladolid + Chichen Itza,Privado,3,0.0,Estados Unidos,Español,1410.02,4230.06,8.2,3.3,Efectivo,Completada,G030,Baja,2,2021,us er@gmail.com
RES00853,2021-08-04,Holbox,Tour Isla Holbox,Grupal,10,2.0,Estados Unidos,Aleman,1290.78,14198.58,4.1,4.2,Efectivo,Completada,G007,Alta,8,2021,cliente8900@outlook.com
RES01881,2022-06-24,Uxmal,Uxmal + Kabah,Privado,4,1.0,Reino Unido,Ingles,1453.05,6538.72,4.3,3.7,Tarjeta credito,Completada,G024,Media,6,2022,usuario.dominio.com
RES00371,2023-01-16,Holbox,Avistamiento Tiburon Ballena,Grupal,7,2.0,Argentina,Portugues,921.43,7371.44,5.2,1.0,Tarjeta debito,Cancelada,G020,Baja,1,2023,cliente9355@icloud.com
RES03407,2022-08-09,Cozumel,Snorkel El Cielo,Privado,2,1.0,Alemania,Ingles,2060.33,5150.82,2.8,5.0,Tarjeta debito,Completada,G036,Alta,8,2022,cliente9617@outlook.com
RES04258,2022-03-07,Holbox,Avistamiento Tiburon Ballena,Grupal,18,2.0,Brasil,Ingles,1293.25,24571.75,5.3,3.0,Transferencia,Completada,G022,Alta,3,2022,cliente4379@gmail.com
RES05236,2023-10-09,Chichen Itza,Valladolid + Chichen Itza,Privado,3,1.0,,Español,1770.14,6195.49,6.0,5.0,Transferencia,Completada,G035,Media,10,2023,cliente4890@yahoo.com
RES05201,2021-07-20,Merida,Izamal + Merida,Grupal,16,1.0,Mexico,Ingles,787.34,12991.11,10.2,3.7,Tarjeta debito,Completada,G003,Alta,7,2021,cliente5876@yahoo.com
RES05998,2022-10-06,Akumal,Cenote Yalku,Grupal,12,0.0,Mexico,Español,745.31,8943.72,5.7,4.3,Tarjeta debito,Pendiente,G018,Media,10,2022,
RES01106,2024-03-26,Cancun,Zona Hotelera Tour,Grupal,12,1.0,,Ingles,842.72,10534.0,9.6,5.0,Tarjeta credito,Pendiente,G036,Alta,3,2024,cliente5392@gmail.com
RES03689,2021-03-23,Cancun,Zona Hotelera Tour,Grupal,8,4.0,Alemania,Ingles,989.94,9899.4,8.2,,Transferencia,Confirmada,G012,Alta,3,2021,
RES02362,2021-04-23,Bacalar,Laguna de los 7 Colores,Privado,2,1.0,Mexico,Español,1724.41,4311.03,7.7,1.8,Efectivo,Confirmada,G008,Alta,4,2021,cliente3101@gmail.com
RES05402,2024-03-23,Tulum,Cenote Dos Ojos,Grupal,7,2.0,Mexico,Aleman,1231.21,9849.68,2.8,,Tarjeta credito,Completada,G003,Alta,3,2024,cliente6353@gmail.com
RES01337,2021-10-08,Cancun,Laguna Nichupte,Privado,4,1.0,Mexico,Frances,1076.46,4844.07,8.5,3.7,Paypal,Completada,G035,Media,10,2021,us er@gmail.com
RES02190,2021-05-08,Uxmal,Ruta Puuc,Privado,4,2.0,Japon,Ingles,1460.24,7301.2,7.0,4.0,Efectivo,Completada,G009,Media,5,2021,cliente5676@hotmail.com
RES05537,2022-07-15,Chichen Itza,Chichen Itza + Cenote Ik Kil,Grupal,19,5.0,Estados Unidos,Aleman,1391.68,29921.12,3.7,5.0,,Pendiente,G005,Alta,7,2022,cliente8420@icloud.com
RES05438,2021-02-13,Holbox,Tour Isla Holbox,Grupal,6,1.0,Canada,Español,871.07,5661.95,5.4,4.9,Tarjeta credito,Pendiente,G017,Baja,2,2021,cliente6589@icloud.com
RES03337,2022-10-01,Uxmal,Ruta Puuc,Privado,2,1.0,Estados Unidos,Español,1454.81,3637.02,6.3,1.0,Transferencia,Confirmada,G036,Media,10,2022,cliente9837@yahoo.com
RES02247,2023-05-15,Playa del Carmen,Quinta Avenida + Cozumel,Grupal,10,4.0,Reino Unido,Portugues,865.4,10384.8,9.6,5.0,Efectivo,Confirmada,G005,Media,5,2023,cliente3839@gmail.com
RES05194,2022-04-23,Holbox,Tour Isla Holbox,Privado,2,0.0,,Español,1973.33,3946.66,3.6,4.0,Tarjeta debito,Completada,G040,Alta,4,2022,cliente9893@icloud.com
RES05850,2021-07-18,Holbox,Avistamiento Tiburon Ballena,Privado,4,0.0,Canada,Español,2069.32,8277.28,5.5,3.2,Efectivo,Completada,G031,Alta,7,2021,cliente9397@gmail.com
RES01172,2021-07-12,Bacalar,Laguna de los 7 Colores,Grupal,7,2.0,Estados Unidos,Frances,1102.27,8818.16,8.4,4.9,Efectivo,Completada,G016,Alta,7,2021,cliente7596@gmail.com
RES04308,2023-04-19,Cozumel,Tour Isla Cozumel,Privado,2,0.0,Estados Unidos,Español,2158.13,4316.26,5.9,3.8,Tarjeta credito,Confirmada,G006,Alta,4,2023,
RES03857,2023-07-31,Merida,Centro Historico Merida,Grupal,6,2.0,,Frances,868.47,6079.29,3.8,,Efectivo,Completada,G005,Alta,7,2023,cliente8564@gmail.com
RES01423,2021-10-11,Cozumel,Buceo Arrecife Palancar,Grupal,18,7.0,Colombia,Español,1100.29,23656.24,48.0,5.0,Transferencia,Pendiente,G022,Media,10,2021,cliente6512@yahoo.com
RES02687,2023-11-19,Holbox,Tour Isla Holbox,Privado,3,1.0,Francia,Aleman,1513.64,5297.74,3.5,5.0,Transferencia,Cancelada,G016,Media,11,2023,cliente5136@icloud.com
RES05415,2022-03-21,Merida,Izamal + Merida,Grupal,12,3.0,Mexico,Portugues,852.89,11514.01,5.8,5.0,Tarjeta credito,Completada,G033,Alta,3,2022,cliente4348@yahoo.com
RES03362,2023-04-02,Tulum,Ruinas de Tulum,Grupal,20,1.0,,Aleman,1225.19,25116.4,2.7,3.9,Crypto,Completada,G016,Alta,4,2023,cliente1112@icloud.com
RES03791,2023-05-23,Cozumel,Snorkel El Cielo,Privado,3,0.0,,Ingles,1585.95,4757.85,8.9,5.0,Efectivo,Cancelada,G032,Media,5,2023,
RES05003,2022-06-09,Bacalar,Laguna de los 7 Colores,Grupal,7,1.0,Estados Unidos,Frances,944.77,7085.77,4.5,5.0,,Completada,G027,Media,6,2022,cliente2233@yahoo.com
RES01465,2022-12-18,Akumal,Snorkel Tortugas Akumal,Grupal,17,4.0,Mexico,Español,1019.98,19379.62,7.2,5.0,Efectivo,Completada,G036,Alta,12,2022,cliente3130@hotmail.com
RES00875,2022-11-05,Cancun,Zona Hotelera Tour,Grupal,11,2.0,Argentina,Español,754.96,9059.52,2.6,,Paypal,Completada,G032,Media,11,2022,cliente2501@gmail.com
RES02298,2021-03-30,Bacalar,Laguna de los 7 Colores,Privado,4,1.0,Brasil,Ingles,1773.89,7982.51,9.8,3.0,Efectivo,Completada,G035,Alta,3,2021,cliente2780@outlook.com
RES02644,2022-08-29,Uxmal,Ruta Puuc,Grupal,14,,Italia,Español,1297.06,18807.37,6.1,4.8,Efectivo,Cancelada,G023,Alta,8,2022,cliente3029@outlook.com
RES04435,2023-11-18,Akumal,Cenote Yalku,Grupal,11,5.0,Mexico,Ingles,769.16,10383.66,4.5,2.7,Efectivo,Completada,G025,Media,11,2023,
RES05222,2022-07-24,Cozumel,Tour Isla Cozumel,Privado,3,0.0,Japon,Italiano,1928.27,5784.81,3.1,2.7,Tarjeta debito,Pendiente,G021,Alta,7,2022,cliente6072@gmail.com
RES01252,2022-04-05,Playa del Carmen,Xel-Ha,Grupal,8,1.0,Mexico,Ingles,1034.9,8796.65,6.5,4.0,,Cancelada,G006,Alta,4,2022,cliente7228@gmail.com
RES05847,2021-11-16,Holbox,Punta Mosquito,Grupal,17,1.0,Estados Unidos,Español,1024.76,17933.3,6.5,1.7,Tarjeta credito,Completada,,Media,11,2021,cliente725@gmail.com
RES00841,2021-12-04,Chichen Itza,Chichen Itza + Cenote Ik Kil,Privado,4,2.0,Francia,Ingles,2194.91,10974.55,7.3,4.7,Tarjeta credito,Completada,G019,Alta,12,2021,cliente3706@icloud.com
RES04255,2022-09-23,Chichen Itza,Chichen Itza + Cenote Ik Kil,Privado,2,0.0,,Italiano,1431.58,2863.16,9.8,3.1,Efectivo,Completada,G003,Baja,9,2022,cliente2102@yahoo.com
RES00582,2021-10-22,Tulum,Sian Ka'an,Privado,2,1.0,Italia,Español,1360.53,3401.32,5.1,5.0,,Completada,G020,Media,10,2021,cliente217@yahoo.com
RES00205,2022-07-27,Chichen Itza,Chichen Itza + Cenote Ik Kil,Privado,3,1.0,Suiza,Español,2212.25,7742.88,6.4,3.9,Transferencia,Cancelada,G031,Alta,7,2022,cliente9035@outlook.com
RES01642,2023-12-28,Tulum,Ruinas de Tulum,Grupal,7,1.0,Mexico,Español,1209.91,9074.33,10.1,4.7,Efectivo,Completada,G034,Alta,12,2023,cliente6551@hotmail.com
RES02015,2023-12-11,Akumal,Cenote Yalku,Grupal,15,2.0,Estados Unidos,Ingles,976.24,15619.84,5.5,2.8,Tarjeta credito,Cancelada,G040,Alta,12,2023,cliente7973@hotmail.com
RES03254,2021-12-13,Holbox,Avistamiento Tiburon Ballena,Privado,2,1.0,Brasil,Ingles,1792.13,4480.33,4.2,4.7,Transferencia,Completada,,Alta,12,2021,us er@gmail.com
RES00906,2021-12-13,Chichen Itza,Valladolid + Chichen Itza,Grupal,16,3.0,Estados Unidos,Español,1347.85,23587.38,,4.0,Efectivo,Completada,G035,Alta,12,2021,cliente7177@hotmail.com
RES00632,2022-11-19,Playa del Carmen,Quinta Avenida + Cozumel,Grupal,4,2.0,Estados Unidos,Español,885.86,4429.3,8.5,4.8,Efectivo,Pendiente,G007,Media,11,2022,cliente7169@gmail.com
RES04271,2021-04-20,Playa del Carmen,Xel-Ha,Grupal,10,2.0,Brasil,Español,1086.3,11949.3,10.1,4.3,Efectivo,Completada,G023,Alta,4,2021,cliente7230@icloud.com
RES04487,2024-01-07,Bacalar,Laguna de los 7 Colores,Grupal,11,5.0,Mexico,Frances,818.83,11054.2,6.7,5.0,Transferencia,Pendiente,G038,Baja,1,2024,sinArroba.com
RES01975,2023-11-04,Holbox,Tour Isla Holbox,Grupal,8,2.0,Canada,Ingles,1152.77,10374.93,7.4,2.9,Efectivo,Completada,,Media,11,2023,cliente5778@outlook.com
RES00163,2021-12-27,Bacalar,Fuerte de San Felipe,Privado,4,1.0,Colombia,Español,1570.72,7068.24,9.7,4.9,Paypal,Cancelada,G033,Alta,12,2021,cliente5777@icloud.com
RES05441,2023-08-04,Playa del Carmen,Quinta Avenida + Cozumel,Grupal,7,3.0,,Ingles,952.8,8098.8,2.6,3.7,Tarjeta credito,Completada,,Alta,8,2023,cliente1642@yahoo.com
RES04103,2021-02-08,Tulum,Sian Ka'an,Privado,1,0.0,Mexico,Español,1264.65,1264.65,4.5,,Efectivo,Confirmada,G017,Baja,2,2021,cliente7024@yahoo.com
RES05423,2023-07-28,Tulum,Sian Ka'an,Privado,4,0.0,Estados Unidos,Español,1585.74,6342.96,9.8,1.1,,Completada,G039,Alta,7,2023,usuario.dominio.com
RES03559,2022-03-13,Merida,Haciendas del Mayab,Grupal,15,7.0,Estados Unidos,Frances,900.34,150000.0,3.1,5.0,Efectivo,Completada,G026,Alta,3,2022,cliente3293@outlook.com
RES00618,2021-05-12,Cancun,Isla Mujeres,Privado,3,0.0,Estados Unidos,,1078.04,3234.12,8.0,5.0,Tarjeta debito,Cancelada,G007,Media,5,2021,cliente9494@yahoo.com
RES00876,2023/01/21,Tulum,Cenote Gran Cenote,Gruupal,4,2.0,Alemania,Ingles,887.2,4436.0,6.6,,Efectivo,Completada,G026,Baja,1,2023,cliente5191@icloud.com
RES01432,2021-07-24,Uxmal,Ruta Puuc,Grupal,13,5.0,Japon,Ingles,1214.52,18825.06,6.3,3.3,Efectivo,Confirmada,G039,Alta,7,2021,cliente3643@hotmail.com
RES02974,16/10/2022,Playa del Carmen,Xcaret,Grupal,13,4.0,Estados Unidos,Aleman,838.43,12576.45,,,,Cancelada,G031,Media,10,2022,cliente1801@icloud.com
RES04173,2021-01-15,Chichen Itza,Chichen Itza + Cenote Ik Kil,Grupal,19,8.0,Mexico,Español,948.54,21816.42,5.4,5.0,Tarjeta credito,Completada,G004,Baja,1,2021,cliente7640@hotmail.com
RES00548,2021/08/01,Chichen Itza,Chichen Itza + Cenote Ik Kil,Privado,1,0.0,Canada,Español,2113.17,2113.17,7.6,3.0,Tarjeta credito,Completada,,Alta,8,2021,cliente4583@icloud.com
RES04449,2023-08-28,Holbox,Avistamiento Tiburon Ballena,Privado,4,1.0,Mexico,Ingles,1747.21,7862.44,,4.8,Transferencia,Completada,G003,Alta,8,2023,cliente2506@yahoo.com
RES05484,2023-11-23,Cancun,Zona Hotelera Tour,Grupal,11,1.0,Francia,Español,796.45,9159.18,5.6,3.8,Efectivo,Cancelada,G016,Media,11,2023,cliente525@icloud.com
RES05078,2023-10-08,Chichen Itza,Chichen Itza + Cenote Ik Kil,Grupal,8,1.0,Estados Unidos,Español,1210.14,10286.19,5.1,3.8,Efectivo,Cancelada,G003,Media,10,2023,cliente3439@icloud.com
RES03426,2023-11-12,Merida,Centro Historico Merida,Privado,1,0.0,Holanda,Aleman,1124.42,1124.42,6.9,4.6,Efectivo,Completada,G013,Media,11,2023,cliente438@gmail.com
RES04938,2022-01-26,Merida,Haciendas del Mayab,Grupal,4,0.0,Colombia,Español,632.02,2528.08,9.5,4.8,Tarjeta credito,Completada,G004,Baja,1,2022,cliente9396@hotmail.com
RES03553,2022-09-09,Chichen Itza,Chichen Itza + Cenote Ik Kil,Grupal,20,9.0,Argentina,Ingles,1106.53,27109.99,6.4,5.0,Tarjeta credito,Cancelada,G007,Baja,9,2022,
RES04920,2022-05-22,Bacalar,Kayak Canales,Privado,3,,,Italiano,1400.53,4901.85,7.6,3.2,Efectivo,Completada,G015,Media,5,2022,cliente2093@icloud.com
RES02857,2021-10-22,Cancun,Laguna Nichupte,Privado,4,1.0,Estados Unidos,Italiano,1146.12,5157.54,4.6,4.3,,Completada,G012,Media,10,2021,cliente6283@hotmail.com
RES01862,2023-03-02,Cozumel,Tour Isla Cozumel,Grupal,4,0.0,Mexico,Frances,1368.34,5473.36,3.3,5.0,Efectivo,Confirmada,G026,Alta,3,2023,cliente5259@gmail.com
RES02660,2022-06-11,Playa del Carmen,Quinta Avenida + Cozumel,Grupal,7,1.0,Estados Unidos,Español,892.42,6693.15,6.8,,Tarjeta credito,Completada,G014,Media,6,2022,cliente8564@outlook.com
RES05755,2022-03-13,Cozumel,Buceo Arrecife Palancar,Privado,4,1.0,Argentina,Ingles,,9663.07,10.4,3.7,Efectivo,Confirmada,G011,Alta,3,2022,cliente4862@hotmail.com
RES00641,2022-06-19,Uxmal,Uxmal + Kabah,Privado,3,1.0,Suecia,Frances,,5378.31,5.9,4.9,Efectivo,Completada,G003,Media,6,2022,cliente6481@gmail.com
RES04422,2021-01-11,Playa del Carmen,Xcaret,Grupal,10,1.0,,Aleman,786.52,8258.46,8.2,1.0,Crypto,Completada,G031,Baja,1,2021,cliente482@hotmail.com
RES01010,2023-12-12,Cancun,Zona Hotelera Tour,Grupal,12,3.0,Mexico,Frances,960.41,12965.53,6.0,4.1,Efectivo,Completada,G037,Alta,12,2023,cliente8654@hotmail.com
RES05902,2023-10-24,Tulum,Ruinas de Tulum,Privado,1,0.0,Estados Unidos,Ingles,1317.55,1317.55,5.8,,Efectivo,Completada,G034,Media,10,2023,cliente2911@hotmail.com
RES00638,2023-12-30,Tulum,Cenote Gran Cenote,Grupal,14,2.0,Mexico,Español,1196.65,17949.75,9.1,5.0,Efectivo,Completada,G039,Alta,12,2023,cliente8118@icloud.com
RES04929,2021-07-08,Holbox,Punta Mosquito,Grupal,20,8.0,Mexico,Ingles,1256.71,30161.04,9.7,4.9,Transferencia,Completada,G016,Alta,7,2021,cliente8431@outlook.com
RES05936,2023-04-13,Holbox,Punta Mosquito,Grupal,4,2.0,Canada,Español,1355.19,6775.95,9.9,4.0,Crypto,Completada,G003,Alta,4,2023,cliente700@yahoo.com
RES02309,2022-12-17,Uxmal,Uxmal + Kabah,Grupal,5,0.0,Argentina,Ingles,1170.17,5850.85,7.5,5.0,Tarjeta credito,Cancelada,G008,Alta,12,2022,cliente5992@icloud.com
RES04195,2023-12-25,Bacalar,Fuerte de San Felipe,Grupal,8,4.0,Canada,Español,1186.1,11861.0,7.4,4.8,Tarjeta debito,Completada,G004,Alta,12,2023,
RES03146,2021-06-11,Tulum,Sian Ka'an,Privado,3,0.0,Italia,Ingles,1423.76,4271.28,9.1,4.8,,Completada,G015,Media,6,2021,cliente1569@icloud.com
RES04191,2022-05-01,Playa del Carmen,Quinta Avenida + Cozumel,Grupal,5,0.0,Estados Unidos,Español,843.82,4219.1,10.1,4.7,Tarjeta credito,Completada,G006,Media,5,2022,cliente8186@icloud.com
RES02097,2023-02-24,Playa del Carmen,Xel-Ha,Privado,1,0.0,Estados Unidos,Frances,1121.36,1121.36,5.1,4.2,Tarjeta debito,Completada,G022,Baja,2,2023,cliente9408@hotmail.com
RES03558,2023-05-21,Uxmal,Ruta Puuc,Grupal,7,3.0,Colombia,Español,1095.25,9309.62,6.4,4.7,Efectivo,Completada,G021,Media,5,2023,
RES01957,2023-09-27,Holbox,Avistamiento Tiburon Ballena,Privado,1,0.0,Mexico,Ingles,1432.09,1432.09,9.7,2.3,Tarjeta credito,Cancelada,G028,Baja,9,2023,cliente9195@outlook.com
RES01373,2021-10-17,Uxmal,Ruta Puuc,Grupal,19,8.0,Holanda,Español,921.25,21188.75,6.5,4.1,Transferencia,Completada,G040,Media,10,2021,cliente5960@outlook.com
RES04074,2022-01-15,Chichen Itza,Valladolid + Chichen Itza,Grupal,12,3.0,,Ingles,998.47,13479.35,9.7,5.0,Efectivo,Completada,G017,Baja,1,2022,cliente5986@outlook.com
RES00922,2023-05-14,Tulum,Sian Ka'an,Grupal,5,0.0,Estados Unidos,Italiano,955.89,4779.45,5.8,4.4,Tarjeta credito,Completada,G032,Media,5,2023,cliente1577@yahoo.com
RES00547,2022-07-09,Merida,Haciendas del Mayab,Grupal,14,7.0,Argentina,Ingles,793.67,13889.22,9.2,4.9,Tarjeta debito,Completada,G039,Alta,7,2022,cliente2028@yahoo.com
RES01450,2023-09-08,Cancun,Zona Hotelera Tour,Grupal,12,2.0,Estados Unidos,Frances,697.12,9062.56,3.1,4.9,Crypto,Completada,G019,Baja,9,2023,cliente6677@outlook.com
RES02805,2022-05-19,Playa del Carmen,Xel-Ha,Privado,1,0.0,Canada,Español,1374.42,1374.42,10.2,4.7,Tarjeta credito,Completada,G019,Media,5,2022,cliente4757@yahoo.com
RES02611,2021-03-24,Merida,Haciendas del Mayab,Grupal,5,2.0,Mexico,Español,912.49,5474.94,4.8,5.0,Tarjeta credito,Completada,G011,Alta,3,2021,cliente2403@icloud.com
RES01901,2021-04-17,Cancun,Zona Hotelera Tour,Grupal,9,1.0,Reino Unido,Español,950.75,9032.12,7.4,4.7,Efectivo,Completada,G024,Alta,4,2021,cliente7662@icloud.com
RES02758,2021-11-03,Playa del Carmen,Quinta Avenida + Cozumel,Privado,1,0.0,Alemania,Italiano,1369.87,1369.87,4.9,4.1,Paypal,Completada,G021,Media,11,2021,cliente6903@hotmail.com
RES02029,2022-01-10,Akumal,Cenote Yalku,Grupal,6,3.0,Italia,Ingles,645.1,4838.25,10.2,5.0,Tarjeta credito,Confirmada,G019,Baja,1,2022,usuario.dominio.com
RES02302,2022-03-16,Bacalar,Fuerte de San Felipe,Privado,3,1.0,Reino Unido,Italiano,1770.57,6196.99,3.7,3.8,Tarjeta debito,Completada,G031,Alta,3,2022,cliente1524@outlook.com
RES01886,2023/07/12,Chichen Itza,Chichen Itza + Cenote Ik Kil,Privado,4,0.0,Mexico,Español,2226.47,8905.88,7.3,2.7,Tarjeta debito,Completada,,Alta,7,2023,cliente6590@outlook.com
RES01643,2023-11-22,Cancun,Isla Mujeres,Grupal,10,0.0,Brasil,Italiano,748.59,7485.9,4.9,,Transferencia,Completada,G035,Media,11,2023,cliente8399@yahoo.com
RES00973,2023-06-13,Cozumel,Buceo Arrecife Palancar,Grupal,8,2.0,Italia,Español,1073.46,9661.14,2.6,4.2,Paypal,Completada,G007,Media,6,2023,cliente7526@yahoo.com
RES05802,2021-08-08,Tulum,Cenote Dos Ojos,Grupal,19,2.0,Estados Unidos,Ingles,1221.24,24424.8,8.7,3.9,Efectivo,Completada,G014,Alta,8,2021,cliente3245@outlook.com
RES02098,2023-08-03,Playa del Carmen,Xel-Ha,Grupal,16,1.0,Mexico,Portugues,960.61,150000.0,9.6,3.3,Tarjeta credito,Completada,G022,Alta,8,2023,cliente9315@icloud.com
RES05240,2023-03-11,Tulum,Ruinas de Tulum,Grupal,9,4.0,Reino Unido,Español,,13483.69,5.2,4.6,Efectivo,Completada,G026,Alta,3,2023,cliente9522@yahoo.com
RES04604,2023-06-28,Uxmal,Uxmal + Kabah,Privado,4,,Alemania,Portugues,1396.68,6285.06,4.8,4.7,Tarjeta credito,Completada,G017,Media,6,2023,cliente2682@icloud.com
RES05422,2023-09-03,Tulum,Cenote Dos Ojos,privado,4,2.0,Canada,,1208.82,6044.1,5.0,5.0,Tarjeta credito,Completada,G006,Baja,9,2023,cliente4618@gmail.com
RES05999,11-29-2022,Holbox,Tour Isla Holbox,Grupal,18,2.0,Mexico,Ingles,974.32,18512.08,3.9,4.7,Crypto,Completada,G009,Media,11,2022,cliente4386@gmail.com
RES00837,2023-07-21,Akumal,Snorkel Tortugas Akumal,privad,2,,Mexico,Español,1362.0,3405.0,5.7,5.0,Paypal,Confirmada,G039,Alta,7,2023,cliente9788@icloud.com
RES00602,2022-05-06,Merida,Haciendas del Mayab,Grupal,10,5.0,Mexico,Italiano,762.79,9534.88,,4.7,Tarjeta credito,Completada,G034,Media,5,2022,cliente5392@hotmail.com
RES02185,2023-08-25,Merida,Haciendas del Mayab,Privado,3,1.0,España,Español,,4421.69,9.2,5.0,Efectivo,Cancelada,G027,Alta,8,2023,cliente8474@gmail.com
RES04797,2022-01-09,Holbox,Avistamiento Tiburon Ballena,Grupal,18,6.0,Estados Unidos,Aleman,842.03,17682.63,3.0,4.8,Efectivo,Completada,G025,Baja,1,2022,cliente8810@icloud.com
RES05183,2023-02-07,Uxmal,Ruta Puuc,Grupal,10,3.0,Estados Unidos,Ingles,881.67,10139.2,5.8,3.9,Tarjeta credito,Completada,G017,Baja,2,2023,cliente5759@yahoo.com
RES05179,2023-04-28,Playa del Carmen,Xcaret,Grupal,8,2.0,Francia,Ingles,,8914.86,8.6,4.1,Tarjeta credito,Confirmada,G003,Alta,4,2023,cliente4655@icloud.com
RES01583,2021-10-17,Akumal,Snorkel Tortugas Akumal,Privado,1,0.0,Estados Unidos,Español,1222.65,1222.65,3.3,3.8,Tarjeta debito,Completada,G002,Media,10,2021,cliente3523@icloud.com
RES05131,2021-09-01,Merida,Izamal + Merida,Privado,1,0.0,Mexico,Español,910.53,910.53,4.8,2.6,Efectivo,Completada,G001,Baja,9,2021,cliente5061@outlook.com
RES03629,2023-07-18,Playa del Carmen,Xcaret,Grupal,12,5.0,Alemania,Frances,993.83,14410.53,9.0,4.9,Tarjeta credito,Completada,G035,Alta,7,2023,cliente1456@outlook.com
RES04041,2022-12-24,Holbox,Tour Isla Holbox,Grupal,19,1.0,Estados Unidos,Español,1198.01,23361.19,8.0,3.6,Tarjeta credito,Completada,G025,Alta,12,2022,cliente3994@icloud.com
RES01071,2023-09-04,Cancun,Isla Mujeres,Grupal,18,3.0,Francia,Ingles,699.39,13638.1,3.0,2.3,Efectivo,Completada,G007,Baja,9,2023,cliente4582@outlook.com
RES01776,2023-08-04,Uxmal,Ruta Puuc,Privado,2,1.0,Mexico,Español,1831.61,4579.02,4.1,4.4,EFECTIVO,Completada,G023,Alta,8,2023,cliente6639@hotmail.com
RES05801,2022-05-09,Cancun,Snorkel Arrecife,Privado,4,2.0,,Ingles,1193.89,5969.45,7.9,4.2,Tarjeta credito,Completada,G020,Media,5,2022,
RES01284,2022-03-20,Akumal,Cenote Yalku,Grupal,13,6.0,Canada,Español,1030.01,16480.16,10.5,4.9,Tarjeta debito,Cancelada,G016,Alta,3,2022,cliente2650@yahoo.com
RES05653,2021-11-26,Bacalar,Kayak Canales,Grupal,13,2.0,Mexico,Español,908.45,12718.3,6.2,4.8,,Completada,G039,Media,11,2021,cliente9523@yahoo.com
RES04407,2021-10-30,Akumal,Snorkel Tortugas Akumal,Grupal,6,0.0,Mexico,,819.85,4919.1,3.5,2.4,Transferencia,Completada,G021,Media,10,2021,cliente5440@hotmail.com
RES05736,2023-12-22,Holbox,Avistamiento Tiburon Ballena,Grupal,13,5.0,,Español,1327.59,20577.65,5.4,5.0,Transferencia,Completada,G010,Alta,12,2023,cliente1994@hotmail.com
RES01837,2021-04-10,Cancun,Snorkel Arrecife,Grupal,11,0.0,Mexico,Español,854.93,9404.23,2.8,4.0,,Completada,G029,Alta,4,2021,cliente2114@hotmail.com
RES05103,2021-06-20,Tulum,Cenote Gran Cenote,Privado,2,1.0,Argentina,Español,,3835.55,3.0,4.0,Transferencia,Completada,G010,Media,6,2021,cliente3789@outlook.com
RES01020,2023-08-30,Cozumel,Snorkel El Cielo,Grupal,5,0.0,Alemania,Portugues,1351.97,6759.85,9.6,4.8,Efectivo,Pendiente,G017,Alta,8,2023,cliente2397@gmail.com
RES00971,2022-02-07,Uxmal,Ruta Puuc,Privado,2,1.0,Brasil,Español,1283.74,3209.35,,5.0,Tarjeta debito,Completada,G003,Baja,2,2022,cliente6607@gmail.com
RES01327,2023-01-17,Bacalar,Laguna de los 7 Colores,Grupal,16,4.0,España,Frances,744.5,13401.0,10.4,4.7,,Completada,G039,Baja,1,2023,cliente7079@outlook.com
RES05951,2023-12-29,Holbox,Tour Isla Holbox,Privado,4,1.0,Estados Unidos,Español,1759.42,7917.39,3.1,,Tarjeta credito,Completada,G016,Alta,12,2023,cliente7766@outlook.com
RES00476,2021-05-19,Holbox,Punta Mosquito,Grupal,20,2.0,Alemania,Español,1019.6,21411.6,8.8,4.6,Tarjeta debito,Confirmada,G038,Media,5,2021,usuario.dominio.com
RES02811,2022-12-19,Playa del Carmen,Xcaret,Grupal,5,1.0,Argentina,Español,1025.26,5638.93,6.6,,Tarjeta debito,Confirmada,G039,Alta,12,2022,cliente3295@gmail.com
RES04538,2022-08-14,Chichen Itza,Valladolid + Chichen Itza,Privado,1,0.0,Suecia,Italiano,2364.18,2364.18,8.2,4.7,,Completada,G005,Alta,8,2022,cliente3148@gmail.com
RES01652,2021-05-06,Bacalar,Laguna de los 7 Colores,Privado,4,1.0,Estados Unidos,Español,1331.42,5991.39,5.6,4.0,Paypal,Completada,G028,Media,5,2021,cliente3068@outlook.com
RES05604,2023-09-02,Uxmal,Uxmal + Kabah,Grupal,20,6.0,Brasil,Español,927.4,21330.2,6.2,5.0,Efectivo,Completada,G031,Baja,9,2023,cliente9840@gmail.com
RES05151,2024-02-26,Uxmal,Uxmal + Kabah,Privado,3,0.0,Mexico,Español,1236.22,3708.66,8.3,4.1,Tarjeta credito,Completada,G017,Baja,2,2024,cliente7045@icloud.com
RES02529,2023-06-19,Merida,Izamal + Merida,Grupal,11,0.0,Canada,Italiano,646.45,7110.95,6.2,4.2,Tarjeta debito,Completada,G019,Media,6,2023,
RES03738,2022-06-24,Playa del Carmen,Xel-Ha,Grupal,8,3.0,Mexico,Ingles,903.36,8581.92,9.9,4.1,Transferencia,Cancelada,G018,Media,6,2022,cliente9807@outlook.com
RES03552,2024-01-19,Merida,Izamal + Merida,Grupal,18,3.0,Colombia,Italiano,603.86,11775.27,,5.0,Efectivo,Completada,G019,Baja,1,2024,cliente2339@hotmail.com
RES03704,2023-10-08,Chichen Itza,Chichen Itza + Cenote Ik Kil,Grupal,15,3.0,Estados Unidos,Ingles,1194.29,19705.78,7.2,5.0,Tarjeta debito,Completada,G011,Media,10,2023,cliente4152@hotmail.com
RES01374,2021-03-29,Tulum,Ruinas de Tulum,Grupal,-16,2.0,Estados Unidos,Ingles,1098.73,18678.41,9.5,5.0,Efectivo,Pendiente,,Alta,3,2021,cliente744@outlook.com
RES00740,2021-04-02,Holbox,Avistamiento Tiburon Ballena,Grupal,9,4.0,Argentina,Español,1377.67,15154.37,8.1,5.0,Tarjeta credito,Pendiente,G009,Alta,4,2021,cliente6677@hotmail.com
RES05895,2023-05-02,Tulum,Cenote Gran Cenote,grupo,15,6.0,Colombia,Ingles,924.91,16648.38,3.5,5.0,Tarjeta credito,Completada,,Media,5,2023,cliente9556@yahoo.com
RES04936,2021-05-04,Cozumel,Snorkel El Cielo,Grupal,6,1.0,Alemania,Español,1171.4,7614.1,,5.0,Efectivo,Completada,G001,Media,5,2021,cliente9779@icloud.com
RES00868,2023-09-30,Bacalar,Fuerte de San Felipe,Grupal,5,0.0,Canada,Español,827.1,4135.5,2.8,4.7,Tarjeta credito,Cancelada,G017,Baja,9,2023,cliente5439@icloud.com
RES02975,2022-01-24,Holbox,Tour Isla Holbox,Grupal,20,5.0,Suecia,Español,937.92,21103.2,2.7,4.0,Paypal,Completada,G025,Baja,1,2022,cliente799@outlook.com
RES01141,2023-11-24,Chichen Itza,Chichen Itza + Cenote Ik Kil,Privado,1,0.0,Mexico,Ingles,1896.55,1896.55,9.6,3.9,Transferencia,Completada,G011,Media,11,2023,cliente5007@outlook.com
RES00998,2021-01-04,Playa del Carmen,Xcaret,Grupal,4,0.0,Estados Unidos,Español,785.94,3143.76,7.9,2.7,Tarjeta credito,Completada,G039,Baja,1,2021,cliente9433@yahoo.com
RES01338,2024-01-09,Playa del Carmen,Quinta Avenida + Cozumel,Privado,2,1.0,España,Ingles,1102.77,2756.93,6.6,3.8,Transferencia,Completada,G028,Baja,1,2024,cliente9792@yahoo.com
RES00542,2021-10-11,Cancun,Laguna Nichupte,Grupal,15,4.0,Francia,Español,795.63,13525.71,5.6,5.0,Efectivo,Pendiente,G020,Media,10,2021,cliente3575@yahoo.com
RES01100,2023-01-10,Bacalar,Fuerte de San Felipe,Grupal,4,1.0,Brasil,,780.46,3512.07,2.6,4.1,Tarjeta credito,Completada,,Baja,1,2023,cliente6827@gmail.com
RES01133,2021-09-23,Cozumel,Tour Isla Cozumel,Grupal,6,0.0,Argentina,Aleman,926.57,5559.42,3.2,2.6,Tarjeta credito,Completada,G012,Baja,9,2021,cliente9904@hotmail.com
RES05855,2021-03-15,Holbox,Tour Isla Holbox,Grupal,7,1.0,Francia,Italiano,1325.02,9937.65,9.0,4.3,Transferencia,Confirmada,G024,Alta,3,2021,cliente978@hotmail.com
RES03892,2022-03-17,Akumal,Snorkel Tortugas Akumal,Privado,2,1.0,Mexico,Ingles,1457.57,3643.92,7.5,4.6,Efectivo,Completada,G012,Alta,3,2022,cliente1259@outlook.com
RES02259,2022-05-25,Playa del Carmen,Quinta Avenida + Cozumel,Grupal,8,,Mexico,Ingles,885.01,8850.1,6.9,,Tarjeta debito,Completada,G003,Media,5,2022,cliente6161@yahoo.com
RES04872,2021-01-24,Merida,Izamal + Merida,Privado,3,1.0,Alemania,Español,907.66,3176.81,4.4,2.7,Efectivo,Completada,G016,Baja,1,2021,cliente3832@yahoo.com
RES03391,2021-01-25,Tulum,Cenote Dos Ojos,Grupal,14,5.0,Brasil,Español,795.22,13121.13,6.5,3.8,Crypto,Completada,G036,Baja,1,2021,cliente6312@outlook.com
RES02963,2024-03-11,Cozumel,Snorkel El Cielo,Grupal,6,0.0,Estados Unidos,Ingles,1418.17,8509.02,6.7,4.0,Tarjeta credito,Completada,G013,Alta,3,2024,cliente5116@outlook.com
RES00060,2023-02-20,Bacalar,Laguna de los 7 Colores,Privado,1,0.0,Mexico,Español,1067.6,1067.6,7.9,3.8,Tarjeta debito,Completada,G010,Baja,2,2023,cliente977@icloud.com
RES03260,2023-11-14,Holbox,Punta Mosquito,Privado,2,1.0,Mexico,Frances,1600.05,4000.12,6.2,5.0,Efectivo,Confirmada,G007,Media,11,2023,cliente992@outlook.com
RES02207,2023-07-17,Tulum,Ruinas de Tulum,Grupal,17,7.0,Francia,Ingles,1052.77,21581.78,10.0,3.6,Tarjeta credito,Completada,G004,Alta,7,2023,sinArroba.com
RES01939,2023-04-25,Chichen Itza,Valladolid + Chichen Itza,Privado,3,1.0,Mexico,Ingles,2307.42,8075.97,5.8,3.9,Tarjeta credito,Completada,G025,Alta,4,2023,cliente6409@gmail.com
RES05839,2022-03-24,Uxmal,Uxmal + Kabah,Grupal,12,3.0,Japon,Ingles,1230.94,16617.69,2.7,1.1,Transferencia,Completada,G021,Alta,3,2022,cliente2746@yahoo.com
RES05964,2024-01-28,Cancun,Snorkel Arrecife,Grupal,5,2.0,Mexico,Español,677.35,4064.1,5.0,5.0,Tarjeta debito,Completada,G032,Baja,1,2024,cliente7306@gmail.com
RES03440,2021-03-12,Chichen Itza,Valladolid + Chichen Itza,Grupal,13,0.0,Italia,Español,,17325.88,9.0,4.3,Tarjeta credito,Completada,G006,Alta,3,2021,sinArroba.com
RES02814,04/08/2022,Uxmal,Uxmal + Kabah,Grupal,20,6.0,Canada,Español,,28502.29,9.5,3.8,Tarjeta credito,Completada,G032,Alta,8,2022,cliente2198@icloud.com
RES05618,2022-02-23,Bacalar,Fuerte de San Felipe,Grupal,14,0.0,Colombia,Frances,766.34,10728.76,2.6,5.0,Transferencia,Cancelada,G037,Baja,2,2022,cliente695@yahoo.com
RES05494,2022-11-02,Chichen Itza,Chichen Itza + Cenote Ik Kil,Grupal,6,2.0,Reino Unido,Italiano,1156.94,8098.58,8.4,4.7,Paypal,Completada,G003,Media,11,2022,cliente4214@gmail.com
RES01079,2021-07-31,Uxmal,Ruta Puuc,Grupal,7,3.0,Francia,Frances,1284.93,10921.91,6.8,5.0,Tarjeta credito,Confirmada,G013,Alta,7,2021,cliente5480@yahoo.com
RES04560,2023-07-20,Cancun,Snorkel Arrecife,Grupal,16,7.0,Mexico,Ingles,878.42,17129.19,6.4,4.9,Tarjeta credito,Completada,G017,Alta,7,2023,cliente1814@yahoo.com
RES05539,2022-10-26,Merida,Haciendas del Mayab,Grupal,7,1.0,,Frances,654.34,4907.55,4.2,5.0,Efectivo,Completada,G006,Media,10,2022,cliente2673@outlook.com
RES05372,2022-08-24,Uxmal,Uxmal + Kabah,Grupal,6,2.0,Japon,Italiano,1260.09,8820.63,2.8,4.9,Crypto,Completada,G014,Alta,8,2022,cliente929@hotmail.com
RES03762,2022-09-21,Chichen Itza,Valladolid + Chichen Itza,Grupal,20,5.0,Mexico,Italiano,1109.54,24964.65,8.6,3.0,Efectivo,Completada,G008,Baja,9,2022,cliente4211@hotmail.com
RES05129,2021-05-18,Cozumel,Tour Isla Cozumel,Grupal,14,4.0,Mexico,Ingles,1149.39,18390.24,10.0,3.2,Tarjeta credito,Completada,G034,Media,5,2021,cliente395@icloud.com
RES02631,2022-04-21,Uxmal,Uxmal + Kabah,Grupal,11,1.0,Argentina,Ingles,1109.82,12762.93,2.8,3.7,Efectivo,Completada,,Alta,4,2022,cliente1333@yahoo.com
RES04830,2021-04-06,Holbox,Tour Isla Holbox,Grupal,10,1.0,Brasil,,1205.62,12659.01,10.4,5.0,Efectivo,Completada,G008,Alta,4,2021,@dominio.com
RES04740,2023-09-27,Tulum,Cenote Gran Cenote,Grupal,12,1.0,Mexico,Ingles,803.39,10042.38,2.8,5.0,Efectivo,Completada,G033,Baja,9,2023,cliente4832@outlook.com
RES04840,2023-12-14,Akumal,Snorkel Tortugas Akumal,Privado,2,0.0,Mexico,Español,1565.64,3131.28,3.5,5.0,Paypal,Cancelada,G033,Alta,12,2023,
RES00941,2021-04-16,,Snorkel Tortugas Akumal,Privado,1,0.0,Estados Unidos,Español,1499.87,1499.87,,4.7,Tarjeta credito,Completada,G023,Alta,4,2021,cliente9764@yahoo.com
RES01081,2021-05-18,Akumal,Snorkel Tortugas Akumal,Privado,4,0.0,Mexico,Frances,1222.2,4888.8,6.7,4.7,Paypal,Pendiente,G013,Media,5,2021,cliente7730@hotmail.com
RES00188,2023-04-04,Uxmal,Ruta Puuc,Privado,4,0.0,,,1719.58,6878.32,8.4,4.0,Tarjeta credito,Confirmada,G002,Alta,4,2023,cliente1542@icloud.com
RES05632,2021-01-04,Holbox,Avistamiento Tiburon Ballena,Privado,2,,Canada,Español,1322.46,3306.15,5.5,3.7,Crypto,Completada,G023,Baja,1,2021,cliente9855@yahoo.com
RES04158,2022-02-12,Bacalar,Fuerte de San Felipe,Grupal,16,3.0,Canada,Español,808.9,14155.75,,5.0,Tarjeta credito,Completada,G024,Baja,2,2022,cliente9296@hotmail.com
RES02086,2022-04-15,Bacalar,Fuerte de San Felipe,Grupal,8,0.0,Mexico,Aleman,1042.71,8341.68,,4.8,Tarjeta credito,Completada,G005,Alta,4,2022,cliente4169@icloud.com
RES02250,2023-03-04,Cancun,Isla Mujeres,Privado,2,1.0,Francia,Ingles,1414.25,3535.62,3.0,4.9,Paypal,Completada,G014,Alta,3,2023,cliente2679@hotmail.com
RES03735,2021-03-20,Tulum,Cenote Dos Ojos,Grupal,7,2.0,Mexico,Frances,1093.55,8748.4,7.7,5.0,Tarjeta debito,Completada,G023,Alta,3,2021,cliente7384@hotmail.com
RES05908,2023-01-12,Cancun,Zona Hotelera Tour,Grupal,14,7.0,Canada,Español,604.71,10582.43,2.8,3.8,Tarjeta credito,Confirmada,G008,Baja,1,2023,cliente7896@icloud.com
RES02024,2021-06-22,Cancun,Snorkel Arrecife,Grupal,17,7.0,Polonia,Ingles,695.12,14249.96,3.4,3.8,Efectivo,Pendiente,G025,Media,6,2021,cliente7023@gmail.com
RES03842,2021-09-09,Holbox,Punta Mosquito,Privado,2,0.0,Estados Unidos,Ingles,1320.22,2640.44,4.6,5.0,Efectivo,Completada,G024,Baja,9,2021,cliente8643@hotmail.com
RES01493,2022-09-23,Bacalar,Laguna de los 7 Colores,Grupal,16,4.0,Estados Unidos,Español,753.01,13554.18,9.4,2.3,Efectivo,Completada,G024,Baja,9,2022,cliente5326@hotmail.com
RES04630,2022-04-24,Bacalar,Fuerte de San Felipe,Grupal,8,4.0,Mexico,Ingles,1046.74,10467.4,8.9,4.7,Efectivo,Confirmada,G017,Alta,4,2022,cliente6615@outlook.com
RES04093,2022-10-19,Chichen Itza,Chichen Itza + Cenote Ik Kil,Grupal,8,,Estados Unidos,Español,1153.37,10380.33,7.9,,Tarjeta credito,Completada,G023,Media,10,2022,cliente6230@hotmail.com
RES00227,2022-09-30,Holbox,Tour Isla Holbox,Privado,3,1.0,,Ingles,1245.05,4357.68,6.5,2.7,Efectivo,Completada,G015,Baja,9,2022,cliente6770@yahoo.com
RES01014,2022-08-05,Cancun,Laguna Nichupte,Grupal,13,6.0,Estados Unidos,Italiano,889.72,14235.52,9.8,1.0,Tarjeta credito,Completada,G001,Alta,8,2022,cliente5410@icloud.com
RES02584,2022-09-25,Tulum,Sian Ka'an,Grupal,10,4.0,Canada,Español,776.77,9321.24,2.6,5.0,Efectivo,Completada,G021,Baja,9,2022,usuario.dominio.com
RES01930,2022-11-30,Chichen Itza,Chichen Itza + Cenote Ik Kil,Grupal,9,1.0,Mexico,Frances,1229.11,11676.54,100.0,4.9,Efectivo,Completada,G010,Media,11,2022,cliente4222@icloud.com
RES04242,2022-12-22,Merida,Haciendas del Mayab,Grupal,9,0.0,Mexico,Frances,876.41,7887.69,4.2,4.6,Efectivo,Pendiente,G038,Alta,12,2022,cliente5354@gmail.com
RES05417,2021-11-25,Playa del Carmen,Xel-Ha,Grupal,12,5.0,Alemania,Español,895.26,12981.27,5.2,2.7,Tarjeta debito,Pendiente,G039,Media,11,2021,cliente1108@outlook.com
RES01405,2023-04-27,Merida,Izamal + Merida,Grupal,15,3.0,Estados Unidos,Español,870.34,14360.61,6.8,3.7,Crypto,Completada,,Alta,4,2023,cliente931@outlook.com
RES02180,2021-01-21,Uxmal,Ruta Puuc,Privado,1,0.0,Estados Unidos,Frances,1269.16,1269.16,3.5,4.6,Efectivo,Completada,G019,Baja,1,2021,cliente9837@hotmail.com
RES00698,2021-05-27,Cancun,Laguna Nichupte,Privado,2,0.0,Mexico,Español,1096.9,2193.8,4.1,2.7,Tarjeta debito,Completada,G023,Media,5,2021,cliente2292@icloud.com
RES01125,2024-02-24,Bacalar,Laguna de los 7 Colores,Grupal,11,0.0,Brasil,Aleman,745.03,8195.33,5.9,3.7,Paypal,Completada,G028,Baja,2,2024,
RES03283,2023-08-19,Cancun,Snorkel Arrecife,Grupal,10,5.0,Mexico,Español,941.56,11769.5,6.5,4.8,Efectivo,Completada,G027,Alta,8,2023,cliente8063@hotmail.com
RES04553,2022-06-24,Cozumel,Tour Isla Cozumel,Grupal,6,1.0,Holanda,Portugues,30000.0,7737.67,7.7,5.0,Tarjeta credito,Completada,G010,Media,6,2022,cliente2431@icloud.com
RES05340,2021-08-25,Tulum,Cenote Dos Ojos,Privado,1,0.0,Mexico,Aleman,1621.05,1621.05,10.4,5.0,Transferencia,Completada,G022,Alta,8,2021,
RES01779,2022-01-30,Akumal,Cenote Yalku,Privado,2,1.0,Colombia,Español,1114.43,2786.08,7.9,4.3,Tarjeta debito,Completada,G034,Baja,1,2022,cliente3273@icloud.com
RES02635,2023-11-05,Akumal,Cenote Yalku,Privado,3,1.0,Japon,Italiano,1250.99,-4378.47,8.4,4.4,Efectivo,Completada,G022,Media,11,2023,cliente3773@gmail.com
RES03092,2023-06-28,Playa del Carmen,Xcaret,Grupal,7,1.0,Estados Unidos,Frances,908.49,6813.68,4.0,4.0,Tarjeta debito,Confirmada,G032,Media,6,2023,cliente7217@outlook.com
RES05136,2021-05-30,Holbox,Tour Isla Holbox,Grupal,4,0.0,Mexico,Español,1031.17,4124.68,10.4,3.6,Tarjeta credito,Cancelada,G006,Media,5,2021,cliente4675@gmail.com
RES01657,2022-11-26,Holbox,Tour Isla Holbox,Grupal,9,2.0,Mexico,Español,978.57,9785.7,7.2,2.9,Efectivo,Completada,,Media,11,2022,cliente8064@icloud.com
RES01038,09-02-2023,Holbox,Tour Isla Holbox,Privado,4,0.0,Estados Unidos,Portugues,1323.26,5293.04,5.3,5.0,Transferencia,Confirmada,G032,Baja,9,2023,
RES05024,2023-12-10,Playa del Carmen,Xcaret,Grupal,6,1.0,Argentina,Español,1119.93,7279.55,3.1,3.8,Transferencia,Completada,G022,Alta,12,2023,cliente5303@gmail.com
RES02257,2022-08-14,Cancun,Zona Hotelera Tour,Privado,1,0.0,Estados Unidos,Frances,1382.25,1382.25,7.4,4.8,Tarjeta credito,Completada,G002,Alta,8,2022,cliente3816@gmail.com
RES03821,2021-01-24,Playa del Carmen,Quinta Avenida + Cozumel,Privado,3,0.0,Estados Unidos,Ingles,1027.85,3083.55,3.3,4.7,Tarjeta debito,Completada,G010,Baja,1,2021,cliente8752@yahoo.com
RES05970,2022-12-12,Uxmal,Ruta Puuc,Privado,2,0.0,Estados Unidos,Español,1867.18,3734.36,7.0,5.0,Tarjeta debito,Cancelada,G029,Alta,12,2022,cliente3386@gmail.com
RES00314,2023-12-17,Cancun,Snorkel Arrecife,Gruupal,9,0.0,Canada,Español,895.89,8063.01,6.6,,,Completada,G020,Alta,12,2023,cliente7536@yahoo.com
RES02650,2023-05-10,Merida,Centro Historico Merida,Privado,3,0.0,Reino Unido,Español,1033.05,3099.15,4.3,3.9,Transferencia,Completada,G020,Media,5,2023,cliente8831@gmail.com
RES02282,2023-05-01,Holbox,Tour Isla Holbox,Grupal,11,3.0,Canada,Español,1149.17,14364.62,,2.4,Transferencia,Completada,G024,Media,5,2023,cliente8549@yahoo.com
RES03741,2022-09-06,Holbox,Punta Mosquito,Grupal,8,2.0,Suiza,Español,,8138.97,5.4,2.3,Efectivo,Completada,G033,Baja,9,2022,cliente4869@gmail.com
RES04314,2022-02-26,Uxmal,Ruta Puuc,Grupal,15,7.0,Mexico,,822.11,15209.03,9.6,5.0,Transferencia,Completada,G007,Baja,2,2022,cliente2891@icloud.com
RES02548,2021-08-14,Merida,Centro Historico Merida,Privado,4,1.0,Estados Unidos,Español,1304.32,5869.44,2.6,5.0,Tarjeta credito,Completada,G006,Alta,8,2021,cliente6363@hotmail.com
RES01417,2022-01-25,Cancun,Isla Mujeres,Privado,3,1.0,Argentina,Ingles,961.35,3364.72,6.9,3.2,Transferencia,Completada,G027,Baja,1,2022,cliente9951@yahoo.com
RES01037,2024-01-31,Cozumel,Snorkel El Cielo,Privado,4,1.0,Brasil,Ingles,1529.65,6883.43,6.6,3.9,Efectivo,Cancelada,G031,Baja,1,2024,cliente6314@icloud.com
RES02160,2022-04-30,Playa del Carmen,Xcaret,Privado,4,2.0,Mexico,Español,1642.01,8210.05,6.9,3.7,Transferencia,Confirmada,G029,Alta,4,2022,cliente8851@yahoo.com
RES02985,2023-01-05,Chichen Itza,Chichen Itza + Cenote Ik Kil,Privado,1,,Canada,Frances,1642.37,1642.37,8.2,4.8,Efectivo,Confirmada,G013,Baja,1,2023,cliente2555@yahoo.com
RES03138,2022-12-27,Chichen Itza,Chichen Itza + Cenote Ik Kil,Privado,3,0.0,Argentina,Ingles,2147.0,6441.0,4.1,5.0,Efectivo,Completada,G029,Alta,12,2022,cliente6319@hotmail.com
RES05011,2023-09-12,Bacalar,Fuerte de San Felipe,Grupal,5,,Mexico,Ingles,745.97,4102.84,,3.7,Tarjeta credito,Completada,G005,Baja,9,2023,cliente8909@gmail.com
RES01755,2023-07-23,Cancun,Isla Mujeres,Grupal,6,1.0,Francia,Ingles,879.72,5718.18,4.4,3.8,Transferencia,Cancelada,G025,Alta,7,2023,cliente4649@icloud.com
RES04289,2021-11-01,Bacalar,Fuerte de San Felipe,Privado,3,1.0,Canada,Español,1343.58,4702.53,3.0,5.0,Tarjeta credito,Completada,G024,Media,11,2021,cliente6146@gmail.com
RES05868,2021-04-06,Cozumel,Tour Isla Cozumel,Grupal,5,1.0,Mexico,Ingles,1362.39,7493.15,10.1,1.6,Tarjeta debito,Completada,G024,Alta,4,2021,cliente2254@gmail.com
RES04155,2024-02-14,Akumal,Cenote Yalku,Grupal,5,2.0,Estados Unidos,,685.52,4113.12,8.8,4.7,Tarjeta debito,Completada,G015,Baja,2,2024,cliente2504@hotmail.com
RES05586,2023-11-18,Cancun,Isla Mujeres,Privado,3,0.0,Alemania,Aleman,1083.63,3250.89,6.5,3.6,Paypal,Completada,G032,Media,11,2023,cliente7205@hotmail.com
RES02521,2023-04-22,Cancun,Snorkel Arrecife,Privado,3,0.0,Mexico,Frances,1458.0,4374.0,4.6,4.2,Tarjeta credito,Completada,G018,Alta,4,2023,cliente6368@yahoo.com
RES00874,2023-12-20,Holbox,Tour Isla Holbox,Grupal,8,0.0,Reino Unido,Ingles,1284.41,10275.28,8.2,5.0,Efectivo,Completada,G002,Alta,12,2023,us er@gmail.com
RES04457,2023-06-16,Tulum,Cenote Dos Ojos,Privado,2,0.0,Canada,Ingles,1398.65,2797.3,9.1,3.9,Transferencia,Confirmada,G035,Media,6,2023,cliente6021@yahoo.com
RES04516,2023-01-24,Chichen Itza,Chichen Itza + Cenote Ik Kil,Privado,1,0.0,Mexico,Ingles,1455.93,1455.93,3.2,3.7,,Cancelada,G005,Baja,1,2023,cliente4621@yahoo.com
RES01507,2024-02-22,Akumal,Cenote Yalku,Grupal,18,4.0,Estados Unidos,Español,709.05,14181.0,5.5,4.6,,Confirmada,G030,Baja,2,2024,cliente526@icloud.com
RES03941,2023-03-10,Cancun,Isla Mujeres,Privado,3,0.0,Francia,Aleman,1352.75,4058.25,9.6,5.0,Tarjeta credito,Cancelada,G038,Alta,3,2023,cliente491@hotmail.com
RES01924,2023-10-04,Cozumel,Tour Isla Cozumel,Grupal,20,2.0,Argentina,Ingles,1146.48,24076.08,3.1,5.0,Tarjeta debito,Completada,G016,Media,10,2023,cliente8097@outlook.com
RES00449,2021-04-30,Chichen Itza,Chichen Itza + Cenote Ik Kil,Privado,1,0.0,Mexico,Español,2321.79,2321.79,3.7,,Efectivo,Completada,G026,Alta,4,2021,cliente8854@icloud.com
RES03506,2024-01-21,Tulum,Cenote Dos Ojos,Privado,4,2.0,Argentina,Frances,1150.35,5751.75,8.9,5.0,Tarjeta credito,Cancelada,G005,Baja,1,2024,cliente3236@outlook.com
RES03621,2021-12-30,Chichen Itza,Chichen Itza + Cenote Ik Kil,Grupal,8,3.0,Mexico,,1456.66,13838.27,2.5,3.2,Paypal,Cancelada,G008,Alta,12,2021,cliente1764@hotmail.com
RES01060,2022-04-29,Tulum,Cenote Gran Cenote,Privado,3,0.0,Italia,Ingles,1769.41,5308.23,2.8,2.3,Transferencia,Completada,G039,Alta,4,2022,cliente283@icloud.com
RES03679,2022-04-19,Akumal,Snorkel Tortugas Akumal,Privado,4,1.0,Mexico,Frances,1565.61,7045.24,8.4,3.2,Tarjeta credito,Confirmada,G036,Alta,4,2022,cliente9156@gmail.com
RES03258,2023-12-23,Cancun,Laguna Nichupte,Grupal,7,0.0,,Italiano,950.97,6656.79,10.3,5.0,Transferencia,Completada,G030,Alta,12,2023,cliente8821@gmail.com
RES00362,2021-12-14,Cancun,Laguna Nichupte,Privado,2,0.0,Colombia,Ingles,1265.98,2531.96,8.2,4.6,Tarjeta debito,Completada,G026,Alta,12,2021,cliente6963@icloud.com
RES02184,2024-03-10,Akumal,Cenote Yalku,Grupal,11,1.0,Francia,Español,972.83,11187.55,4.4,5.0,Efectivo,Completada,G006,Alta,3,2024,cliente3473@yahoo.com
RES01135,2024-03-25,Holbox,Tour Isla Holbox,Grupal,12,4.0,Mexico,Español,1261.49,17660.86,7.0,5.0,Tarjeta debito,Completada,G015,Alta,3,2024,cliente2979@yahoo.com
RES04921,2021-03-08,Tulum,Ruinas de Tulum,Privado,2,0.0,,Ingles,1616.57,3233.14,8.0,5.0,Tarjeta credito,Confirmada,G031,Alta,3,2021,cliente7950@yahoo.com
RES03200,2023-09-19,Cozumel,Snorkel El Cielo,Grupal,17,5.0,Reino Unido,Español,1013.02,19753.89,8.9,3.3,,Completada,G008,Baja,9,2023,cliente491@outlook.com
RES05287,2022-03-25,Cancun,Snorkel Arrecife,Grupal,6,3.0,Mexico,Ingles,877.46,6580.95,8.3,3.9,Efectivo,Completada,G020,Alta,3,2022,cliente9885@gmail.com
RES03439,2022-04-05,Tulum,Sian Ka'an,Grupal,10,0.0,Canada,Ingles,1081.34,10813.4,4.4,4.4,Transferencia,Completada,G028,Alta,4,2022,sinArroba.com
RES02156,2023-06-20,Cozumel,Tour Isla Cozumel,Grupal,17,6.0,Colombia,Español,1108.16,22163.2,6.6,4.1,Efectivo,Completada,G026,Media,6,2023,cliente4997@icloud.com
RES01831,2021-12-08,Bacalar,Laguna de los 7 Colores,Grupal,17,3.0,Canada,Español,1014.53,18768.81,2.7,5.0,Tarjeta credito,Confirmada,G035,Alta,12,2021,cliente7198@gmail.com
RES01054,2023-01-19,Merida,Centro Historico Merida,Grupal,11,2.0,Mexico,Español,608.91,7306.92,3.9,,Tarjeta credito,Completada,G022,Baja,1,2023,cliente7777@outlook.com
RES02461,2023-03-30,Holbox,Tour Isla Holbox,Privado,3,0.0,Alemania,Español,2023.14,6069.42,5.3,4.2,Tarjeta credito,Confirmada,G020,Alta,3,2023,cliente7049@yahoo.com
RES00023,2021-05-13,Uxmal,Ruta Puuc,Grupal,20,8.0,Mexico,Español,1003.99,24095.76,2.6,2.6,Tarjeta debito,Completada,G006,Media,5,2021,cliente1348@hotmail.com
RES02067,2021-09-27,Tulum,Cenote Gran Cenote,Privado,3,0.0,Francia,Ingles,1271.86,3815.58,4.6,4.3,Tarjeta credito,Pendiente,G033,Baja,9,2021,cliente6460@gmail.com
RES01654,2023-12-04,Akumal,Cenote Yalku,Privado,2,1.0,Estados Unidos,Ingles,1374.9,3437.25,7.6,4.7,Efectivo,Completada,G027,Alta,12,2023,cliente9051@outlook.com
RES03708,2021-10-15,,Zona Hotelera Tour,Grupal,14,1.0,Estados Unidos,Italiano,760.82,11031.89,5.5,4.9,Tarjeta credito,Completada,G008,Media,10,2021,cliente7355@yahoo.com
RES04358,2023-01-17,Merida,Centro Historico Merida,Privado,4,0.0,Mexico,Español,931.03,3724.12,3.6,5.0,Tarjeta debito,Completada,G019,Baja,1,2023,usuario.dominio.com
RES02744,2021-07-25,Bacalar,Fuerte de San Felipe,Grupal,14,0.0,Mexico,Español,1022.17,14310.38,10.2,4.2,Transferencia,Cancelada,G037,Alta,7,2021,cliente5194@hotmail.com
RES04012,2022-05-18,Tulum,Cenote Dos Ojos,Grupal,14,7.0,,Ingles,1031.04,18043.2,7.3,4.1,Crypto,Pendiente,G028,Media,5,2022,cliente4351@yahoo.com
RES04902,2021-07-30,Holbox,Tour Isla Holbox,Grupal,11,0.0,Reino Unido,Frances,1188.53,13073.83,10.5,5.0,Paypal,Confirmada,G024,Alta,7,2021,cliente2807@gmail.com
RES02469,2021-09-08,Holbox,Avistamiento Tiburon Ballena,Grupal,6,1.0,Mexico,Español,879.39,5716.03,,4.7,,Completada,G021,Baja,9,2021,usuario@
RES02326,2022-07-20,Playa del Carmen,Quinta Avenida + Cozumel,Grupal,14,,Alemania,Español,1048.78,15207.31,6.7,5.0,Paypal,Completada,G005,Alta,7,2022,cliente7961@gmail.com
RES00461,2023-08-15,Playa del Carmen,Xcaret,Grupal,18,0.0,Australia,Español,982.12,17678.16,3.7,5.0,,Cancelada,G013,Alta,8,2023,cliente3963@hotmail.com
RES01068,2022-03-31,Playa del Carmen,Xcaret,Grupal,-6,1.0,Estados Unidos,Español,1111.47,7224.56,6.7,5.0,Tarjeta credito,Completada,G006,Alta,3,2022,cliente6220@hotmail.com
RES00088,09-08-2023,Chichen Itza,Chichen Itza + Cenote Ik Kil,Grupal,18,2.0,Mexico,Frances,998.17,18965.23,10.3,5.0,Efectivo,Pendiente,G027,Baja,9,2023,cliente3688@gmail.com
RES01431,2022-01-14,Akumal,Snorkel Tortugas Akumal,Grupal,11,0.0,Estados Unidos,Ingles,692.38,7616.18,8.2,,Tarjeta credito,Completada,G034,Baja,1,2022,cliente8457@gmail.com
RES03787,2023-08-18,Merida,Haciendas del Mayab,Grupal,13,6.0,Estados Unidos,Español,883.34,14133.44,8.1,4.9,,Completada,G002,Alta,8,2023,cliente5730@yahoo.com
RES00283,2022-02-14,,Centro Historico Merida,Grupal,5,0.0,Canada,Aleman,561.03,2805.15,2.8,4.6,Tarjeta debito,Completada,G039,Baja,2,2022,us er@gmail.com
RES02484,2022-04-21,Holbox,Avistamiento Tiburon Ballena,Privado,4,1.0,Francia,Ingles,2076.36,9343.62,4.4,4.1,Efectivo,Completada,G026,Alta,4,2022,cliente8374@yahoo.com
RES00463,2022-09-19,Holbox,Avistamiento Tiburon Ballena,privad,1,0.0,España,,1385.08,1385.08,3.8,4.3,Efectivo,Completada,G021,Baja,9,2022,cliente6977@outlook.com
RES00213,2023-04-22,Chichen Itza,Chichen Itza + Cenote Ik Kil,Grupal,14,0.0,Brasil,Ingles,1446.49,20250.86,9.6,4.8,Efectivo,Confirmada,G014,Alta,4,2023,cliente814@gmail.com
RES02589,2021-05-06,Tulum,Cenote Dos Ojos,Privado,1,0.0,Estados Unidos,Español,1436.34,1436.34,4.3,4.9,Efectivo,Completada,G003,Media,5,2021,cliente4730@outlook.com
RES05809,2022-02-21,Tulum,Ruinas de Tulum,Privado,2,1.0,Mexico,Español,1273.92,3184.8,2.5,4.1,Efectivo,Completada,G024,Baja,2,2022,cliente7048@hotmail.com
RES02908,2021-12-25,Uxmal,Ruta Puuc,Privado,4,1.0,Mexico,Italiano,1832.54,8246.43,6.1,4.0,Paypal,Cancelada,G028,Alta,12,2021,cliente6925@gmail.com
RES02582,2021-02-09,Playa del Carmen,Xcaret,Grupal,7,0.0,Italia,Español,741.17,5188.19,4.2,5.0,Tarjeta credito,Completada,G035,Baja,2,2021,cliente7681@yahoo.com
RES01369,2023-06-03,Uxmal,Uxmal + Kabah,Grupal,4,0.0,Brasil,Ingles,987.31,3949.24,,3.3,Efectivo,Completada,G040,Media,6,2023,cliente2909@outlook.com
RES00235,2023-01-14,Uxmal,Ruta Puuc,Privado,2,0.0,,Español,1323.51,2647.02,2.8,3.6,,Completada,G023,Baja,1,2023,cliente4165@gmail.com
RES03972,2022-05-22,Holbox,Avistamiento Tiburon Ballena,Grupal,14,1.0,Reino Unido,Ingles,1057.24,15329.98,10.2,2.8,Efectivo,Confirmada,G022,Media,5,2022,cliente6030@outlook.com
RES00598,2022-11-15,Cancun,Isla Mujeres,Grupal,9,,Belgica,Español,731.05,7676.02,2.7,4.6,Tarjeta credito,Confirmada,G017,Media,11,2022,cliente6456@yahoo.com
RES05328,2022-02-15,Chichen Itza,Chichen Itza + Cenote Ik Kil,Grupal,20,6.0,Italia,Español,1077.45,24781.35,3.5,3.9,Efectivo,Completada,G020,Baja,2,2022,cliente2723@outlook.com
RES02251,2023-04-06,Playa del Carmen,Xcaret,Grupal,7,1.0,Mexico,Italiano,1064.36,7982.7,8.7,4.0,Tarjeta credito,Completada,G037,Alta,4,2023,cliente3527@gmail.com
RES04899,2021-07-29,Cozumel,Snorkel El Cielo,Privado,2,1.0,España,Frances,1915.06,4787.65,8.9,5.0,Efectivo,Completada,,Alta,7,2021,cliente6642@icloud.com
RES02284,2023-01-01,Uxmal,Uxmal + Kabah,Grupal,12,0.0,Estados Unidos,Español,911.79,10941.48,72.0,5.0,Tarjeta credito,Completada,G032,Baja,1,2023,cliente8639@gmail.com
RES00663,2023-01-13,Uxmal,Ruta Puuc,Grupal,5,2.0,Brasil,Español,912.27,5473.62,6.7,5.0,Paypal,Confirmada,G038,Baja,1,2023,cliente6389@gmail.com
RES05995,2022-05-12,Playa del Carmen,Quinta Avenida + Cozumel,Privado,1,0.0,Estados Unidos,Ingles,1400.53,1400.53,5.5,5.0,Tarjeta debito,Confirmada,G020,Media,5,2022,cliente6420@outlook.com
RES02286,2022-09-26,Playa del Carmen,Quinta Avenida + Cozumel,Grupal,18,6.0,Canada,Español,727.66,15280.86,7.5,3.8,Tarjeta credito,Confirmada,G030,Baja,9,2022,sinArroba.com
RES03432,2021-07-19,Akumal,Cenote Yalku,Grupal,7,2.0,Estados Unidos,Ingles,940.54,7524.32,8.3,5.0,Tarjeta credito,Completada,G034,Alta,7,2021,cliente8167@gmail.com
RES05691,2023-08-26,Tulum,Cenote Gran Cenote,Privado,2,0.0,Italia,Ingles,1847.48,3694.96,7.1,5.0,Efectivo,Cancelada,G005,Alta,8,2023,cliente1461@icloud.com
RES04666,2023-12-14,Akumal,Cenote Yalku,Grupal,17,4.0,Mexico,Español,1032.6,19619.4,10.3,5.0,Efectivo,Confirmada,G034,Alta,12,2023,cliente2789@icloud.com
RES05548,2021-01-29,Uxmal,Uxmal + Kabah,Grupal,19,6.0,Mexico,Español,791.18,17405.96,48.0,3.6,Paypal,Completada,G034,Baja,1,2021,
RES05508,2023-10-31,Cancun,Isla Mujeres,Privado,1,0.0,Mexico,Español,1076.17,1076.17,2.8,,Efectivo,Confirmada,G034,Media,10,2023,cliente6960@icloud.com
RES03469,2022-06-06,Merida,Centro Historico Merida,Grupal,10,0.0,Canada,Español,688.12,6881.2,6.7,4.9,Efectivo,Cancelada,G001,Media,6,2022,cliente7311@outlook.com
RES03587,2024-03-23,Tulum,Cenote Dos Ojos,Privado,2,0.0,Japon,Español,1622.52,3245.04,9.5,1.3,Tarjeta credito,Confirmada,,Alta,3,2024,cliente3736@outlook.com
RES02991,2022-10-03,Holbox,Tour Isla Holbox,Grupal,13,0.0,Mexico,Español,1147.92,14922.96,5.2,3.3,Tarjeta credito,Cancelada,,Media,10,2022,cliente1143@outlook.com
RES05367,2023-01-22,Merida,Centro Historico Merida,Grupal,10,0.0,Francia,Español,558.95,5589.5,8.7,5.0,Tarjeta credito,Completada,G028,Baja,1,2023,cliente9948@icloud.com
RES00780,2022-05-19,Uxmal,Uxmal + Kabah,Grupal,19,0.0,Estados Unidos,Portugues,1023.07,19438.33,7.0,2.4,Tarjeta credito,Completada,G039,Media,5,2022,cliente3765@icloud.com
RES02545,2023-10-15,Holbox,Punta Mosquito,Privado,1,0.0,Canada,Español,1571.02,1571.02,,5.0,Tarjeta credito,Cancelada,G026,Media,10,2023,cliente4761@hotmail.com
RES04482,2022-06-28,Tulum,Cenote Dos Ojos,Privado,3,1.0,Francia,Español,1429.39,5002.87,9.9,2.7,EFECTIVO,Completada,G038,Media,6,2022,cliente9107@icloud.com
RES04511,2022-08-09,Holbox,Punta Mosquito,Grupal,14,2.0,Reino Unido,Español,1284.07,19261.05,2.8,4.6,Tarjeta credito,Cancelada,G017,Alta,8,2022,cliente4945@icloud.com
RES05094,2022-12-19,Merida,Izamal + Merida,Privado,2,0.0,Reino Unido,Español,1360.06,2720.12,5.5,3.9,Tarjeta credito,Completada,G038,Alta,12,2022,cliente9858@yahoo.com
RES04351,2021-08-16,Holbox,Avistamiento Tiburon Ballena,Grupal,4,1.0,Suiza,Ingles,1240.51,5582.3,6.0,5.0,Transferencia,Completada,,Alta,8,2021,cliente8744@gmail.com
RES04961,2023-02-09,Uxmal,Uxmal + Kabah,Grupal,19,7.0,Mexico,Español,821.34,18480.15,7.9,5.0,Efectivo,Cancelada,G029,Baja,2,2023,cliente4531@gmail.com
RES05835,2022-10-19,Tulum,Sian Ka'an,Grupal,7,0.0,Francia,Español,1003.63,7025.41,4.6,2.2,Transferencia,Completada,G003,Media,10,2022,cliente9243@yahoo.com
RES00686,2023-04-18,Playa del Carmen,Quinta Avenida + Cozumel,Grupal,20,9.0,Estados Unidos,Español,1005.73,24640.39,8.3,4.1,Efectivo,Completada,G039,Alta,4,2023,
RES04713,2021-10-19,Holbox,Avistamiento Tiburon Ballena,Grupal,14,0.0,Canada,Ingles,1140.87,15972.18,5.9,1.1,,Cancelada,G022,Media,10,2021,cliente515@hotmail.com
RES03576,2023-01-10,Merida,Haciendas del Mayab,Grupal,13,3.0,Estados Unidos,Ingles,553.77,8029.66,7.6,3.0,Paypal,Completada,G029,Baja,1,2023,usuario.dominio.com
RES03244,2022-04-03,Uxmal,Ruta Puuc,Grupal,7,1.0,Mexico,,1292.2,9691.5,2.9,4.9,Efectivo,Completada,G025,Alta,4,2022,cliente4617@gmail.com
RES01749,2023-09-11,Merida,Centro Historico Merida,Grupal,19,7.0,Mexico,,602.59,13558.28,5.7,4.9,Efectivo,Pendiente,G038,Baja,9,2023,cliente8021@gmail.com
RES03938,2021-05-17,Chichen Itza,Valladolid + Chichen Itza,Privado,2,0.0,Estados Unidos,Español,1684.94,3369.88,9.3,,,Cancelada,G014,Media,5,2021,cliente1267@yahoo.com
RES04667,2021-04-15,Uxmal,Uxmal + Kabah,Privado,3,1.0,Canada,Español,1872.66,6554.31,9.3,,Efectivo,Completada,G017,Alta,4,2021,cliente5257@gmail.com
RES02838,2021-11-15,Akumal,Snorkel Tortugas Akumal,Grupal,6,1.0,,,761.2,4947.8,5.7,3.7,Tarjeta credito,Pendiente,G036,Media,11,2021,cliente3056@gmail.com
RES03033,2021-12-21,Tulum,Cenote Gran Cenote,Privado,3,1.0,Mexico,Español,1669.35,5842.72,4.5,3.6,Tarjeta credito,Completada,G024,Alta,12,2021,cliente6933@hotmail.com
RES02172,2024-03-15,Chichen Itza,Chichen Itza + Cenote Ik Kil,Grupal,20,2.0,,Español,1447.68,30401.28,5.4,3.1,Efectivo,Confirmada,G013,Alta,3,2024,cliente4321@hotmail.com
RES04326,2021-01-06,Bacalar,Kayak Canales,Privado,2,0.0,Estados Unidos,Ingles,1072.23,2144.46,4.3,4.7,Tarjeta debito,Completada,G008,Baja,1,2021,cliente5692@hotmail.com
RES01851,2022-05-21,Holbox,Avistamiento Tiburon Ballena,Privado,2,1.0,Estados Unidos,,1479.78,3699.45,10.5,5.0,Tarjeta credito,Pendiente,,Media,5,2022,cliente7138@outlook.com
RES00488,2022-09-13,Cozumel,Tour Isla Cozumel,Grupal,18,9.0,Francia,Aleman,863.6,19431.0,2.8,5.0,Tarjeta debito,Completada,G014,Baja,9,2022,cliente4207@hotmail.com
RES01689,2021-04-21,Chichen Itza,Valladolid + Chichen Itza,Grupal,12,2.0,Mexico,Frances,1412.09,18357.17,4.6,5.0,Tarjeta credito,Cancelada,G011,Alta,4,2021,cliente6124@yahoo.com
RES02231,2023-03-13,Uxmal,Uxmal + Kabah,Privado,3,1.0,,Español,1910.82,6687.87,7.7,5.0,Tarjeta credito,Completada,G030,Alta,3,2023,cliente1423@outlook.com
RES03474,2022-06-06,Bacalar,Fuerte de San Felipe,Grupal,17,,Reino Unido,Ingles,866.13,17322.6,4.9,4.9,Tarjeta credito,Completada,G035,Media,6,2022,cliente7895@icloud.com
RES04401,2023-11-30,Merida,Izamal + Merida,Grupal,5,1.0,Estados Unidos,Ingles,700.74,3854.07,7.1,1.4,Tarjeta debito,Completada,G039,Media,11,2023,cliente4481@gmail.com
RES02321,2022-01-24,Uxmal,Ruta Puuc,Grupal,12,0.0,Japon,Ingles,886.15,10633.8,10.3,4.0,Transferencia,Completada,G040,Baja,1,2022,cliente8753@icloud.com
RES00783,2021-10-25,Uxmal,Uxmal + Kabah,Grupal,12,3.0,Estados Unidos,Español,1069.3,14435.55,9.0,4.2,Efectivo,Cancelada,G024,Media,10,2021,cliente9920@icloud.com
RES00522,2023-01-13,Akumal,Snorkel Tortugas Akumal,Grupal,13,4.0,Reino Unido,Español,682.82,10242.3,2.9,4.4,Transferencia,Completada,G030,Baja,1,2023,cliente8356@icloud.com
RES00523,2024-01-08,Cozumel,Tour Isla Cozumel,Privado,2,0.0,Mexico,Ingles,1503.94,3007.88,9.5,5.0,Transferencia,Completada,G006,Baja,1,2024,cliente3468@icloud.com
RES05099,2023-09-19,Bacalar,Kayak Canales,Privado,1,0.0,Mexico,Español,1106.86,1106.86,4.8,4.9,Efectivo,Confirmada,G011,Baja,9,2023,cliente128@gmail.com
RES02940,2023-10-13,Cancun,Laguna Nichupte,Privado,1,0.0,Italia,Italiano,1065.83,1065.83,4.7,4.1,Transferencia,Completada,G005,Media,10,2023,cliente4490@hotmail.com
RES04709,2023-05-31,Cozumel,Tour Isla Cozumel,Grupal,8,4.0,Estados Unidos,Ingles,1080.14,10801.4,4.5,,Transferencia,Completada,G003,Media,5,2023,cliente1272@hotmail.com
RES05122,2021-10-25,Cozumel,Buceo Arrecife Palancar,Privado,2,1.0,Mexico,Ingles,1536.1,3840.25,6.8,4.0,Efectivo,Completada,G037,Media,10,2021,cliente3998@gmail.com
RES02399,2022-08-23,Playa del Carmen,Xcaret,Privado,4,1.0,Canada,Español,1511.64,6802.38,6.4,5.0,Efectivo,Completada,G020,Alta,8,2022,cliente4101@hotmail.com
RES02208,2022-03-10,Cozumel,Tour Isla Cozumel,Grupal,9,2.0,Canada,Ingles,1315.78,13157.8,8.0,4.9,Efectivo,Completada,G011,Alta,3,2022,cliente3930@gmail.com
RES04546,2022-02-11,Holbox,Punta Mosquito,Grupal,16,6.0,Mexico,Español,912.07,17329.33,5.6,3.2,Efectivo,Completada,G040,Baja,2,2022,cliente706@outlook.com
RES00781,2023-09-29,Tulum,Sian Ka'an,Grupal,5,2.0,Estados Unidos,Español,792.48,4754.88,8.0,5.0,Efectivo,Cancelada,G011,Baja,9,2023,cliente7383@outlook.com
RES04716,2021-01-12,Cozumel,Snorkel El Cielo,Grupal,9,2.0,Mexico,Español,884.03,8840.3,5.2,2.0,Crypto,Completada,G004,Baja,1,2021,
RES04047,2022-06-27,Playa del Carmen,Xel-Ha,Privado,3,0.0,Mexico,Ingles,1374.85,4124.55,3.2,5.0,Tarjeta credito,Confirmada,G010,Media,6,2022,cliente8369@hotmail.com
RES01512,2022-07-22,Bacalar,Laguna de los 7 Colores,Privado,2,0.0,Reino Unido,Ingles,1573.24,3146.48,7.6,4.2,Efectivo,Completada,G018,Alta,7,2022,cliente6611@outlook.com
RES01883,2022-03-21,Cozumel,Snorkel El Cielo,Grupal,4,,Estados Unidos,Español,1333.77,6668.85,7.6,5.0,Efectivo,Completada,G003,Alta,3,2022,cliente1177@yahoo.com
RES00652,2022-08-27,Uxmal,Ruta Puuc,Privado,2,0.0,Estados Unidos,Español,1960.02,3920.04,9.6,4.7,,Completada,G014,Alta,8,2022,cliente8281@gmail.com
RES03997,2024-03-20,Uxmal,Ruta Puuc,Grupal,12,1.0,Canada,Ingles,1151.17,14389.62,4.0,5.0,Tarjeta debito,Completada,G031,Alta,3,2024,cliente8996@gmail.com
RES01802,2021-08-23,Holbox,Avistamiento Tiburon Ballena,Privado,3,1.0,Mexico,Español,1917.86,6712.51,9.3,4.0,Efectivo,Pendiente,G039,Alta,8,2021,cliente9812@outlook.com
RES00370,2022-12-19,Holbox,Punta Mosquito,Grupal,8,4.0,España,Ingles,1236.41,12364.1,4.0,3.9,Tarjeta credito,Pendiente,G022,Alta,12,2022,cliente4292@icloud.com
RES05266,2021-04-10,Cancun,Snorkel Arrecife,Grupal,12,3.0,,Español,985.11,13298.99,7.0,3.6,Efectivo,Completada,G016,Alta,4,2021,cliente5439@outlook.com
RES04273,2023-10-22,Uxmal,Uxmal + Kabah,Grupal,10,3.0,Mexico,Español,965.67,11105.2,10.0,4.4,Tarjeta credito,Completada,G036,Media,10,2023,cliente614@hotmail.com
RES00119,2023-08-20,Holbox,Tour Isla Holbox,Grupal,6,3.0,Brasil,,1200.12,9000.9,6.4,,Tarjeta credito,Completada,G019,Alta,8,2023,cliente8770@icloud.com
RES00378,2023-08-24,Chichen Itza,Valladolid + Chichen Itza,Privado,2,0.0,Brasil,Español,2117.01,500000.0,3.2,4.1,Efectivo,Completada,G026,Alta,8,2023,cliente6673@hotmail.com
RES00217,2021-05-31,Chichen Itza,Chichen Itza + Cenote Ik Kil,Grupal,7,0.0,Mexico,Español,30000.0,8476.58,,5.0,Transferencia,Completada,G028,Media,5,2021,cliente2264@gmail.com
RES02217,2024-03-19,Uxmal,Uxmal + Kabah,Grupal,7,0.0,Reino Unido,Italiano,1275.01,8925.07,,4.7,Tarjeta credito,Completada,G031,Alta,3,2024,cliente4842@outlook.com
RES04587,2021-03-17,Akumal,Cenote Yalku,Privado,2,0.0,Argentina,Español,1412.99,2825.98,4.6,3.1,efectivo,Completada,G011,Alta,3,2021,cliente7344@icloud.com
RES01614,2023-01-26,Holbox,Punta Mosquito,Grupal,20,4.0,Estados Unidos,Frances,897.1,19736.2,3.4,3.8,Efectivo,Completada,G014,Baja,1,2023,cliente5834@icloud.com
RES02884,2023-05-21,Akumal,Cenote Yalku,Privado,2,0.0,Mexico,Español,1121.78,2243.56,9.9,4.9,Crypto,Completada,G011,Media,5,2023,cliente6293@gmail.com
RES04812,2023-02-16,Bacalar,Kayak Canales,Grupal,15,4.0,,Español,812.87,13818.79,4.5,2.9,Tarjeta debito,Completada,G012,Baja,2,2023,cliente9080@yahoo.com
RES05416,2022-05-06,Uxmal,Uxmal + Kabah,Grupal,18,0.0,Italia,Español,1034.51,18621.18,8.2,4.9,T. Credito,Completada,G040,Media,5,2022,cliente6341@icloud.com
RES00963,2023-01-01,Cancun,Zona Hotelera Tour,Grupal,19,6.0,Mexico,Español,669.07,14719.54,10.2,5.0,Tarjeta credito,Cancelada,G001,Baja,1,2023,us er@gmail.com
RES05432,2024-03-02,Holbox,Punta Mosquito,Privado,4,1.0,Japon,Español,1846.95,8311.27,,1.1,Paypal,Completada,G010,Alta,3,2024,cliente2668@icloud.com
RES02511,2021-06-19,Chichen Itza,Chichen Itza + Cenote Ik Kil,Grupal,11,0.0,Estados Unidos,Ingles,1261.9,13880.9,3.0,4.0,Tarjeta credito,Cancelada,G016,Media,6,2021,cliente6772@outlook.com
RES05665,2023-11-23,Merida,Centro Historico Merida,Privado,1,0.0,,Aleman,1092.57,1092.57,7.8,3.8,Tarjeta credito,Completada,G011,Media,11,2023,cliente1220@outlook.com
RES04592,2023-10-27,Chichen Itza,Valladolid + Chichen Itza,Grupal,12,6.0,Mexico,Español,1208.17,18122.55,2.7,5.0,,Completada,G008,Media,10,2023,cliente9542@hotmail.com
RES04048,2023-05-01,Merida,Haciendas del Mayab,privad,1,0.0,Estados Unidos,Ingles,45000.0,1029.22,8.5,5.0,Tarjeta credito,Completada,G032,Media,5,2023,cliente9801@gmail.com
RES00360,2022-03-30,Tulum,Ruinas de Tulum,Grupal,7,1.0,Estados Unidos,Portugues,1167.06,8752.95,10.4,5.0,Tarjeta credito,Completada,G011,Alta,3,2022,cliente5556@hotmail.com
RES01247,2024-02-12,Uxmal,Uxmal + Kabah,Privado,3,1.0,Mexico,Ingles,1345.61,150000.0,6.9,4.0,Tarjeta credito,Completada,G025,Baja,2,2024,cliente4643@gmail.com
RES03409,2021-01-26,Tulum,Cenote Gran Cenote,PRIVADO,1,0.0,Estados Unidos,Ingles,1225.38,1225.38,7.0,4.3,Efectivo,Completada,G021,Baja,1,2021,cliente144@yahoo.com
RES04197,2023-06-21,Tulum,Sian Ka'an,Grupal,10,3.0,Estados Unidos,Aleman,930.92,10705.58,7.5,3.9,Tarjeta credito,Completada,G010,Media,6,2023,cliente9410@outlook.com
RES02416,2023-12-14,Tulum,Cenote Dos Ojos,Grupal,11,2.0,España,Ingles,1202.83,14433.96,9.7,4.7,Tarjeta debito,Completada,G019,Alta,12,2023,cliente1736@outlook.com
RES05614,2021-09-28,,Laguna Nichupte,Grupal,17,7.0,Polonia,Español,695.41,14255.9,6.9,2.9,Efectivo,Completada,G020,Baja,9,2021,cliente3293@yahoo.com
RES05572,2022-12-23,Merida,Centro Historico Merida,Grupal,13,0.0,Colombia,Español,817.28,10624.64,3.0,5.0,Tarjeta credito,Confirmada,G023,Alta,12,2022,cliente3077@outlook.com
RES02186,2023-01-19,Cancun,Laguna Nichupte,Grupal,18,0.0,Argentina,Ingles,592.37,10662.66,5.6,5.0,Tarjeta credito,Completada,G013,Baja,1,2023,cliente5391@gmail.com
RES05569,2021-05-20,Akumal,Cenote Yalku,Grupal,16,3.0,Mexico,,842.1,14736.75,5.6,4.7,Efectivo,Completada,G022,Media,5,2021,cliente921@gmail.com
RES02568,2022-05-02,Bacalar,Laguna de los 7 Colores,Privad0,2,0.0,Canada,Aleman,1397.83,2795.66,3.3,3.8,Tarjeta debito,Completada,G038,Media,5,2022,cliente1552@icloud.com
RES03424,2021-07-03,Akumal,Cenote Yalku,Grupal,14,1.0,Estados Unidos,Español,970.83,14077.03,9.0,4.2,Efectivo,Completada,G028,Alta,7,2021,cliente7914@hotmail.com
RES02038,2023-10-07,Merida,Izamal + Merida,Grupal,8,0.0,,Español,726.5,5812.0,9.0,4.8,Tarjeta debito,Completada,G034,Media,10,2023,
RES05126,2023-03-30,Cancun,Laguna Nichupte,Grupal,18,0.0,Canada,Ingles,971.1,17479.8,3.0,4.8,Efectivo,Pendiente,G036,Alta,3,2023,cliente4706@hotmail.com
RES00773,2022-07-23,Akumal,Snorkel Tortugas Akumal,Privado,2,0.0,Mexico,Italiano,1454.77,2909.54,3.6,3.2,Efectivo,Pendiente,G040,Alta,7,2022,cliente321@yahoo.com
RES01285,2022-08-25,Cozumel,Buceo Arrecife Palancar,Grupal,20,4.0,Italia,Ingles,1382.21,30408.62,5.8,4.8,Tarjeta credito,Completada,G024,Alta,8,2022,cliente9916@outlook.com
RES05547,2023-09-17,Merida,Izamal + Merida,Grupal,14,3.0,,Español,549.03,8509.97,9.3,4.6,Efectivo,Completada,G029,Baja,9,2023,cliente5799@yahoo.com
RES03563,2023-12-01,Playa del Carmen,Quinta Avenida + Cozumel,Privado,2,0.0,Francia,Español,1548.22,3096.44,3.9,5.0,Tarjeta debito,Confirmada,G025,Alta,12,2023,cliente6900@outlook.com
RES05715,2021-01-14,Cozumel,Snorkel El Cielo,Grupal,6,1.0,Suecia,Español,925.54,6016.01,4.0,3.7,Transferencia,Completada,G019,Baja,1,2021,cliente5560@hotmail.com
RES02588,2022-06-04,Merida,Izamal + Merida,Privado,2,0.0,,Español,1095.27,2190.54,8.9,5.0,Efectivo,Completada,G039,Media,6,2022,cliente808@icloud.com
RES05516,11-06-2021,Uxmal,Uxmal + Kabah,Privado,2,1.0,Estados Unidos,Portugues,1404.84,3512.1,7.9,,Tarjeta debito,Completada,G027,Media,11,2021,cliente8622@yahoo.com
RES01415,2024-03-17,Tulum,Sian Ka'an,Grupal,19,7.0,Japon,Italiano,1130.39,25433.78,4.2,3.4,Efectivo,Completada,G015,Alta,3,2024,@dominio.com
RES01235,2022-10-20,Uxmal,Ruta Puuc,Grupal,7,2.0,Estados Unidos,Aleman,1022.26,8178.08,9.6,,Tarjeta credito,Completada,G023,Media,10,2022,cliente6065@yahoo.com
RES03867,2023-05-13,Bacalar,Laguna de los 7 Colores,Grupal,14,2.0,Mexico,Ingles,928.8,13932.0,,4.0,Tarjeta credito,Confirmada,G014,Media,5,2023,cliente6702@outlook.com
RES00436,2021-05-15,Merida,Izamal + Merida,Grupal,14,3.0,Alemania,Español,737.02,11423.81,8.0,3.8,Paypal,Completada,G002,Media,5,2021,cliente6809@yahoo.com
RES01675,2024-03-28,Playa del Carmen,Quinta Avenida + Cozumel,privad,4,2.0,Argentina,Español,1658.23,8291.15,8.5,1.1,Tarjeta credito,Pendiente,G024,Alta,3,2024,usuario.dominio.com
RES03300,2023-09-03,Merida,Izamal + Merida,Grupal,9,0.0,,Italiano,606.84,5461.56,2.6,3.6,Tarjeta credito,Pendiente,G001,Baja,9,2023,cliente4979@hotmail.com
RES00366,2021-08-23,Cozumel,Buceo Arrecife Palancar,Grupal,10,2.0,Polonia,Ingles,1317.57,14493.27,4.5,5.0,Tarjeta credito,Completada,G024,Alta,8,2021,cliente4324@hotmail.com
RES04425,2023-07-07,Cozumel,Tour Isla Cozumel,Privado,3,1.0,Argentina,Español,1830.07,6405.24,6.3,2.8,Tarjeta credito,Completada,G019,Alta,7,2023,
RES00232,2022-10-25,Uxmal,Ruta Puuc,Grupal,16,,Reino Unido,Aleman,997.5,18453.75,6.0,3.9,Transferencia,Completada,G035,Media,10,2022,cliente6221@icloud.com
RES05357,2023-04-28,Chichen Itza,Chichen Itza + Cenote Ik Kil,Grupal,7,3.0,Polonia,Español,1382.88,11754.48,9.7,4.0,Transferencia,Completada,G020,Alta,4,2023,cliente3736@yahoo.com
RES00148,2022-01-09,Holbox,Punta Mosquito,Grupal,20,5.0,Estados Unidos,Español,875.1,19689.75,6.1,5.0,Efectivo,Cancelada,G026,Baja,1,2022,cliente5111@icloud.com
RES05299,2021-09-09,Bacalar,Kayak Canales,Privado,2,,Argentina,Aleman,1207.57,2415.14,6.2,3.6,Transferencia,Completada,G035,Baja,9,2021,cliente3423@outlook.com
RES03089,2024-03-04,Akumal,Snorkel Tortugas Akumal,Privado,4,2.0,Francia,Español,1348.68,6743.4,9.2,3.4,Paypal,Pendiente,G031,Alta,3,2024,cliente4070@gmail.com
RES04088,2021-07-19,Chichen Itza,Valladolid + Chichen Itza,Grupal,15,1.0,Canada,Portugues,1373.83,21294.36,7.6,4.2,Transferencia,Completada,G037,Alta,7,2021,cliente6437@hotmail.com
RES03555,2022-11-15,Bacalar,Laguna de los 7 Colores,Privado,2,0.0,Brasil,Ingles,1246.21,2492.42,8.3,3.2,Paypal,Completada,G015,Media,11,2022,cliente2564@gmail.com
RES00408,2023-11-03,Cozumel,Snorkel El Cielo,Grupal,9,1.0,Reino Unido,Español,1100.03,10450.28,3.4,4.8,Tarjeta credito,Completada,G020,Media,11,2023,cliente1908@icloud.com
RES05573,2022-04-22,Uxmal,Uxmal + Kabah,Grupal,8,3.0,Mexico,Ingles,1198.25,11383.38,5.2,3.9,Efectivo,Confirmada,G007,Alta,4,2022,cliente2395@icloud.com
RES03457,2021-08-24,Akumal,Snorkel Tortugas Akumal,Grupal,18,2.0,España,Ingles,1037.45,19711.55,5.5,5.0,Efectivo,Completada,G014,Alta,8,2021,
RES02091,2023-03-27,Chichen Itza,Valladolid + Chichen Itza,Grupal,5,0.0,Reino Unido,Ingles,1355.6,6778.0,7.9,4.3,Transferencia,Completada,G037,Alta,3,2023,cliente491@outlook.com
RES00087,2024-03-23,Cozumel,Buceo Arrecife Palancar,Grupal,5,2.0,,Ingles,1363.61,8181.66,5.0,4.7,Transferencia,Completada,G019,Alta,3,2024,cliente5197@outlook.com
RES03577,2021-11-23,Cancun,Snorkel Arrecife,Grupal,20,0.0,Reino Unido,Ingles,,15472.0,3.3,3.2,Efectivo,Cancelada,G008,Media,11,2021,cliente5503@icloud.com
RES03272,2023-01-29,Merida,Haciendas del Mayab,Grupal,10,5.0,Estados Unidos,,627.62,7845.25,3.5,2.6,Tarjeta credito,Completada,G020,Baja,1,2023,cliente5126@outlook.com
RES00845,2022-09-13,Akumal,Cenote Yalku,Grupal,12,5.0,Estados Unidos,Español,666.53,9664.68,7.3,5.0,Efectivo,Completada,G003,Baja,9,2022,cliente8865@outlook.com
RES01032,2022-03-15,Tulum,Cenote Gran Cenote,Privado,3,1.0,Reino Unido,Español,1822.33,6378.15,9.0,5.0,Transferencia,Completada,G013,Alta,3,2022,cliente6008@yahoo.com
RES03766,2022-07-02,Uxmal,Ruta Puuc,Grupal,16,2.0,Australia,Español,1308.23,22239.91,7.2,1.9,tarjeta credito,Confirmada,G025,Alta,7,2022,us er@gmail.com
RES04356,2023-12-24,Cozumel,Tour Isla Cozumel,Privado,1,0.0,Mexico,Español,2062.85,2062.85,6.2,5.0,Efectivo,Completada,G026,Alta,12,2023,cliente293@hotmail.com
RES03904,2021-12-31,Tulum,Sian Ka'an,Grupal,18,5.0,Estados Unidos,Español,1056.71,21662.56,,4.7,Paypal,Completada,G003,Alta,12,2021,cliente4192@icloud.com
RES02988,2023-11-11,Tulum,Cenote Gran Cenote,Grupal,20,7.0,Belgica,Ingles,1036.48,24357.28,7.7,5.0,Efectivo,Completada,G011,Media,11,2023,cliente5524@yahoo.com
RES04377,2023-10-27,Tulum,Cenote Gran Cenote,Grupal,6,0.0,Canada,Aleman,882.16,5292.96,6.3,4.8,Efectivo,Completada,G031,Media,10,2023,cliente5044@hotmail.com
RES02629,2022-11-26,Akumal,Snorkel Tortugas Akumal,Privado,4,0.0,Mexico,Italiano,1277.99,5111.96,2.7,2.2,Efectivo,Completada,G010,Media,11,2022,cliente6592@yahoo.com
RES03801,2023-04-09,Chichen Itza,Chichen Itza + Cenote Ik Kil,Privado,4,1.0,Mexico,Español,2349.52,10572.84,9.7,,Tarjeta credito,Completada,G026,Alta,4,2023,cliente7008@outlook.com
RES03823,2024-02-10,Tulum,Ruinas de Tulum,Privado,2,0.0,,Español,99999.0,2483.22,10.1,4.2,Tarjeta debito,Completada,G021,Baja,2,2024,cliente4585@outlook.com
RES00856,2021-10-07,Akumal,Cenote Yalku,Grupal,12,1.0,Estados Unidos,Ingles,776.06,9700.75,,,Transferencia,Pendiente,G037,Media,10,2021,cliente7507@icloud.com
RES03004,2024-01-07,Tulum,Cenote Dos Ojos,Grupal,5,0.0,Mexico,Español,809.76,4048.8,7.7,4.9,Tarjeta debito,Confirmada,G039,Baja,1,2024,cliente6674@outlook.com
RES00079,2023-07-06,Tulum,Ruinas de Tulum,Grupal,10,5.0,Mexico,,1082.1,13526.25,3.2,3.4,Efectivo,Cancelada,G037,Alta,7,2023,cliente6701@hotmail.com
RES02993,2022-05-24,Chichen Itza,Chichen Itza + Cenote Ik Kil,Grupal,15,2.0,,Español,1213.16,19410.56,6.8,3.8,Tarjeta credito,Completada,G035,Media,5,2022,cliente2745@yahoo.com
RES02248,2021-11-20,Bacalar,Fuerte de San Felipe,privad,3,0.0,Mexico,Ingles,1327.28,3981.84,4.5,4.9,Efectivo,Completada,G024,Media,11,2021,cliente5299@gmail.com
RES05917,2022-07-03,Merida,Centro Historico Merida,Grupal,19,3.0,Estados Unidos,Ingles,825.81,16929.1,200.0,4.8,Tarjeta credito,Pendiente,G023,Alta,7,2022,cliente5636@yahoo.com
RES05510,2024-03-20,Uxmal,Uxmal + Kabah,Grupal,5,1.0,Mexico,Aleman,1151.05,6330.77,10.3,4.9,Tarjeta debito,Pendiente,G022,Alta,3,2024,cliente186@yahoo.com
RES05550,2023-12-10,Uxmal,Uxmal + Kabah,Privado,2,0.0,Polonia,Ingles,1667.01,3334.02,9.3,3.7,Tarjeta credito,Completada,G023,Alta,12,2023,cliente2497@outlook.com
RES00759,2023-09-27,Bacalar,Laguna de los 7 Colores,Privado,3,1.0,Mexico,Español,1211.75,4241.12,5.5,4.7,Paypal,Completada,G004,Baja,9,2023,cliente5994@icloud.com
RES04575,2022-07-02,Uxmal,Ruta Puuc,Privado,2,1.0,Brasil,Italiano,1752.04,4380.1,5.0,4.6,Efectivo,Pendiente,G007,Alta,7,2022,cliente1036@icloud.com
RES03356,2022-07-13,Bacalar,Kayak Canales,Grupal,16,1.0,Suecia,Italiano,1169.15,19290.98,6.2,4.6,Efectivo,Completada,G040,Alta,7,2022,cliente4833@gmail.com
RES00789,2023-04-07,Uxmal,Uxmal + Kabah,Grupal,11,1.0,Estados Unidos,Frances,1186.24,13641.76,8.7,4.8,Tarjeta credito,Completada,G015,Alta,4,2023,cliente5667@outlook.com
RES02280,2021-11-01,Playa del Carmen,Xcaret,Grupal,12,1.0,Mexico,Español,,10736.38,4.6,4.7,Transferencia,Cancelada,G002,Media,11,2021,cliente4310@hotmail.com
RES03721,2023-04-08,Cancun,Zona Hotelera Tour,Privado,3,1.0,,Español,1402.27,4907.94,9.8,5.0,Tarjeta credito,Pendiente,G031,Alta,4,2023,cliente2665@hotmail.com
RES04274,2021-06-16,Uxmal,Ruta Puuc,Privado,2,0.0,Brasil,Ingles,1615.16,3230.32,7.9,4.9,Transferencia,Completada,,Media,6,2021,cliente7365@yahoo.com
RES05007,2023-03-07,Chichen Itza,Valladolid + Chichen Itza,Grupal,4,1.0,Canada,Ingles,1432.74,6447.33,9.5,,Efectivo,Completada,G036,Alta,3,2023,cliente5637@yahoo.com
RES04802,2022-06-01,Akumal,Snorkel Tortugas Akumal,Privado,1,0.0,,Español,1174.5,1174.5,10.1,5.0,Tarjeta debito,Cancelada,G030,Media,6,2022,cliente3348@yahoo.com
RES03632,2024-03-20,Akumal,Snorkel Tortugas Akumal,Grupal,13,0.0,Mexico,Español,968.1,12585.3,5.8,4.0,Efectivo,Completada,G013,Alta,3,2024,cliente8727@yahoo.com
RES04513,2021-10-15,Playa del Carmen,Quinta Avenida + Cozumel,Grupal,20,4.0,Mexico,Ingles,860.34,18927.48,5.8,5.0,Tarjeta debito,Pendiente,G019,Media,10,2021,cliente9878@yahoo.com
RES03804,2021-01-30,Uxmal,Ruta Puuc,Grupal,12,,Canada,Italiano,788.32,11430.64,,4.1,Tarjeta credito,Completada,G038,Baja,1,2021,cliente9873@hotmail.com
RES02177,2023-02-09,Tulum,Cenote Gran Cenote,Grupal,16,2.0,Francia,Italiano,845.66,14376.22,8.4,5.0,Tarjeta debito,Completada,G025,Baja,2,2023,cliente9245@outlook.com
RES00425,2023-09-28,Merida,Centro Historico Merida,Privado,4,2.0,Reino Unido,Frances,873.93,4369.65,7.8,5.0,Tarjeta credito,Cancelada,G022,Baja,9,2023,cliente5870@yahoo.com
RES00393,2021-06-26,Akumal,Snorkel Tortugas Akumal,Grupal,19,8.0,Francia,Español,846.16,19461.68,5.4,5.0,Transferencia,Completada,G003,Media,6,2021,cliente4088@hotmail.com
RES04501,2023-11-07,Tulum,Ruinas de Tulum,Grupal,14,1.0,Reino Unido,Ingles,1041.97,15108.57,6.7,5.0,Efectivo,Completada,G034,Media,11,2023,cliente1960@yahoo.com
RES05701,2022-03-23,Cancun,Zona Hotelera Tour,Privado,2,0.0,Mexico,Ingles,1259.13,2518.26,7.8,1.0,Tarjeta credito,Completada,G022,Alta,3,2022,cliente7411@yahoo.com
RES02240,2022-08-14,Tulum,Cenote Gran Cenote,Privado,4,0.0,Italia,,1711.27,6845.08,7.7,5.0,Efectivo,Confirmada,G017,Alta,8,2022,cliente4907@gmail.com
RES00105,2021-06-04,Merida,Izamal + Merida,Grupal,14,2.0,Colombia,Italiano,711.21,10668.15,4.5,4.1,Efectivo,Completada,,Media,6,2021,cliente1084@icloud.com
RES02673,2021-07-22,Playa del Carmen,Xel-Ha,Grupal,6,0.0,Polonia,Español,944.4,5666.4,7.0,5.0,Efectivo,Completada,G003,Alta,7,2021,cliente5411@icloud.com
RES05520,2021-09-16,Chichen Itza,Valladolid + Chichen Itza,Grupal,9,4.0,Estados Unidos,Español,1092.13,12013.43,5.8,3.8,Tarjeta credito,Completada,G009,Baja,9,2021,cliente9143@yahoo.com
RES03690,2022-04-18,Merida,Centro Historico Merida,Privado,2,1.0,Estados Unidos,Portugues,1339.2,3348.0,6.2,5.0,Tarjeta debito,Completada,G023,Alta,4,2022,cliente3476@gmail.com
RES02069,2022-01-21,Holbox,Tour Isla Holbox,Grupal,5,2.0,Canada,Italiano,838.03,5028.18,9.5,1.2,Efectivo,Completada,G008,Baja,1,2022,cliente2188@outlook.com
RES04025,2023-02-04,Cozumel,Buceo Arrecife Palancar,Grupal,11,0.0,Italia,Italiano,985.73,10843.03,5.5,,Tarjeta debito,Completada,,Baja,2,2023,cliente8245@yahoo.com
RES03494,2023-01-10,Merida,Haciendas del Mayab,Grupal,12,6.0,Mexico,Español,,9153.0,3.2,4.8,Efectivo,Completada,G006,Baja,1,2023,cliente1786@outlook.com
RES01949,2022-08-17,Tulum,Ruinas de Tulum,Grupal,19,7.0,Mexico,Ingles,1087.93,24478.43,8.7,3.7,Efectivo,Completada,G028,Alta,8,2022,cliente3587@outlook.com
RES01460,2022-09-05,Akumal,Snorkel Tortugas Akumal,Privad0,1,0.0,Estados Unidos,Ingles,1032.24,1032.24,7.8,4.2,Tarjeta credito,Completada,G017,Baja,9,2022,cliente7385@yahoo.com
RES01769,2021-09-04,Cancun,Snorkel Arrecife,Privado,3,,Mexico,Español,917.15,3210.03,9.9,4.7,Efectivo,Cancelada,G027,Baja,9,2021,cliente2282@yahoo.com
RES03299,2021-03-07,Bacalar,Fuerte de San Felipe,Grupal,4,0.0,Mexico,Ingles,,4152.6,3.3,5.0,Transferencia,Completada,,Alta,3,2021,cliente1456@hotmail.com
RES05020,2023-08-07,Playa del Carmen,Xel-Ha,Grupal,16,1.0,Estados Unidos,Español,1015.16,16750.14,4.6,2.8,Tarjeta debito,Completada,G006,Alta,8,2023,cliente8566@hotmail.com
RES03880,2023-11-02,Uxmal,Uxmal + Kabah,Grupal,7,3.0,Argentina,Ingles,932.02,7922.17,6.4,5.0,Tarjeta credito,Completada,G018,Media,11,2023,cliente3550@yahoo.com
RES05778,2021-07-09,Holbox,Tour Isla Holbox,Grupal,8,1.0,Suecia,Frances,1188.68,10103.78,2.7,5.0,Tarjeta credito,Cancelada,G034,Alta,7,2021,cliente7333@yahoo.com
RES01588,2023-07-14,Playa del Carmen,Xel-Ha,Privado,2,,Mexico,Español,1620.71,4051.78,10.2,4.9,Efectivo,Completada,G019,Alta,7,2023,cliente5506@yahoo.com
RES04668,2022-06-07,Tulum,Ruinas de Tulum,Grupal,17,3.0,Mexico,Ingles,1042.01,19277.19,7.7,99.0,Efectivo,Confirmada,G021,Media,6,2022,cliente5608@yahoo.com
RES01732,2021-12-21,Holbox,Avistamiento Tiburon Ballena,Grupal,18,3.0,Estados Unidos,Ingles,1165.96,22736.22,3.4,3.7,Tarjeta credito,Completada,G002,Alta,12,2021,cliente697@outlook.com
RES05749,2022-07-07,Cozumel,Snorkel El Cielo,Grupal,7,0.0,Canada,Español,1282.15,8975.05,3.3,5.0,Tarjeta credito,Completada,G018,Alta,7,2022,cliente1664@yahoo.com
RES04701,2021-10-25,Bacalar,Fuerte de San Felipe,Grupal,20,1.0,Mexico,Portugues,922.51,18911.45,3.9,5.0,Efectivo,Completada,G038,Media,10,2021,cliente9439@icloud.com
RES00183,2024-01-29,Uxmal,Uxmal + Kabah,Grupal,6,,Mexico,Ingles,784.41,5883.07,9.1,4.9,Tarjeta debito,Completada,G001,Baja,1,2024,cliente5414@hotmail.com
RES01792,2023-03-10,Playa del Carmen,Quinta Avenida + Cozumel,Grupal,8,4.0,España,Frances,1101.48,11014.8,,5.0,Transferencia,Completada,G006,Alta,3,2023,
RES02356,2021-12-04,Bacalar,Fuerte de San Felipe,Grupal,9,0.0,Canada,Español,995.47,8959.23,10.5,4.8,Tarjeta credito,Completada,G030,Alta,12,2021,cliente7337@icloud.com
RES01941,2022-04-18,Tulum,Cenote Gran Cenote,Grupal,20,10.0,Canada,Portugues,1103.41,27585.25,5.4,,Tarjeta credito,Completada,G005,Alta,4,2022,cliente9580@gmail.com
RES00703,2021-01-11,Bacalar,Fuerte de San Felipe,Grupal,16,6.0,Francia,Aleman,817.3,15528.7,5.9,4.3,Transferencia,Completada,G010,Baja,1,2021,cliente1051@icloud.com
RES02443,2022-06-07,Chichen Itza,Chichen Itza + Cenote Ik Kil,Grupal,12,4.0,Estados Unidos,Portugues,1168.02,16352.28,8.7,4.7,Efectivo,Completada,G029,Media,6,2022,cliente6024@yahoo.com
RES04031,2022-11-08,Merida,Haciendas del Mayab,Grupal,8,2.0,Francia,Aleman,722.39,6501.51,9.1,5.0,Tarjeta debito,Completada,G030,Media,11,2022,cliente7481@outlook.com
RES00497,2022-06-04,Bacalar,Kayak Canales,Grupal,16,3.0,Mexico,Español,884.16,15472.8,7.0,3.3,Efectivo,Completada,G018,Media,6,2022,cliente1154@outlook.com
RES04692,2021-05-23,Merida,Centro Historico Merida,Grupal,12,4.0,Canada,Español,687.33,9622.62,2.8,4.7,Paypal,Completada,G021,Media,5,2021,cliente6423@outlook.com
RES00465,2021-11-22,Chichen Itza,Valladolid + Chichen Itza,Grupal,10,0.0,Colombia,Ingles,1267.74,12677.4,3.9,1.7,Tarjeta debito,Completada,G014,Media,11,2021,cliente1259@hotmail.com
RES05644,2021-12-07,Holbox,Avistamiento Tiburon Ballena,Grupal,9,4.0,Francia,Ingles,1342.49,14767.39,8.7,3.8,Tarjeta credito,Completada,G029,Alta,12,2021,cliente844@hotmail.com
RES05215,2023-01-12,Uxmal,Uxmal + Kabah,Grupal,18,7.0,Francia,Italiano,920.67,19794.4,7.5,4.1,Tarjeta debito,Pendiente,G029,Baja,1,2023,cliente1468@hotmail.com
RES00173,2021-05-05,Tulum,Ruinas de Tulum,Grupal,10,4.0,Alemania,Español,926.02,11112.24,10.0,5.0,Tarjeta debito,Completada,G027,Media,5,2021,cliente9662@outlook.com
RES02021,2022-09-29,Akumal,Snorkel Tortugas Akumal,Privado,2,0.0,Francia,Español,1036.82,2073.64,3.9,-1.0,Paypal,Cancelada,G024,Baja,9,2022,cliente138@icloud.com
RES05787,2022-06-27,Cancun,Isla Mujeres,Grupal,4,1.0,Francia,Español,721.75,3247.88,8.4,1.0,Tarjeta credito,Completada,G032,Media,6,2022,cliente2963@gmail.com
RES05373,2021-03-31,Tulum,Cenote Dos Ojos,Grupal,4,1.0,,Italiano,1226.91,5521.1,10.4,5.0,Efectivo,Completada,G018,Alta,3,2021,cliente2924@icloud.com
RES02541,2023-01-04,Akumal,Cenote Yalku,Grupal,10,1.0,Canada,Ingles,647.72,6801.06,6.4,3.7,Tarjeta credito,Completada,G027,Baja,1,2023,cliente7394@yahoo.com
RES05988,2021-06-12,Cancun,Snorkel Arrecife,Privado,2,1.0,Reino Unido,Portugues,1036.54,2591.35,9.9,3.8,Efectivo,Completada,,Media,6,2021,
RES02010,2022-12-23,Akumal,Snorkel Tortugas Akumal,Grupal,20,1.0,Mexico,Español,914.48,18746.84,10.1,,Efectivo,Completada,G036,Alta,12,2022,cliente1455@icloud.com
RES02261,2022-06-24,Uxmal,Ruta Puuc,Privado,1,0.0,Estados Unidos,Frances,1513.17,1513.17,7.3,2.4,Efectivo,Pendiente,G006,Media,6,2022,cliente8075@outlook.com
RES03085,2023-04-24,Holbox,Avistamiento Tiburon Ballena,Privado,1,0.0,Estados Unidos,Ingles,1934.46,1934.46,8.6,3.8,Efectivo,Completada,G036,Alta,4,2023,cliente8037@gmail.com
RES02113,2023-10-07,Playa del Carmen,Xel-Ha,Privado,1,0.0,Estados Unidos,Español,1174.96,1174.96,9.8,4.7,,Cancelada,G031,Media,10,2023,usuario.dominio.com
RES00901,2023-11-10,Akumal,Snorkel Tortugas Akumal,Grupal,11,0.0,Reino Unido,Español,739.1,8130.1,4.0,4.7,Tarjeta credito,Cancelada,G035,Media,11,2023,cliente6604@outlook.com
RES01447,2021-11-10,Tulum,Cenote Gran Cenote,Grupal,9,1.0,Estados Unidos,Ingles,1030.65,9791.18,7.1,3.3,Tarjeta credito,Completada,G038,Media,11,2021,cliente3527@gmail.com
RES01912,2023-10-25,Cancun,Isla Mujeres,Grupal,18,2.0,Estados Unidos,Portugues,779.29,14806.51,3.9,5.0,Efectivo,Completada,G023,Media,10,2023,cliente6606@outlook.com
RES03543,2021-06-28,Holbox,Tour Isla Holbox,Grupal,12,4.0,Alemania,Portugues,1076.16,15066.24,7.3,4.2,Tarjeta debito,Completada,G018,Media,6,2021,cliente4280@outlook.com
RES02698,2021-01-29,Playa del Carmen,Quinta Avenida + Cozumel,Privado,3,0.0,Polonia,Español,1059.61,3178.83,9.9,4.9,Tarjeta debito,Completada,G039,Baja,1,2021,cliente7996@icloud.com
RES05044,2021-07-10,Cancun,Laguna Nichupte,Grupal,10,0.0,Holanda,Frances,833.44,8334.4,8.3,5.0,Transferencia,Completada,G021,Alta,7,2021,cliente4141@outlook.com
RES03663,2021-02-26,Tulum,Ruinas de Tulum,Privado,1,0.0,Mexico,Italiano,1141.17,1141.17,6.0,4.4,Tarjeta debito,Completada,G025,Baja,2,2021,cliente4530@outlook.com
RES00742,2023-01-31,Tulum,Cenote Dos Ojos,Grupal,18,7.0,Estados Unidos,Ingles,758.9,16316.35,2.6,4.1,Efectivo,Completada,G015,Baja,1,2023,cliente7198@gmail.com
RES02294,2022-07-18,Tulum,Sian Ka'an,Privado,1,,Estados Unidos,Ingles,1656.3,1656.3,6.6,5.0,Transferencia,Completada,G009,Alta,7,2022,
RES02453,2022-02-01,Cozumel,Buceo Arrecife Palancar,Grupal,19,5.0,Mexico,Ingles,965.15,20750.72,9.2,1.8,,Confirmada,G036,Baja,2,2022,cliente8443@icloud.com
RES03753,2023-10-10,Holbox,Avistamiento Tiburon Ballena,Privado,3,1.0,,,1568.65,5490.28,10.2,5.0,Transferencia,Cancelada,G024,Media,10,2023,cliente8355@gmail.com
RES04927,2022-10-28,Cancun,Zona Hotelera Tour,Privado,2,1.0,Canada,Ingles,1225.56,3063.9,,,Efectivo,Confirmada,G004,Media,10,2022,cliente7787@yahoo.com
RES01207,2023-01-30,Bacalar,Kayak Canales,Grupal,15,7.0,Mexico,Ingles,763.17,14118.64,7.9,2.7,Transferencia,Completada,G020,Baja,1,2023,cliente6224@gmail.com
RES00510,2023-07-06,Cancun,Snorkel Arrecife,Privado,3,0.0,Francia,Italiano,1385.54,4156.62,,3.9,,Completada,G040,Alta,7,2023,cliente9264@outlook.com
RES03717,2022-01-21,Akumal,Snorkel Tortugas Akumal,Privado,4,0.0,Mexico,Ingles,967.08,3868.32,2.7,1.2,Efectivo,Pendiente,G021,Baja,1,2022,cliente3827@outlook.com
RES05002,2023-03-10,Tulum,Sian Ka'an,Grupal,15,7.0,Reino Unido,Español,1217.47,22523.19,8.0,4.7,Transferencia,Pendiente,G034,Alta,3,2023,cliente4552@icloud.com
RES03751,2022-10-19,Merida,Haciendas del Mayab,Privado,3,0.0,Polonia,Español,986.33,2958.99,6.0,5.0,Efectivo,Completada,G002,Media,10,2022,
RES04018,2021-07-02,Akumal,Cenote Yalku,Privado,2,1.0,Brasil,Ingles,1507.07,3767.67,6.9,3.8,Tarjeta credito,Completada,G005,Alta,7,2021,@dominio.com
RES05466,2021-06-06,Cozumel,Tour Isla Cozumel,Grupal,13,5.0,Mexico,Frances,1143.3,17721.15,7.4,5.0,Transferencia,Confirmada,G006,Media,6,2021,cliente9233@hotmail.com
RES01550,2022-04-19,Playa del Carmen,Quinta Avenida + Cozumel,Grupal,14,4.0,Estados Unidos,Ingles,1119.64,17914.24,9.0,5.0,Tarjeta debito,Completada,G007,Alta,4,2022,cliente6226@yahoo.com
RES03030,2021-01-10,Cancun,Snorkel Arrecife,Grupal,19,7.0,Italia,Frances,664.62,14953.95,9.6,,Efectivo,Completada,G002,Baja,1,2021,sinArroba.com
RES05411,2024-02-14,Tulum,Ruinas de Tulum,Privado,3,1.0,Canada,Español,1258.91,4406.19,4.7,3.1,Efectivo,Confirmada,G030,Baja,2,2024,cliente7300@outlook.com
RES02203,2023-11-07,Playa del Carmen,Xel-Ha,Privado,4,2.0,Mexico,Español,1361.48,6807.4,5.7,4.7,Tarjeta credito,Confirmada,G038,Media,11,2023,cliente9227@hotmail.com
RES02567,2022-06-02,Merida,Haciendas del Mayab,Grupal,12,3.0,Mexico,,666.84,9002.34,4.7,5.0,Efectivo,Completada,G006,Media,6,2022,cliente6484@gmail.com
RES03837,2023-03-06,Uxmal,Ruta Puuc,Privado,1,0.0,Mexico,Ingles,1817.92,1817.92,6.9,5.0,Tarjeta credito,Completada,G005,Alta,3,2023,cliente4191@yahoo.com
RES02045,2021-09-27,Bacalar,Laguna de los 7 Colores,Grupal,8,0.0,Estados Unidos,Español,788.47,6307.76,7.9,4.6,Tarjeta debito,Completada,G007,Baja,9,2021,cliente8137@gmail.com
RES00768,2022-10-29,Bacalar,Laguna de los 7 Colores,Grupal,11,5.0,Canada,Italiano,870.04,11745.54,7.3,,Transferencia,Confirmada,G010,Media,10,2022,cliente9237@outlook.com
RES05887,2021-12-18,Cozumel,Buceo Arrecife Palancar,Grupal,14,6.0,Estados Unidos,Español,1239.99,21079.83,6.2,5.0,Efectivo,Confirmada,G036,Alta,12,2021,cliente7962@outlook.com
RES03700,2022-06-23,Cancun,Snorkel Arrecife,Privado,4,1.0,Mexico,Español,1236.13,5562.59,9.5,3.9,Efectivo,Completada,G024,Media,6,2022,cliente6118@icloud.com
RES01509,2021-09-08,Tulum,Cenote Dos Ojos,Privado,2,1.0,Francia,Frances,1322.13,3305.33,9.5,3.1,,Completada,G004,Baja,9,2021,cliente7765@yahoo.com
RES03135,2023-03-17,Holbox,Tour Isla Holbox,Grupal,12,6.0,Reino Unido,Ingles,1174.11,17611.65,8.3,5.0,Tarjeta debito,Completada,G016,Alta,3,2023,cliente9202@yahoo.com
RES05873,2021-04-16,Uxmal,Uxmal + Kabah,Grupal,17,2.0,Francia,Ingles,1211.87,21813.66,6.9,4.1,Transferencia,Cancelada,,Alta,4,2021,cliente1377@outlook.com
RES00422,2024-02-02,Uxmal,Uxmal + Kabah,Grupal,9,1.0,Mexico,Frances,835.61,7938.3,7.0,4.0,Tarjeta debito,Cancelada,G011,Baja,2,2024,cliente1827@yahoo.com
RES00124,2021-02-14,Bacalar,Laguna de los 7 Colores,Grupal,14,,Mexico,Frances,740.78,12593.26,7.6,4.7,Efectivo,Completada,G013,Baja,2,2021,cliente7955@outlook.com
RES05010,2023-06-01,Uxmal,Uxmal + Kabah,Privado,1,,Mexico,Español,1508.38,1508.38,6.6,4.2,Crypto,Completada,G025,Media,6,2023,cliente4808@icloud.com
RES04864,2022-08-13,Uxmal,Ruta Puuc,Grupal,8,0.0,Estados Unidos,,1308.5,-10468.0,4.0,4.2,Tarjeta credito,Completada,G028,Alta,8,2022,cliente4520@gmail.com
RES03293,2021-06-25,Akumal,Cenote Yalku,Grupal,17,2.0,Canada,Español,787.84,14181.12,4.2,5.0,Efectivo,Completada,G014,Media,6,2021,cliente8004@gmail.com
RES00820,2021-05-28,Uxmal,Ruta Puuc,Grupal,17,3.0,Francia,Portugues,993.82,18385.67,6.1,4.6,Efectivo,Completada,G020,Media,5,2021,cliente7968@hotmail.com
RES01404,2022-03-10,Tulum,Sian Ka'an,PRIVADO,4,1.0,Mexico,Español,1659.05,7465.72,2.5,4.8,Efectivo,Confirmada,G040,Alta,3,2022,cliente9200@yahoo.com
RES01383,2021-12-02,Uxmal,Uxmal + Kabah,Grupal,4,2.0,Estados Unidos,Español,1153.65,5768.25,5.1,4.9,Transferencia,Completada,G035,Alta,12,2021,cliente8591@gmail.com
RES02149,2024-02-27,Merida,Haciendas del Mayab,Grupal,19,0.0,Brasil,Español,613.93,11664.67,2.9,5.0,Efectivo,Completada,G016,Baja,2,2024,cliente113@outlook.com
RES05983,2023-09-05,Bacalar,Laguna de los 7 Colores,Privado,-4,2.0,Estados Unidos,Español,1120.76,5603.8,3.7,5.0,,Completada,G029,Baja,9,2023,cliente3856@yahoo.com
RES01576,2021-12-31,Chichen Itza,Valladolid + Chichen Itza,Grupal,17,1.0,Mexico,Italiano,1565.3,27392.75,9.1,5.0,Tarjeta debito,Completada,G001,Alta,12,2021,cliente2300@gmail.com
RES01639,2023-06-17,Akumal,Snorkel Tortugas Akumal,Grupal,12,0.0,Estados Unidos,Ingles,830.26,9963.12,8.4,,,Completada,G018,Media,6,2023,cliente4066@yahoo.com
RES01796,2023-10-23,Cancun,Zona Hotelera Tour,Grupal,19,6.0,Estados Unidos,Italiano,732.33,16111.26,3.3,3.1,Tarjeta credito,Confirmada,G014,Media,10,2023,cliente9442@outlook.com
RES03332,2021-07-14,Bacalar,Kayak Canales,Grupal,9,1.0,Colombia,Ingles,1142.11,10850.04,7.8,2.6,Tarjeta debito,Cancelada,G033,Alta,7,2021,cliente3708@outlook.com
RES05808,2022-05-23,Holbox,Tour Isla Holbox,Grupal,15,3.0,Italia,Ingles,1060.74,17502.21,8.7,3.8,Tarjeta debito,Completada,G034,Media,5,2022,cliente1177@yahoo.com
RES05371,2021-04-03,Chichen Itza,Valladolid + Chichen Itza,Grupal,7,2.0,Estados Unidos,Italiano,1357.63,10861.04,9.3,1.7,Tarjeta debito,Pendiente,G004,Alta,4,2021,cliente5733@icloud.com
RES00400,2024-01-01,Chichen Itza,Chichen Itza + Cenote Ik Kil,Grupal,13,0.0,España,Ingles,1004.41,13057.33,10.0,5.0,Efectivo,Completada,G039,Baja,1,2024,cliente3346@outlook.com
RES03152,2023-05-25,Merida,Centro Historico Merida,Privado,2,0.0,Estados Unidos,Aleman,1083.19,2166.38,8.6,2.9,Efctivo,Completada,G038,Media,5,2023,cliente2475@gmail.com
RES02311,2022-03-10,Merida,Izamal + Merida,Privado,2,0.0,Japon,Portugues,1353.07,2706.14,6.6,3.3,Tarjeta credito,Completada,G029,Alta,3,2022,cliente1567@hotmail.com
RES00883,2023-07-21,Bacalar,Fuerte de San Felipe,Grupal,13,5.0,,Ingles,1158.2,17952.1,2.8,3.9,Efectivo,Cancelada,G033,Alta,7,2023,cliente8647@gmail.com
RES03566,2022-08-31,Merida,Haciendas del Mayab,Privado,2,1.0,Canada,Ingles,1207.3,3018.25,7.3,5.0,Efectivo,Completada,G006,Alta,8,2022,cliente3786@gmail.com
RES01113,2024-03-09,Akumal,Cenote Yalku,Privado,2,0.0,Alemania,Español,1441.7,2883.4,5.7,3.7,Tarjeta credito,Completada,G039,Alta,3,2024,@dominio.com
RES01180,2023-12-09,Merida,Izamal + Merida,Privado,4,1.0,Estados Unidos,,1220.33,5491.48,7.2,4.7,Tarjeta credito,Completada,G006,Alta,12,2023,cliente7326@hotmail.com
RES01353,2022-07-31,Uxmal,Ruta Puuc,Privado,3,,Estados Unidos,Ingles,1974.64,5923.92,3.5,5.0,Tarjeta credito,Completada,G024,Alta,7,2022,cliente3032@outlook.com
RES03932,2024-01-10,Tulum,Sian Ka'an,Privado,2,0.0,Mexico,Español,1127.95,2255.9,2.9,4.9,Crypto,Completada,G004,Baja,1,2024,cliente2201@yahoo.com
RES05490,2021-07-01,Merida,Haciendas del Mayab,Grupal,12,3.0,Francia,Español,817.52,11036.52,4.6,3.0,Paypal,Confirmada,G040,Alta,7,2021,cliente6301@icloud.com
RES02131,2024-01-11,Cozumel,Snorkel El Cielo,Privado,3,0.0,Argentina,Ingles,1455.75,4367.25,9.9,5.0,Transferencia,Completada,G020,Baja,1,2024,cliente4454@outlook.com
RES00983,2021-08-09,Tulum,Ruinas de Tulum,Privado,1,0.0,Mexico,Español,1649.12,1649.12,6.3,3.0,Transferencia,Completada,G036,Alta,8,2021,@dominio.com
RES00457,2021-07-26,Cozumel,Tour Isla Cozumel,Grupal,13,3.0,Mexico,Ingles,1265.14,18344.53,5.1,2.8,Efectivo,Completada,G020,Alta,7,2021,cliente1547@yahoo.com
RES01487,2023-10-30,Playa del Carmen,Xcaret,Privado,1,0.0,Alemania,Español,1390.47,1390.47,9.0,5.0,Tarjeta debito,Completada,G005,Media,10,2023,cliente2852@icloud.com
RES01080,2021-07-20,Tulum,Ruinas de Tulum,Grupal,14,0.0,Canada,Español,1161.45,16260.3,4.2,4.9,Efectivo,Completada,G028,Alta,7,2021,cliente2472@gmail.com
RES01951,2021-05-30,Uxmal,Uxmal + Kabah,Privado,1,0.0,Argentina,Español,1438.66,1438.66,2.9,4.7,Efectivo,Completada,G035,Media,5,2021,cliente9979@gmail.com
RES05188,2021-03-02,Cozumel,Tour Isla Cozumel,Grupal,8,1.0,Francia,Frances,1246.96,10599.16,6.2,3.4,Efectivo,Completada,G030,Alta,3,2021,usuario@
RES00690,2022-03-31,Cancun,Snorkel Arrecife,Privado,3,0.0,,Español,1315.41,3946.23,7.0,5.0,,Confirmada,G023,Alta,3,2022,cliente3962@icloud.com
RES02430,2023-05-05,Cancun,Zona Hotelera Tour,Grupal,19,6.0,Argentina,Ingles,791.12,17404.64,8.0,5.0,Tarjeta credito,Confirmada,G037,Media,5,2023,cliente7266@gmail.com
RES00642,2022-08-20,Chichen Itza,Chichen Itza + Cenote Ik Kil,Grupal,5,0.0,Mexico,Ingles,1460.06,7300.3,3.3,5.0,,Completada,G021,Alta,8,2022,cliente4730@icloud.com
RES02393,2023-04-24,Playa del Carmen,Quinta Avenida + Cozumel,Grupal,5,0.0,Mexico,Español,1101.63,5508.15,2.8,,Tarjeta debito,Confirmada,G017,Alta,4,2023,usuario@
RES02826,2023-04-22,Chichen Itza,Chichen Itza + Cenote Ik Kil,Privado,3,1.0,Mexico,Frances,2321.27,8124.44,4.8,4.1,Efectivo,Completada,G002,Alta,4,2023,cliente6997@yahoo.com
RES01954,2023-02-07,Chichen Itza,Chichen Itza + Cenote Ik Kil,Privado,3,0.0,Estados Unidos,Ingles,1558.31,4674.93,6.1,5.0,Efectivo,Cancelada,G002,Baja,2,2023,cliente2689@hotmail.com
RES03539,2024-03-21,Chichen Itza,Chichen Itza + Cenote Ik Kil,Grupal,8,2.0,Polonia,Ingles,1330.55,11974.95,7.9,4.7,Efectivo,Confirmada,G005,Alta,3,2024,cliente6562@icloud.com
RES03939,2022-03-25,Cozumel,Tour Isla Cozumel,Privado,4,2.0,Australia,Español,1833.72,9168.6,3.2,3.0,Tarjeta credito,Completada,G021,Alta,3,2022,cliente8255@yahoo.com
RES03059,2021-06-25,Bacalar,Laguna de los 7 Colores,Privado,2,1.0,Italia,Español,1411.35,3528.38,3.1,3.3,Efectivo,Completada,G018,Media,6,2021,cliente1516@yahoo.com
RES03965,2023-02-02,Playa del Carmen,Xcaret,Privado,1,0.0,Japon,Ingles,1000.45,1000.45,4.3,5.0,Efectivo,Completada,G031,Baja,2,2023,cliente6476@hotmail.com
RES04518,2023-05-30,Holbox,Avistamiento Tiburon Ballena,Privado,3,1.0,Mexico,Español,1730.45,6056.57,10.4,,Efectivo,Pendiente,G026,Media,5,2023,cliente6506@hotmail.com
RES02711,31/05/2023,Chichen Itza,Valladolid + Chichen Itza,Grupal,20,2.0,Estados Unidos,Ingles,1115.8,23431.8,2.7,4.9,Tarjeta credito,Completada,,Media,5,2023,cliente158@outlook.com
RES01084,2023-03-12,Uxmal,Uxmal + Kabah,Privado,1,0.0,Reino Unido,Frances,1796.8,1796.8,5.1,1.1,Tarjeta credito,Cancelada,G012,Alta,3,2023,cliente6319@gmail.com
RES05931,2022-11-10,Akumal,Cenote Yalku,Grupal,6,0.0,Mexico,Portugues,854.49,5126.94,8.3,5.0,,Completada,G025,Media,11,2022,cliente7211@outlook.com
RES05751,2021-10-17,Cancun,Zona Hotelera Tour,Privado,4,1.0,Estados Unidos,Ingles,1074.14,4833.63,8.2,4.4,Efectivo,Cancelada,,Media,10,2021,cliente7251@icloud.com
RES04145,2021-05-22,Bacalar,Kayak Canales,Grupal,4,1.0,Canada,Español,916.51,4124.3,3.5,5.0,Tarjeta credito,Confirmada,G038,Media,5,2021,@dominio.com
RES01885,2024-01-25,Merida,Centro Historico Merida,Grupal,8,3.0,,Italiano,587.6,5582.2,9.7,4.2,Efectivo,Completada,G033,Baja,1,2024,cliente9644@yahoo.com
RES04537,2022-09-28,Bacalar,Kayak Canales,Privado,4,1.0,Estados Unidos,Ingles,1187.92,200000.0,8.7,4.7,Tarjeta debito,Completada,G004,Baja,9,2022,usuario.dominio.com
RES00390,2022-08-02,Playa del Carmen,Xel-Ha,Privado,2,1.0,Francia,Español,1629.81,4074.52,4.5,5.0,Tarjeta credito,Completada,G012,Alta,8,2022,cliente6642@hotmail.com
RES02495,2021-12-01,Chichen Itza,Valladolid + Chichen Itza,Grupal,19,2.0,Alemania,Español,1455.93,29118.6,10.3,4.3,Transferencia,Completada,G031,Alta,12,2021,cliente2189@yahoo.com
RES01852,2023-10-22,Holbox,Tour Isla Holbox,Grupal,6,0.0,Mexico,Español,1016.19,6097.14,6.4,4.7,Transferencia,Completada,G026,Media,10,2023,cliente6327@yahoo.com
RES03037,2021-04-24,Tulum,Cenote Dos Ojos,Privado,3,0.0,Brasil,Ingles,1594.98,4784.94,5.1,4.4,Tarjeta credito,Completada,G040,Alta,4,2021,cliente5541@hotmail.com
RES05180,2024-01-23,Tulum,Cenote Dos Ojos,Grupal,9,0.0,Reino Unido,Ingles,828.51,7456.59,4.6,3.8,Transferencia,Confirmada,G039,Baja,1,2024,cliente9199@outlook.com
RES03604,2022-05-25,Bacalar,Laguna de los 7 Colores,Privado,4,0.0,Argentina,Español,1474.48,5897.92,7.5,5.0,Tarjeta debito,Completada,G013,Media,5,2022,cliente755@icloud.com
RES00846,2021-04-25,Bacalar,Kayak Canales,Privado,3,1.0,Mexico,Ingles,1618.46,5664.61,6.8,5.0,Tarjeta debito,Pendiente,G023,Alta,4,2021,cliente6435@gmail.com
RES00543,2021-02-08,Bacalar,Fuerte de San Felipe,Grupal,5,0.0,Colombia,Español,819.24,4096.2,2.9,4.3,Efectivo,Completada,G019,Baja,2,2021,
RES03725,2024-03-04,Merida,Centro Historico Merida,Privado,3,1.0,Holanda,Ingles,1245.43,4359.01,4.3,-1.0,Tarjeta debito,Pendiente,G029,Alta,3,2024,cliente6330@gmail.com
RES00092,2021-09-01,Holbox,Punta Mosquito,Privado,4,0.0,Mexico,Portugues,1439.96,5759.84,10.5,4.0,Efectivo,Completada,G007,Baja,9,2021,cliente6544@gmail.com
RES03680,2022-08-25,Cancun,Snorkel Arrecife,Grupal,17,1.0,Suecia,Ingles,836.65,14641.38,8.2,5.0,Tarjeta debito,Completada,G022,Alta,8,2022,cliente6163@hotmail.com
RES05677,2022-07-11,Holbox,Avistamiento Tiburon Ballena,Grupal,16,0.0,Mexico,Ingles,1287.4,20598.4,4.1,4.7,,Confirmada,G027,Alta,7,2022,cliente6748@icloud.com
RES04246,2024-01-28,Bacalar,Fuerte de San Felipe,Grupal,9,3.0,Mexico,Ingles,720.99,7570.4,10.0,,Tarjeta credito,Confirmada,G031,Baja,1,2024,cliente4437@hotmail.com
RES01980,2022-01-09,Tulum,Cenote Gran Cenote,Privado,1,0.0,Mexico,Ingles,1262.07,1262.07,6.0,5.0,Tarjeta debito,Completada,G028,Baja,1,2022,usuario.dominio.com
RES03245,2024-02-08,Cozumel,Snorkel El Cielo,Privado,2,,Reino Unido,Español,25000.0,3048.48,5.8,4.6,Tarjeta credito,Completada,G027,Baja,2,2024,cliente1041@yahoo.com
RES05065,2023-11-21,Uxmal,Ruta Puuc,Privado,3,1.0,Mexico,Ingles,1427.5,4996.25,3.1,5.0,Transferencia,Completada,G015,Media,11,2023,
RES03151,2024-03-03,Uxmal,Uxmal + Kabah,Privado,3,1.0,Mexico,Ingles,1872.24,6552.84,10.4,4.8,Efectivo,Completada,G010,Alta,3,2024,cliente2121@hotmail.com
RES05638,2021-08-05,Cancun,Isla Mujeres,Grupal,6,1.0,Estados Unidos,Español,868.27,5643.76,8.7,2.8,Tarjeta credito,Completada,G008,Alta,8,2021,cliente1118@yahoo.com
RES04333,2023-05-15,Chichen Itza,Chichen Itza + Cenote Ik Kil,Privado,1,0.0,Canada,Español,1780.85,1780.85,10.4,5.0,Tarjeta debito,Completada,G014,Media,5,2023,cliente9040@outlook.com
RES04388,2022-11-26,Tulum,Ruinas de Tulum,Privado,3,0.0,Mexico,Frances,1312.82,3938.46,,4.4,Efectivo,Confirmada,G006,Media,11,2022,cliente9320@icloud.com
RES02965,2022-06-12,Akumal,Cenote Yalku,Privado,4,0.0,Estados Unidos,Español,1219.51,4878.04,6.0,5.0,Tarjeta credito,Confirmada,G005,Media,6,2022,cliente9284@hotmail.com
RES03464,2023-01-18,Playa del Carmen,Quinta Avenida + Cozumel,Privado,3,0.0,Alemania,Ingles,1164.92,3494.76,,5.0,Efectivo,Completada,G002,Baja,1,2023,cliente2280@gmail.com
RES02530,2023-06-23,Chichen Itza,Chichen Itza + Cenote Ik Kil,Grupal,11,,Estados Unidos,,1119.69,12316.59,5.5,1.7,Tarjeta debito,Completada,G001,Media,6,2023,cliente1723@icloud.com
RES05406,2023-03-22,Cancun,Isla Mujeres,Grupal,10,5.0,Mexico,Italiano,943.01,11787.62,3.5,2.1,Tarjeta debito,Completada,G034,Alta,3,2023,cliente5141@outlook.com
RES01677,2023-07-24,Tulum,Cenote Dos Ojos,Grupal,6,1.0,Suiza,Español,1212.56,7881.64,4.9,5.0,Tarjeta credito,Completada,,Alta,7,2023,
RES01049,2021-09-01,Cozumel,Snorkel El Cielo,Grupal,12,6.0,Mexico,Italiano,866.68,13000.2,5.4,,Efectivo,Confirmada,G010,Baja,9,2021,cliente1240@gmail.com
RES02950,08-02-2021,Merida,Centro Historico Merida,Grupal,11,3.0,Alemania,Ingles,862.87,10785.88,9.2,4.8,Efectivo,Completada,G029,Alta,8,2021,cliente4231@hotmail.com
RES01961,2022-09-24,Cozumel,Snorkel El Cielo,Grupal,17,3.0,Estados Unidos,Español,,18137.4,6.6,4.9,Efectivo,Completada,G021,Baja,9,2022,cliente5958@outlook.com
RES02531,2023-10-11,Cozumel,Snorkel El Cielo,Grupal,20,6.0,Canada,Español,1059.2,24361.6,2.8,4.4,Tarjeta credito,Completada,G021,Media,10,2023,cliente8324@hotmail.com
RES04439,2021-04-08,Cozumel,Buceo Arrecife Palancar,Privado,3,0.0,Brasil,Español,2132.81,6398.43,3.0,5.0,Tarjeta credito,Completada,G038,Alta,4,2021,cliente9173@outlook.com
RES04933,2022-05-25,Cancun,Snorkel Arrecife,Grupal,13,0.0,Mexico,Aleman,780.68,10148.84,5.3,4.9,Efectivo,Cancelada,G017,Media,5,2022,cliente8506@outlook.com
RES03989,2023-08-16,Bacalar,Laguna de los 7 Colores,Privado,3,0.0,Argentina,Ingles,1724.71,5174.13,8.3,5.0,Tarjeta credito,Completada,G003,Alta,8,2023,cliente8783@gmail.com
RES00238,2023-08-29,Merida,Centro Historico Merida,Grupal,11,4.0,Mexico,Español,807.14,10492.82,6.9,4.7,Tarjeta credito,Pendiente,G006,Alta,8,2023,
RES05375,2022-04-21,Merida,Centro Historico Merida,Privado,2,1.0,Francia,Portugues,1339.16,3347.9,5.6,4.6,Tarjeta credito,Completada,G028,Alta,4,2022,cliente9925@gmail.com
RES05958,2023-03-02,Chichen Itza,Chichen Itza + Cenote Ik Kil,Privado,3,1.0,España,Español,2020.36,7071.26,5.6,4.1,Tarjeta debito,Completada,,Alta,3,2023,cliente5060@yahoo.com
RES01134,2022-01-22,Tulum,Ruinas de Tulum,Grupal,6,1.0,,Español,861.75,5601.38,8.0,5.0,Tarjeta credito,Completada,G035,Baja,1,2022,cliente4433@outlook.com
RES02881,2022-12-06,Cozumel,Tour Isla Cozumel,Grupal,12,2.0,Argentina,Español,1264.98,16444.74,3.4,5.0,Tarjeta credito,Completada,G019,Alta,12,2022,cliente405@hotmail.com
RES01806,2022-02-22,Akumal,Cenote Yalku,Grupal,14,3.0,Estados Unidos,Español,642.31,9955.8,5.4,5.0,,Completada,G021,Baja,2,2022,cliente3720@icloud.com
RES04988,2023-11-29,Uxmal,Ruta Puuc,Grupal,20,9.0,Mexico,Ingles,1071.72,26257.14,10.1,1.0,Transferencia,Cancelada,G034,Media,11,2023,cliente2590@yahoo.com
RES00164,2023-10-24,Uxmal,Ruta Puuc,Grupal,15,1.0,Mexico,Frances,1095.17,16975.14,5.7,4.1,Tarjeta credito,Completada,G007,Media,10,2023,cliente7762@icloud.com
RES04555,2023-10-21,Playa del Carmen,Xel-Ha,Grupal,14,7.0,Australia,Español,820.41,14357.17,10.2,4.3,Tarjeta credito,Completada,G023,Media,10,2023,cliente9469@icloud.com
RES05741,2023-09-30,Uxmal,Ruta Puuc,Grupal,19,7.0,Mexico,Español,846.85,19054.12,9.8,,Tarjeta credito,Confirmada,G008,Baja,9,2023,cliente6330@yahoo.com
RES05683,2023-08-10,Chichen Itza,Chichen Itza + Cenote Ik Kil,Grupal,14,6.0,Mexico,Portugues,1548.02,26316.34,3.1,5.0,Tarjeta debito,Completada,G007,Alta,8,2023,cliente1661@gmail.com
RES04455,2021-04-24,Uxmal,Uxmal + Kabah,Grupal,-19,5.0,Francia,Español,,27532.04,6.8,4.0,Efectivo,Completada,G003,Alta,4,2021,cliente1950@icloud.com
RES04887,2023-08-27,Bacalar,Laguna de los 7 Colores,Privado,3,0.0,Estados Unidos,Español,1712.25,5136.75,3.5,4.9,Paypal,Pendiente,G009,Alta,8,2023,cliente9671@icloud.com
RES04353,2023-05-05,Playa del Carmen,Xcaret,Grupal,14,2.0,Francia,Ingles,,12843.0,3.4,,Tarjeta debito,Completada,G012,Media,5,2023,cliente3796@gmail.com
RES00266,2023-12-07,Merida,Haciendas del Mayab,Grupal,14,2.0,Mexico,Aleman,843.56,12653.4,7.6,4.3,Tarjeta debito,Completada,G017,Alta,12,2023,cliente8975@outlook.com
RES03840,2023-01-20,Cozumel,Snorkel El Cielo,Grupal,14,7.0,Estados Unidos,Español,883.63,15463.52,6.6,2.8,Tarjeta credito,Completada,G022,Baja,1,2023,cliente383@yahoo.com
RES02002,2022-09-24,Merida,Centro Historico Merida,Grupal,9,4.0,Estados Unidos,Español,,6410.91,7.2,5.0,Tarjeta credito,Pendiente,G026,Baja,9,2022,cliente9287@hotmail.com
RES01812,2021-10-01,Playa del Carmen,Quinta Avenida + Cozumel,Privado,3,1.0,Estados Unidos,Frances,1179.45,4128.07,5.7,3.1,Tarjeta credito,Completada,G013,Media,10,2021,cliente3751@hotmail.com
RES03278,2021-03-09,Cozumel,Buceo Arrecife Palancar,Grupal,16,3.0,Argentina,Español,1253.97,21944.48,8.5,1.3,Efectivo,Completada,G010,Alta,3,2021,cliente7998@yahoo.com
RES03896,2022-08-08,Playa del Carmen,Quinta Avenida + Cozumel,Grupal,6,1.0,Reino Unido,Italiano,938.53,6100.44,2.9,4.1,Efectivo,Completada,G007,Alta,8,2022,cliente8194@outlook.com
RES02979,2021-06-02,Akumal,Cenote Yalku,Grupal,20,7.0,Italia,Español,867.77,20392.6,9.4,4.2,Tarjeta debito,Cancelada,G025,Media,6,2021,cliente1458@icloud.com
RES04544,2024-02-14,Holbox,Avistamiento Tiburon Ballena,Grupal,18,7.0,Mexico,Español,825.23,17742.44,9.9,3.8,Tarjeta debito,Completada,G004,Baja,2,2024,cliente8578@hotmail.com
RES02907,2022-02-01,Playa del Carmen,Xcaret,Privado,2,0.0,Canada,Español,1171.23,2342.46,9.4,4.9,Efectivo,Completada,G003,Baja,2,2022,cliente3066@hotmail.com
RES04317,2024-01-08,Cancun,Zona Hotelera Tour,Grupal,9,4.0,Alemania,Ingles,654.37,7198.07,8.7,5.0,Tarjeta debito,Completada,G040,Baja,1,2024,cliente1948@yahoo.com
RES05532,2021-09-08,Chichen Itza,Chichen Itza + Cenote Ik Kil,grupal,9,3.0,Estados Unidos,Español,1029.95,10814.48,10.2,2.2,Transferencia,Confirmada,G031,Baja,9,2021,cliente9167@icloud.com
RES01429,2021-05-30,Chichen Itza,Valladolid + Chichen Itza,Privado,3,1.0,Mexico,Italiano,1902.69,6659.41,9.4,5.0,,Pendiente,G013,Media,5,2021,cliente6500@yahoo.com
RES00399,2022-07-11,Cozumel,Snorkel El Cielo,Grupal,4,1.0,Mexico,Español,,6283.62,4.5,5.0,Paypal,Completada,G030,Alta,7,2022,cliente4714@gmail.com
RES04014,2021-12-16,Playa del Carmen,Xel-Ha,Grupal,7,1.0,Mexico,Español,1006.58,7549.35,6.1,4.1,Efectivo,Cancelada,G012,Alta,12,2021,cliente3201@outlook.com
RES05035,2021-03-02,Playa del Carmen,Xel-Ha,Privado,1,0.0,Alemania,Español,1555.29,1555.29,7.9,4.0,Tarjeta debito,Pendiente,G035,Alta,3,2021,cliente6855@gmail.com
RES00948,2021-03-05,Uxmal,Ruta Puuc,Grupal,17,2.0,Canada,Español,1192.15,21458.7,7.4,4.9,Efectivo,Completada,G034,Alta,3,2021,cliente723@outlook.com
RES03079,2024-03-04,Holbox,Avistamiento Tiburon Ballena,Privado,3,,Mexico,Español,1752.35,6133.22,6.6,4.9,Tarjeta credito,Completada,G031,Alta,3,2024,cliente9549@icloud.com
RES03139,2023-05-27,Holbox,Avistamiento Tiburon Ballena,Privado,3,1.0,Reino Unido,Español,1546.72,5413.52,2.8,5.0,Tarjeta credito,Completada,G003,Media,5,2023,cliente605@icloud.com
RES05382,2022-08-30,Uxmal,Uxmal + Kabah,Privado,2,1.0,Mexico,Español,1884.72,4711.8,2.9,4.1,Tarjeta debito,Completada,G009,Alta,8,2022,cliente7869@outlook.com
RES04953,2023-06-06,Cancun,Snorkel Arrecife,Grupal,8,2.0,Estados Unidos,Español,751.27,6761.43,8.0,4.8,Efectivo,Completada,G028,Media,6,2023,cliente5147@hotmail.com
RES05608,2021-05-06,Bacalar,Fuerte de San Felipe,Privado,3,0.0,Mexico,Español,1308.06,3924.18,6.7,5.0,Tarjeta debito,Completada,G014,Media,5,2021,cliente1265@hotmail.com
RES05602,2021-12-19,Cozumel,Tour Isla Cozumel,Grupal,17,6.0,Mexico,Frances,1385.01,27700.2,6.7,2.9,Crypto,Completada,G018,Alta,12,2021,cliente4845@hotmail.com
RES03230,2021-11-23,Uxmal,Ruta Puuc,Grupal,17,1.0,,Español,1052.85,18424.88,8.0,,Tarjeta credito,Completada,G031,Media,11,2021,cliente8433@gmail.com
RES04397,2021-10-12,Playa del Carmen,Xel-Ha,Grupal,9,1.0,Argentina,Aleman,862.98,8198.31,7.9,,Tarjeta debito,Completada,G024,Media,10,2021,cliente4952@hotmail.com
RES01453,2022-04-28,Tulum,Ruinas de Tulum,Privado,4,1.0,Estados Unidos,Aleman,1770.03,7965.14,7.3,2.3,Crypto,Completada,G030,Alta,4,2022,cliente7878@outlook.com
RES00594,2022-07-30,Tulum,Sian Ka'an,Grupal,17,7.0,Mexico,Aleman,1129.66,23158.03,8.5,5.0,Efectivo,Completada,G021,Alta,7,2022,
RES02726,2021-02-15,Merida,Centro Historico Merida,Grupal,20,10.0,Alemania,Ingles,632.2,15805.0,2.7,4.1,Tarjeta credito,Completada,G022,Baja,2,2021,cliente9312@outlook.com
RES00042,2022-02-16,Akumal,Cenote Yalku,Privado,1,0.0,,Ingles,1009.53,1009.53,6.5,5.0,Transferencia,Completada,,Baja,2,2022,cliente5386@gmail.com
RES00561,2024-02-03,Cancun,Snorkel Arrecife,Privado,1,0.0,Reino Unido,Portugues,967.91,967.91,9.6,4.6,Transferencia,Completada,G002,Baja,2,2024,cliente5191@gmail.com
RES05257,2021-12-04,Chichen Itza,Chichen Itza + Cenote Ik Kil,Grupal,10,3.0,Francia,Portugues,1555.57,17889.06,7.6,1.0,Paypal,Completada,G037,Alta,12,2021,cliente6426@outlook.com
RES04150,2021-11-02,Bacalar,Kayak Canales,Privado,3,1.0,Estados Unidos,Español,1265.56,4429.46,7.4,,Efectivo,Pendiente,G024,Media,11,2021,
RES00490,2021-06-19,Uxmal,Uxmal + Kabah,Grupal,7,1.0,Estados Unidos,,1050.55,7879.12,,4.7,Tarjeta credito,Completada,G012,Media,6,2021,usuario.dominio.com
RES00244,2022-05-21,Tulum,Sian Ka'an,Grupal,10,0.0,Reino Unido,Ingles,886.83,8868.3,10.1,3.7,Tarjeta credito,Completada,G033,Media,5,2022,cliente268@gmail.com
RES03173,2022-06-05,Chichen Itza,Valladolid + Chichen Itza,Grupal,11,1.0,,Español,1125.03,12937.84,9.7,1.7,Tarjeta credito,Completada,G009,Media,6,2022,cliente3803@hotmail.com
RES01340,2021-11-24,Chichen Itza,Chichen Itza + Cenote Ik Kil,Privado,2,0.0,Mexico,Frances,1832.61,3665.22,4.5,5.0,Tarjeta credito,Completada,G013,Media,11,2021,
RES03986,2021-03-09,Cancun,Laguna Nichupte,privado,2,0.0,Canada,Frances,1268.15,2536.3,3.1,1.9,Tarjeta debito,Pendiente,G030,Alta,3,2021,cliente296@icloud.com
RES04169,2021-11-27,Akumal,Snorkel Tortugas Akumal,Privado,2,0.0,,Ingles,1298.03,2596.06,9.4,4.9,Tarjeta credito,Completada,,Media,11,2021,cliente3439@icloud.com
RES00406,2022-06-28,Uxmal,Ruta Puuc,Grupal,15,0.0,,Ingles,25000.0,14524.8,10.0,5.0,Tarjeta credito,Completada,G004,Media,6,2022,cliente1733@icloud.com
RES01443,2022-10-06,Cozumel,Tour Isla Cozumel,Privado,2,0.0,Canada,Italiano,1541.49,3082.98,3.5,4.1,Transferencia,Completada,G002,Media,10,2022,cliente2060@icloud.com
RES00262,2022-06-27,Playa del Carmen,Xcaret,Grupal,11,4.0,Italia,Español,790.89,10281.57,2.8,,Tarjeta credito,Confirmada,G005,Media,6,2022,usuario.dominio.com
RES03962,2021-05-18,Playa del Carmen,Xel-Ha,Grupal,6,2.0,Belgica,Español,849.56,5946.92,6.4,4.1,Tarjeta credito,Completada,G003,Media,5,2021,cliente2131@yahoo.com
RES03538,2023-09-17,Tulum,Cenote Gran Cenote,Privado,4,2.0,Estados Unidos,Español,1119.41,5597.05,4.0,4.7,Efectivo,Completada,G006,Baja,9,2023,cliente6495@yahoo.com
RES05503,2021-07-21,Playa del Carmen,Xel-Ha,Privado,3,0.0,Mexico,Español,1569.29,4707.87,8.8,,Tarjeta credito,Completada,G005,Alta,7,2021,cliente7271@outlook.com
RES01690,2021-01-13,Uxmal,Uxmal + Kabah,Grupal,-16,8.0,Mexico,Aleman,,18493.4,6.9,5.0,Tarjeta credito,Pendiente,G009,Baja,1,2021,cliente7030@hotmail.com
RES03479,2023-06-04,Chichen Itza,Chichen Itza + Cenote Ik Kil,Grupal,4,0.0,Reino Unido,Ingles,1305.51,5222.04,9.1,3.9,Efectivo,Pendiente,G019,Media,6,2023,cliente5517@hotmail.com
RES01726,2022-08-11,Chichen Itza,Valladolid + Chichen Itza,Grupal,12,0.0,Mexico,Español,,16268.16,9.2,5.0,Efectivo,Completada,G032,Alta,8,2022,cliente6666@yahoo.com
RES01204,2021-05-24,Cancun,Zona Hotelera Tour,Grupal,8,4.0,Alemania,Español,715.84,7158.4,5.2,3.7,Transferencia,Completada,G001,Media,5,2021,cliente5822@hotmail.com
RES00835,2022-10-21,Merida,Haciendas del Mayab,Privado,2,1.0,Estados Unidos,Español,1112.59,2781.47,8.9,3.7,Transferencia,Completada,G013,Media,10,2022,cliente9822@outlook.com
RES01867,2023-08-20,Merida,Haciendas del Mayab,Grupal,12,5.0,Estados Unidos,Aleman,786.81,11408.74,6.3,4.8,Paypal,Completada,G016,Alta,8,2023,cliente2128@outlook.com
RES02497,2024-02-08,Cancun,Isla Mujeres,Grupal,20,8.0,Japon,Frances,627.01,15048.24,2.8,3.9,Transferencia,Completada,,Baja,2,2024,cliente798@icloud.com
RES03017,2024-02-14,Chichen Itza,Chichen Itza + Cenote Ik Kil,Grupal,9,1.0,Mexico,Español,1120.31,10642.94,10.5,2.6,,Completada,G033,Baja,2,2024,
RES04539,2023-09-12,Merida,Izamal + Merida,Grupal,9,3.0,Mexico,Español,581.58,6106.59,8.2,5.0,Tarjeta credito,Cancelada,G040,Baja,9,2023,cliente9448@yahoo.com
RES02011,2021-01-11,Cancun,Snorkel Arrecife,Privado,3,0.0,Mexico,Español,903.81,2711.43,9.6,2.9,Tarjeta credito,Completada,G034,Baja,1,2021,cliente250@hotmail.com
RES03981,2022-01-06,Chichen Itza,Chichen Itza + Cenote Ik Kil,Grupal,4,2.0,Canada,Ingles,1033.05,5165.25,7.5,-1.0,Efectivo,Confirmada,G040,Baja,1,2022,cliente8648@yahoo.com
RES00341,2023-06-30,Cozumel,Tour Isla Cozumel,Grupal,5,2.0,Canada,Frances,1130.67,6784.02,9.1,5.0,Tarjeta credito,Cancelada,G016,Media,6,2023,cliente5013@outlook.com
RES04199,2024-03-04,Cancun,Isla Mujeres,Privado,3,1.0,Mexico,Español,1384.9,4847.15,5.8,4.9,Tarjeta debito,Completada,G030,Alta,3,2024,cliente1704@hotmail.com
RES01602,2023-10-17,Cozumel,Buceo Arrecife Palancar,Grupal,11,1.0,Estados Unidos,Portugues,1052.44,12103.06,8.9,5.0,Tarjeta debito,Completada,G027,Media,10,2023,cliente8241@icloud.com
RES02797,2024-01-22,Chichen Itza,Valladolid + Chichen Itza,Grupal,4,0.0,Francia,Español,1097.7,4390.8,8.9,4.6,Tarjeta credito,Completada,G003,Baja,1,2024,cliente7689@gmail.com
RES04879,2022-04-02,Tulum,Sian Ka'an,Grupal,18,8.0,España,Aleman,1111.56,24454.32,4.0,,Efectivo,Completada,G020,Alta,4,2022,cliente2293@hotmail.com
RES05666,2021-04-07,Bacalar,Fuerte de San Felipe,Grupal,17,0.0,Canada,Ingles,1089.1,18514.7,3.5,5.0,Tarjeta credito,Completada,G020,Alta,4,2021,cliente9656@gmail.com
RES00481,2022-07-04,Merida,Izamal + Merida,Grupal,13,5.0,Canada,Ingles,899.03,13934.97,7.3,4.3,Tarjeta credito,Completada,G028,Alta,7,2022,@dominio.com
RES03876,2022-04-21,Merida,Izamal + Merida,Grupal,4,2.0,Reino Unido,Español,813.76,4068.8,5.4,3.2,Tarjeta credito,Completada,G016,Alta,4,2022,cliente8570@hotmail.com
RES03726,2022-03-12,Cozumel,Buceo Arrecife Palancar,Grupal,8,4.0,Francia,Español,1236.07,12360.7,3.0,3.7,Paypal,Completada,G007,Alta,3,2022,cliente7437@yahoo.com
RES04051,2022-08-18,Bacalar,Laguna de los 7 Colores,Grupal,12,6.0,Canada,Italiano,1150.92,17263.8,5.3,4.7,Tarjeta credito,Confirmada,G039,Alta,8,2022,cliente3497@gmail.com
RES02786,2023-03-22,Akumal,Cenote Yalku,Grupal,7,0.0,Colombia,Ingles,967.43,6772.01,6.8,5.0,Efectivo,Confirmada,G034,Alta,3,2023,cliente5029@icloud.com
RES01524,2021-02-13,Chichen Itza,Valladolid + Chichen Itza,Grupal,18,6.0,Estados Unidos,Aleman,1062.51,22312.71,6.3,2.1,Tarjeta debito,Completada,G018,Baja,2,2021,cliente9905@icloud.com
RES03622,2021-06-23,Holbox,Avistamiento Tiburon Ballena,Privado,2,0.0,Mexico,Italiano,1715.95,3431.9,5.0,4.9,Efectivo,Completada,G017,Media,6,2021,cliente4942@icloud.com
RES05734,2022-08-09,Playa del Carmen,Xel-Ha,Privado,1,0.0,,Español,1574.71,1574.71,10.2,1.3,Efectivo,Completada,G031,Alta,8,2022,cliente3917@gmail.com
RES05857,2023-03-31,Bacalar,Kayak Canales,Grupal,12,3.0,Reino Unido,Portugues,1117.66,15088.41,4.2,4.9,Tarjeta credito,Cancelada,G040,Alta,3,2023,@dominio.com
RES05595,2023-03-28,Holbox,Punta Mosquito,Privado,2,0.0,Mexico,Español,1785.3,3570.6,3.2,2.3,Transferencia,Completada,G003,Alta,3,2023,cliente3005@yahoo.com
RES05680,2021-03-15,Holbox,Punta Mosquito,Grupal,18,4.0,Estados Unidos,Español,1374.89,27497.8,7.8,5.0,Tarjeta credito,Completada,G008,Alta,3,2021,cliente286@outlook.com
RES00800,2022-01-18,Uxmal,Ruta Puuc,Privado,3,0.0,Alemania,Ingles,1397.6,4192.8,5.4,5.0,Tarjeta debito,Completada,G027,Baja,1,2022,cliente1341@gmail.com
RES01767,2021-06-11,Cancun,Isla Mujeres,Privado,3,1.0,España,Ingles,1070.56,3746.96,10.3,2.3,Tarjeta credito,Completada,G035,Media,6,2021,cliente3729@outlook.com
RES05398,2022-10-18,Cozumel,Snorkel El Cielo,Privado,3,0.0,Italia,Italiano,1529.02,4587.06,,4.9,Efectivo,Completada,G032,Media,10,2022,cliente299@gmail.com
RES03026,2024-01-14,Cancun,Snorkel Arrecife,Privado,1,0.0,Estados Unidos,Español,900.35,900.35,5.0,,Transferencia,Completada,G039,Baja,1,2024,cliente6654@icloud.com
RES02454,2023-09-17,Holbox,Tour Isla Holbox,Grupal,5,0.0,,Español,951.09,4755.45,5.3,3.9,Tarjeta credito,Completada,G004,Baja,9,2023,cliente7402@hotmail.com
RES04371,2023-11-30,Bacalar,Laguna de los 7 Colores,Grupal,12,3.0,Italia,Aleman,838.09,11314.22,6.7,3.7,Tarjeta credito,Confirmada,G012,Media,11,2023,cliente7706@icloud.com
RES04768,2022-05-10,Uxmal,Ruta Puuc,Grupal,16,3.0,España,,99999.0,19105.8,4.0,4.1,Efectivo,Completada,G037,Media,5,2022,cliente6128@icloud.com
RES04885,2023-10-09,Uxmal,Ruta Puuc,Grupal,4,2.0,Mexico,Ingles,1044.69,5223.45,4.0,4.7,Tarjeta debito,Completada,G040,Media,10,2023,cliente2944@icloud.com
RES03705,2023-05-08,Playa del Carmen,Xel-Ha,Privado,2,,Brasil,Ingles,,3102.85,7.3,5.0,Paypal,Completada,G027,Media,5,2023,cliente3130@yahoo.com
RES05645,2022-07-03,Bacalar,Kayak Canales,Privado,4,0.0,Estados Unidos,Español,1760.72,7042.88,7.2,5.0,Efectivo,Completada,G012,Alta,7,2022,cliente4130@yahoo.com
RES00364,2021-10-01,Cozumel,Tour Isla Cozumel,Grupal,17,1.0,Mexico,Italiano,1022.29,17890.08,8.6,5.0,Transferencia,Completada,G017,Media,10,2021,@dominio.com
RES01272,2024-03-26,Playa del Carmen,Xel-Ha,Grupal,5,2.0,Mexico,Español,1014.49,6086.94,5.4,4.4,Efectivo,Completada,,Alta,3,2024,cliente184@outlook.com
RES02004,2022-05-21,Uxmal,Ruta Puuc,Grupal,16,4.0,Estados Unidos,Ingles,,18115.56,,3.9,Efectivo,Cancelada,G032,Media,5,2022,cliente7148@outlook.com
RES05429,2023-01-26,Merida,Centro Historico Merida,Privado,2,0.0,Francia,Ingles,975.78,1951.56,6.9,5.0,efectivo,Completada,G037,Baja,1,2023,cliente6756@gmail.com
RES04272,2023-05-12,Cancun,Zona Hotelera Tour,Grupal,9,4.0,Reino Unido,Portugues,695.98,7655.78,,,Efectivo,Completada,G011,Media,5,2023,cliente7198@icloud.com
RES05659,2024-02-03,Playa del Carmen,Xcaret,Grupal,7,0.0,Estados Unidos,Español,780.57,5463.99,6.4,4.8,Efctivo,Completada,G040,Baja,2,2024,cliente6704@gmail.com
RES04987,2022-06-27,Playa del Carmen,Quinta Avenida + Cozumel,Grupal,16,7.0,Estados Unidos,Ingles,795.83,15518.69,5.6,5.0,Tarjeta credito,Completada,G024,Media,6,2022,cliente5550@gmail.com
RES00348,2023-03-11,Uxmal,Uxmal + Kabah,Grupal,10,,Mexico,Italiano,1175.49,11754.9,3.1,3.7,Paypal,Completada,G029,Alta,3,2023,cliente7646@hotmail.com
RES03351,2023-06-17,Merida,Haciendas del Mayab,Grupal,4,2.0,Mexico,Ingles,730.06,3650.3,9.2,1.2,Efectivo,Completada,G038,Media,6,2023,cliente346@hotmail.com
RES04809,2023-02-21,Cozumel,Snorkel El Cielo,Grupal,7,2.0,Canada,Ingles,991.51,-7932.08,48.0,4.6,Tarjeta credito,Confirmada,G030,Baja,2,2023,cliente1102@icloud.com
RES03614,2022-09-21,Uxmal,Ruta Puuc,Privado,4,0.0,Canada,Ingles,1300.59,5202.36,3.6,4.7,Tarjeta credito,Completada,G013,Baja,9,2022,cliente2172@icloud.com
RES05574,2021-12-26,Merida,Izamal + Merida,Grupal,15,1.0,Estados Unidos,Italiano,837.93,12987.91,9.4,4.2,Tarjeta debito,Completada,G040,Alta,12,2021,cliente9316@hotmail.com
RES02563,2023-04-30,Uxmal,Uxmal + Kabah,Grupal,8,2.0,Mexico,Ingles,1170.81,10537.29,5.9,3.4,Efectivo,Completada,G013,Alta,4,2023,cliente971@outlook.com
RES03028,2024-01-25,Merida,Centro Historico Merida,Grupal,5,2.0,Reino Unido,Español,593.46,3560.76,4.5,3.7,,Completada,G002,Baja,1,2024,cliente5427@gmail.com
RES04370,2021-08-17,Playa del Carmen,Xcaret,privado,2,1.0,Mexico,Portugues,1441.56,-3603.9,4.5,3.8,Transferencia,Completada,G003,Alta,8,2021,cliente222@yahoo.com
RES05533,2023-07-08,Cozumel,Snorkel El Cielo,Grupal,8,3.0,Brasil,Español,1325.11,12588.54,10.4,5.0,Tarjeta debito,Completada,G003,Alta,7,2023,cliente4882@gmail.com
RES01424,2022-07-01,Tulum,Sian Ka'an,Privado,3,1.0,Mexico,,1744.66,6106.31,6.4,3.6,Tarjeta credito,Pendiente,,Alta,7,2022,cliente6891@gmail.com
RES00657,2021-06-04,Uxmal,Ruta Puuc,Grupal,14,7.0,Brasil,,952.34,16665.95,8.4,3.3,Efectivo,Completada,,Media,6,2021,cliente6191@gmail.com
RES03084,2022-03-04,Cancun,Laguna Nichupte,Privado,1,0.0,Mexico,Ingles,1387.58,1387.58,7.4,,Tarjeta credito,Pendiente,G040,Alta,3,2022,cliente2187@gmail.com
RES05559,2023-10-04,Merida,Centro Historico Merida,Grupal,14,3.0,Estados Unidos,Español,758.07,11750.09,5.9,,Tarjeta debito,Completada,G015,Media,10,2023,cliente6884@yahoo.com
RES02103,2023-12-11,Cancun,Snorkel Arrecife,Privado,3,0.0,Estados Unidos,Ingles,1337.56,4012.68,8.8,2.0,Efectivo,Completada,G022,Alta,12,2023,cliente1708@icloud.com
RES00633,2021-06-12,Cozumel,Tour Isla Cozumel,Grupal,20,,Argentina,Aleman,1059.92,26498.0,4.8,4.8,Tarjeta debito,Completada,G022,Media,6,2021,cliente3830@yahoo.com
RES04890,2021-08-24,Cozumel,Tour Isla Cozumel,Grupal,6,1.0,Mexico,Frances,1445.89,9398.28,3.5,4.2,Transferencia,Completada,,Alta,8,2021,cliente7421@icloud.com
RES02494,2021-09-08,Cozumel,Buceo Arrecife Palancar,Grupal,13,0.0,Mexico,Español,862.9,11217.7,6.2,3.3,Paypal,Pendiente,G033,Baja,9,2021,cliente4357@hotmail.com
RES02666,2023-03-10,Cozumel,Snorkel El Cielo,Grupal,6,0.0,Mexico,Italiano,1398.97,8393.82,5.8,5.0,Tarjeta debito,Cancelada,G032,Alta,3,2023,
RES04102,2021-11-05,Merida,Centro Historico Merida,Grupal,7,1.0,Argentina,Italiano,30000.0,5193.68,3.0,4.7,Tarjeta debito,Completada,G013,Media,11,2021,cliente493@yahoo.com
RES05033,2021-06-03,Bacalar,Kayak Canales,Grupal,5,1.0,Estados Unidos,Ingles,882.15,4851.82,3.1,3.4,Efectivo,Completada,G032,Media,6,2021,cliente1463@yahoo.com
RES05062,2022-12-19,Akumal,Cenote Yalku,Grupal,5,1.0,Estados Unidos,Ingles,1032.2,5677.1,4.3,3.8,Tarjeta credito,Completada,G040,Alta,12,2022,cliente7789@gmail.com
RES04276,2021-10-01,Playa del Carmen,Xcaret,Grupal,18,4.0,Estados Unidos,Ingles,890.51,17810.2,7.9,5.0,Crypto,Completada,G036,Media,10,2021,cliente9113@hotmail.com
RES02335,2022-08-18,Playa del Carmen,Xel-Ha,Grupal,8,1.0,Estados Unidos,Español,1029.75,8752.88,3.3,3.9,Tarjeta debito,Completada,G026,Alta,8,2022,cliente206@outlook.com
RES03549,2023-08-16,Bacalar,Laguna de los 7 Colores,Grupal,16,1.0,Mexico,Ingles,1016.9,16778.85,9.8,5.0,Tarjeta credito,Completada,,Alta,8,2023,cliente4021@yahoo.com
RES05197,2023-07-25,Uxmal,Uxmal + Kabah,Grupal,5,1.0,Estados Unidos,Portugues,1300.69,7153.8,9.2,4.7,Efectivo,Completada,G023,Alta,7,2023,cliente8461@outlook.com
RES02501,2021-12-21,Tulum,Ruinas de Tulum,Grupal,10,0.0,Alemania,Español,1053.31,10533.1,4.3,5.0,Efectivo,Completada,G033,Alta,12,2021,cliente8565@outlook.com
RES03620,2023-11-01,Akumal,Snorkel Tortugas Akumal,grupo,6,3.0,Mexico,Español,832.07,6240.53,4.3,4.9,Efectivo,Completada,G039,Media,11,2023,cliente829@yahoo.com
RES01466,2022-08-07,Playa del Carmen,Quinta Avenida + Cozumel,Privado,2,1.0,Mexico,Ingles,1557.8,3894.5,2.8,4.1,Tarjeta credito,Cancelada,G026,Alta,8,2022,
RES03990,04-04-2023,Akumal,Cenote Yalku,Grupal,9,0.0,Mexico,Español,942.01,8478.09,10.0,4.4,Tarjeta debito,Completada,G031,Alta,4,2023,cliente9861@gmail.com
RES04064,2023-11-22,Tulum,Ruinas de Tulum,Grupal,9,0.0,Francia,Frances,1036.35,9327.15,4.0,3.0,Tarjeta credito,Completada,G014,Media,11,2023,cliente3336@icloud.com
RES05925,2021-10-11,Cancun,Snorkel Arrecife,Grupal,8,2.0,Reino Unido,Español,783.15,7048.35,5.2,1.9,,Completada,G021,Media,10,2021,cliente2140@hotmail.com
RES00116,19/07/2023,Playa del Carmen,Xcaret,Privado,4,2.0,Brasil,Español,1529.27,7646.35,8.2,4.9,Efectivo,Completada,,Alta,7,2023,cliente918@yahoo.com
RES01822,2021-11-07,Merida,Haciendas del Mayab,Grupal,18,5.0,Mexico,Frances,668.21,13698.31,9.3,,Tarjeta debito,Completada,G001,Media,11,2021,
RES01495,2024-01-12,Cozumel,Tour Isla Cozumel,Grupal,20,1.0,Francia,Español,875.17,17940.99,4.1,1.6,Efectivo,Pendiente,G009,Baja,1,2024,cliente3358@outlook.com
RES02402,2024/01/03,Merida,Izamal + Merida,Privado,3,0.0,Mexico,Español,978.96,2936.88,4.1,,Tarjeta credito,Cancelada,G018,Baja,1,2024,cliente9081@icloud.com
RES03875,2024-02-13,Akumal,Cenote Yalku,Grupal,7,3.0,Brasil,Español,664.29,5646.47,4.0,4.0,Tarjeta credito,Confirmada,G034,Baja,2,2024,cliente603@hotmail.com
RES01233,2021-04-25,Tulum,Sian Ka'an,Grupal,7,0.0,Mexico,Ingles,1152.74,8069.18,7.9,4.9,Paypal,Completada,G023,Alta,4,2021,sinArroba.com
RES02662,2022-09-26,Holbox,Punta Mosquito,Privado,4,1.0,Mexico,Español,1338.3,6022.35,9.2,5.0,Transferencia,Completada,,Baja,9,2022,cliente1391@hotmail.com
RES02818,2022-10-08,Akumal,Cenote Yalku,Privado,2,1.0,Mexico,Español,1312.09,3280.22,6.7,4.3,Tarjeta credito,Completada,G024,Media,10,2022,cliente7919@outlook.com
RES01196,2021-03-07,Merida,Centro Historico Merida,Privado,2,0.0,Mexico,Español,1177.02,2354.04,7.8,5.0,Tarjeta debito,Cancelada,G001,Alta,3,2021,cliente9030@yahoo.com
RES05513,2021-06-03,Uxmal,Uxmal + Kabah,Grupal,4,1.0,Mexico,Español,960.89,4324.01,4.7,,Tarjeta debito,Completada,G016,Media,6,2021,cliente5548@hotmail.com
RES01154,2023-04-19,Cozumel,Snorkel El Cielo,Privado,3,0.0,Colombia,Español,2004.48,6013.44,5.0,4.4,Tarjeta credito,Completada,G012,Alta,4,2023,cliente132@outlook.com
RES03910,2022-09-14,Playa del Carmen,Xel-Ha,Grupal,11,3.0,Belgica,Español,699.49,8743.62,8.1,5.0,Efectivo,Confirmada,G034,Baja,9,2022,cliente1129@icloud.com
RES04789,2024-03-28,Cozumel,Snorkel El Cielo,Grupal,10,2.0,Francia,Español,1248.74,13736.14,9.9,3.8,Efectivo,Completada,G003,Alta,3,2024,cliente5611@hotmail.com
RES05360,2022-01-12,Cozumel,Snorkel El Cielo,Privado,3,0.0,Estados Unidos,Ingles,1486.98,4460.94,9.5,5.0,Tarjeta credito,Completada,,Baja,1,2022,cliente7835@icloud.com
RES00058,2021-03-02,Chichen Itza,Chichen Itza + Cenote Ik Kil,Grupal,5,0.0,Holanda,Ingles,,6981.05,9.0,5.0,Tarjeta credito,Completada,G024,Alta,3,2021,cliente3019@gmail.com
RES04634,2023-08-18,Playa del Carmen,Xel-Ha,Grupal,14,6.0,Canada,,1025.26,17429.42,6.5,,Efectivo,Completada,G038,Alta,8,2023,cliente4274@outlook.com
RES03884,2022-09-05,Cozumel,Snorkel El Cielo,Gruupal,17,1.0,Francia,Ingles,1005.41,17594.67,2.6,4.9,Tarjeta debito,Completada,G013,Baja,9,2022,cliente1077@gmail.com
RES03062,2021-02-25,Cancun,Zona Hotelera Tour,Grupal,20,6.0,Mexico,Frances,638.6,14687.8,,3.9,Tarjeta credito,Cancelada,G008,Baja,2,2021,cliente484@outlook.com
RES05154,2023-07-17,Tulum,Cenote Dos Ojos,Grupal,11,2.0,Mexico,Ingles,1099.8,13197.6,4.3,3.0,Tarjeta credito,Confirmada,G005,Alta,7,2023,
RES05975,2024-03-30,Akumal,Cenote Yalku,Privado,4,1.0,Mexico,Ingles,1366.98,6151.41,7.0,4.7,Efectivo,Completada,G016,Alta,3,2024,cliente1123@hotmail.com
RES01736,2022-07-29,Playa del Carmen,Quinta Avenida + Cozumel,Privado,4,1.0,Canada,Frances,1494.25,6724.12,5.5,,Paypal,Confirmada,G034,Alta,7,2022,cliente4451@hotmail.com
RES05436,2021-07-27,Cozumel,Tour Isla Cozumel,Grupal,13,0.0,Estados Unidos,Aleman,1218.12,15835.56,5.7,1.8,Tarjeta debito,Completada,G005,Alta,7,2021,cliente1121@hotmail.com
RES02824,2023-04-26,Holbox,Avistamiento Tiburon Ballena,Grupal,9,4.0,Canada,Español,1319.72,14516.92,10.2,3.8,Tarjeta debito,Completada,G031,Alta,4,2023,cliente8429@hotmail.com
RES02197,2022-11-12,Holbox,Avistamiento Tiburon Ballena,Privado,3,0.0,España,,1625.99,4877.97,10.0,4.9,,Completada,G007,Media,11,2022,cliente7144@gmail.com
RES00160,2022-12-01,Cozumel,Tour Isla Cozumel,Privado,1,0.0,Estados Unidos,Español,2121.49,2121.49,6.7,4.1,Tarjeta credito,Pendiente,G036,Alta,12,2022,cliente2687@outlook.com
RES04127,2024-02-05,Uxmal,Uxmal + Kabah,Grupal,13,2.0,Estados Unidos,Italiano,790.01,11060.14,9.6,3.7,Tarjeta debito,Completada,G016,Baja,2,2024,@dominio.com
RES02476,2023-12-20,Bacalar,Laguna de los 7 Colores,Grupal,7,1.0,Mexico,,1115.84,8368.8,,3.6,Tarjeta credito,Completada,G019,Alta,12,2023,cliente5818@hotmail.com
RES02565,2023-07-09,Tulum,Cenote Dos Ojos,Privado,1,0.0,Mexico,Español,1722.04,1722.04,8.0,4.2,Tarjeta credito,Completada,G008,Alta,7,2023,cliente2533@icloud.com
RES04321,2021-02-08,Uxmal,Uxmal + Kabah,Grupal,20,6.0,Italia,Portugues,,-19483.99,3.2,4.2,Tarjeta credito,Completada,G016,Baja,2,2021,cliente1187@hotmail.com
RES05079,2022-11-19,Holbox,Punta Mosquito,Grupal,7,,Mexico,Ingles,1057.79,8462.32,6.5,3.7,Efectivo,Confirmada,G039,Media,11,2022,sinArroba.com
RES04166,2021-03-08,Cozumel,Snorkel El Cielo,Grupal,10,,Estados Unidos,Ingles,,15016.32,4.1,,Tarjeta credito,Completada,G027,Alta,3,2021,cliente8136@outlook.com
RES02609,2021-11-13,Tulum,Ruinas de Tulum,Grupal,15,3.0,Japon,Español,,15541.18,8.7,4.8,Tarjeta credito,Completada,G006,Media,11,2021,cliente9006@gmail.com
RES04665,2022-04-20,Holbox,Tour Isla Holbox,Privado,3,0.0,Alemania,Ingles,1807.95,5423.85,9.8,3.2,Tarjeta debito,Confirmada,G026,Alta,4,2022,cliente734@outlook.com
RES00708,2022-06-14,Tulum,Sian Ka'an,Grupal,17,,Italia,Italiano,1035.18,18115.65,3.2,3.9,Tarjeta debito,Cancelada,G029,Media,6,2022,cliente2421@outlook.com
RES03047,2022-11-02,Uxmal,Ruta Puuc,Grupal,6,1.0,Argentina,Aleman,1050.47,6828.06,3.6,2.8,Crypto,Completada,G027,Media,11,2022,cliente1386@outlook.com
RES05145,2022-03-15,Playa del Carmen,Xcaret,Privado,3,0.0,,Español,1615.63,4846.89,6.9,4.8,Tarjeta credito,Cancelada,G035,Alta,3,2022,cliente6021@yahoo.com
RES01094,2021-10-31,Bacalar,Kayak Canales,Grupal,15,4.0,Canada,Español,901.95,15333.15,2.7,4.9,Efectivo,Completada,G004,Media,10,2021,cliente6940@outlook.com
RES04603,2022-09-19,Cozumel,Buceo Arrecife Palancar,Grupal,10,5.0,Alemania,Italiano,893.67,11170.88,5.8,3.9,Tarjeta credito,Completada,G010,Baja,9,2022,cliente3665@icloud.com
RES01377,2022-09-24,Chichen Itza,Valladolid + Chichen Itza,Grupal,5,2.0,Italia,,969.1,5814.6,8.2,1.4,Efectivo,Completada,G017,Baja,9,2022,cliente4775@hotmail.com
RES05938,2023-04-12,Uxmal,Ruta Puuc,Privado,4,2.0,Mexico,Español,1882.47,9412.35,4.5,5.0,Transferencia,Completada,G036,Alta,4,2023,sinArroba.com
RES00073,2023-09-19,Uxmal,Uxmal + Kabah,Grupal,18,8.0,Brasil,Ingles,860.23,18925.06,8.4,4.8,Efectivo,Completada,G027,Baja,9,2023,cliente2486@yahoo.com
RES01923,2021-07-28,Akumal,Snorkel Tortugas Akumal,Grupal,6,2.0,Estados Unidos,Español,901.26,6308.82,3.2,5.0,Transferencia,Confirmada,G030,Alta,7,2021,sinArroba.com
RES04079,2023-06-16,Cozumel,Tour Isla Cozumel,Privado,1,0.0,Polonia,Italiano,1641.46,1641.46,3.5,4.9,Transferencia,Completada,G037,Media,6,2023,cliente9784@gmail.com
RES04332,2022-11-28,Playa del Carmen,Xel-Ha,Grupal,11,0.0,Alemania,Ingles,895.98,9855.78,6.7,4.0,Efectivo,Completada,G038,Media,11,2022,cliente8086@hotmail.com
RES01765,2021-12-04,Cancun,Zona Hotelera Tour,Privado,3,0.0,,Ingles,1340.29,4020.87,3.8,,Tarjeta debito,Cancelada,G036,Alta,12,2021,cliente8869@outlook.com
RES00744,2024-01-21,Holbox,Tour Isla Holbox,Grupal,8,3.0,Estados Unidos,Español,916.79,8709.5,3.3,4.7,Efectivo,Confirmada,G030,Baja,1,2024,
RES04675,2022-11-29,Uxmal,Uxmal + Kabah,Privado,2,0.0,Francia,Ingles,1592.75,3185.5,8.6,4.8,,Cancelada,G009,Media,11,2022,cliente7866@yahoo.com
RES01006,2023-05-17,Cancun,Zona Hotelera Tour,Privado,1,0.0,Francia,Ingles,1043.62,1043.62,9.2,4.7,,Pendiente,G023,Media,5,2023,cliente6989@gmail.com
RES02669,2021-10-09,Bacalar,Fuerte de San Felipe,Grupal,6,0.0,Reino Unido,Español,981.1,5886.6,8.1,3.9,Tarjeta debito,Cancelada,G005,Media,10,2021,cliente9695@hotmail.com
RES01191,2021-11-14,Tulum,Sian Ka'an,Grupal,10,2.0,España,Ingles,1026.58,11292.38,3.9,3.6,Tarjeta debito,Pendiente,G015,Media,11,2021,cliente8968@gmail.com
RES04343,2023-01-15,Tulum,Ruinas de Tulum,Grupal,9,0.0,Mexico,Ingles,806.46,7258.14,8.2,,Tarjeta credito,Completada,G004,Baja,1,2023,cliente5610@gmail.com
RES02602,2022-06-25,Cancun,Isla Mujeres,Grupal,10,5.0,Estados Unidos,Español,753.34,9416.75,6.5,2.0,Tarjeta credito,Completada,G035,Media,6,2022,cliente8538@yahoo.com
RES01126,2023-03-07,Cancun,Laguna Nichupte,Privado,1,0.0,Brasil,Español,1446.01,1446.01,2.7,4.7,Efectivo,Confirmada,G014,Alta,3,2023,cliente1535@hotmail.com
RES01242,2021-08-31,Cancun,Laguna Nichupte,Grupal,12,4.0,Mexico,Español,889.47,12452.58,8.6,5.0,,Completada,G004,Alta,8,2021,cliente7055@outlook.com
RES04170,2023-10-26,Tulum,Cenote Dos Ojos,Privado,3,0.0,Colombia,Ingles,45000.0,4262.4,5.0,4.7,Tarjeta credito,Completada,G009,Media,10,2023,cliente9717@yahoo.com
RES05407,2022-06-13,Holbox,Avistamiento Tiburon Ballena,Grupal,11,4.0,,Frances,968.36,12588.68,,2.7,,Completada,G038,Media,6,2022,cliente435@outlook.com
RES05744,2023-07-30,Merida,Haciendas del Mayab,Grupal,15,7.0,Italia,Frances,886.12,16393.22,6.8,5.0,Efectivo,Completada,G033,Alta,7,2023,cliente1906@gmail.com
RES05687,2022-06-18,Bacalar,Kayak Canales,Privado,4,1.0,Alemania,Italiano,1373.03,6178.64,5.9,4.9,Tarjeta credito,Completada,G007,Media,6,2022,cliente1079@outlook.com
RES03352,2023-01-10,Merida,Izamal + Merida,Grupal,13,6.0,Canada,Español,547.58,8761.28,7.0,,Efectivo,Completada,,Baja,1,2023,cliente2695@outlook.com
RES00999,2022-06-04,Merida,Haciendas del Mayab,Grupal,20,0.0,Canada,Ingles,650.71,13014.2,,5.0,Tarjeta debito,Completada,G027,Media,6,2022,cliente6917@outlook.com
RES04488,2021-05-21,Holbox,Tour Isla Holbox,Grupal,13,5.0,Canada,Italiano,1077.94,16708.07,6.5,1.0,Tarjeta debito,Completada,G021,Media,5,2021,cliente2083@hotmail.com
RES03825,2022-06-20,Holbox,Tour Isla Holbox,Grupal,7,3.0,Estados Unidos,Frances,1107.55,9414.17,5.4,4.8,Tarjeta credito,Completada,,Media,6,2022,cliente1356@gmail.com
RES04009,2021-01-13,,Cenote Dos Ojos,Grupal,7,3.0,Alemania,Ingles,837.74,7120.79,4.9,4.4,Efectivo,Pendiente,G039,Baja,1,2021,cliente2260@gmail.com
RES04084,2023-12-03,Uxmal,Ruta Puuc,Grupal,14,6.0,Estados Unidos,Italiano,1244.6,21158.2,6.9,5.0,Tarjeta debito,Confirmada,G011,Alta,12,2023,cliente5890@yahoo.com
RES02685,2022-10-31,Akumal,Cenote Yalku,Grupal,18,9.0,Canada,Ingles,824.64,18554.4,4.7,5.0,Crypto,Completada,,Media,10,2022,cliente3672@gmail.com
RES05609,2023-04-10,Merida,Izamal + Merida,Grupal,19,2.0,Canada,Español,821.5,16430.0,3.8,5.0,Efectivo,Completada,G024,Alta,4,2023,cliente9641@yahoo.com
RES01578,2024-03-12,Merida,Haciendas del Mayab,Grupal,8,4.0,Suiza,Ingles,920.83,9208.3,8.4,4.7,,Cancelada,G014,Alta,3,2024,cliente3796@icloud.com
RES03907,2021-09-20,Cozumel,Buceo Arrecife Palancar,Grupal,14,0.0,Estados Unidos,Ingles,883.46,12368.44,2.7,5.0,Tarjeta credito,Confirmada,G010,Baja,9,2021,cliente1249@hotmail.com
RES03730,2021-01-09,Uxmal,Ruta Puuc,Grupal,15,0.0,Estados Unidos,Frances,845.72,12685.8,2.8,3.6,Efectivo,Confirmada,G023,Baja,1,2021,cliente3318@hotmail.com
RES03669,2023-02-18,Holbox,Punta Mosquito,Privado,1,0.0,Argentina,Español,1455.92,1455.92,10.2,3.7,Efectivo,Completada,G002,Baja,2,2023,usuario.dominio.com
RES05779,2021-07-15,Tulum,Cenote Gran Cenote,Privado,-2,1.0,Suecia,Ingles,1784.06,4460.15,7.9,5.0,Tarjeta debito,Completada,G001,Alta,7,2021,
RES01827,2023-03-22,Merida,Izamal + Merida,Grupal,9,3.0,Alemania,Italiano,775.17,8139.28,9.6,2.8,Tarjeta debito,Completada,G009,Alta,3,2023,cliente2951@outlook.com
RES01344,2022-05-14,Cancun,Isla Mujeres,Privado,1,0.0,Suecia,,1066.52,1066.52,3.3,4.8,Tarjeta debito,Confirmada,G021,Media,5,2022,cliente7948@hotmail.com
RES02959,2022-09-11,Cancun,Zona Hotelera Tour,Grupal,18,0.0,,Español,589.62,10613.16,10.2,2.9,Efectivo,Confirmada,G020,Baja,9,2022,cliente5498@outlook.com
RES04650,2021-09-15,Cancun,Zona Hotelera Tour,Grupal,17,0.0,Mexico,Español,640.58,10889.86,9.3,5.0,,Completada,G032,Baja,9,2021,cliente5950@yahoo.com
RES05459,2022-08-20,Cancun,Zona Hotelera Tour,Grupal,20,1.0,Suiza,Aleman,882.61,18093.51,7.9,5.0,Tarjeta debito,Confirmada,G039,Alta,8,2022,cliente4252@yahoo.com
RES00441,2022-04-09,Uxmal,Ruta Puuc,Grupal,14,0.0,Mexico,Ingles,1200.14,16801.96,4.8,3.9,Efectivo,Cancelada,G023,Alta,4,2022,cliente9441@icloud.com
RES05981,2022-01-22,Holbox,Avistamiento Tiburon Ballena,Privado,3,0.0,Reino Unido,Español,1333.28,3999.84,6.0,1.0,,Completada,G017,Baja,1,2022,cliente1507@icloud.com
RES01101,2022-08-14,Chichen Itza,Chichen Itza + Cenote Ik Kil,Grupal,18,4.0,Mexico,Ingles,1518.71,30374.2,9.1,4.0,Tarjeta credito,Pendiente,G030,Alta,8,2022,cliente9897@hotmail.com
RES02638,2021-07-12,Merida,Izamal + Merida,Grupal,8,2.0,Mexico,Aleman,842.57,7583.13,10.5,4.1,Tarjeta credito,Pendiente,G040,Alta,7,2021,cliente245@outlook.com
RES04905,2024-01-06,Cozumel,Buceo Arrecife Palancar,Grupal,16,7.0,Francia,Español,1015.4,19800.3,9.0,5.0,Transferencia,Completada,,Baja,1,2024,cliente7603@outlook.com
RES00650,2022-12-10,Playa del Carmen,Quinta Avenida + Cozumel,Grupal,15,7.0,Mexico,Ingles,1052.62,19473.47,10.4,2.1,Crypto,Confirmada,G036,Alta,12,2022,cliente7441@icloud.com
RES01547,2021-09-22,Cozumel,Buceo Arrecife Palancar,Privado,1,0.0,,Ingles,1356.49,1356.49,9.6,5.0,Efectivo,Completada,G001,Baja,9,2021,cliente9597@hotmail.com
RES03232,2023-12-24,Holbox,Punta Mosquito,privad,3,0.0,Colombia,Español,1786.05,5358.15,7.6,3.9,Tarjeta credito,Completada,G022,Alta,12,2023,us er@gmail.com
RES04517,2021-01-08,Tulum,Cenote Gran Cenote,Grupal,18,,Estados Unidos,,837.26,17163.83,3.2,3.9,Tarjeta credito,Completada,G024,Baja,1,2021,cliente217@gmail.com
RES04585,2023-04-04,Akumal,Cenote Yalku,Grupal,5,2.0,Mexico,Aleman,1036.78,6220.68,10.1,4.7,Tarjeta credito,Cancelada,G031,Alta,4,2023,cliente9446@hotmail.com
RES04602,2022-12-13,Bacalar,Kayak Canales,Privado,3,0.0,Estados Unidos,Ingles,1529.62,4588.86,2.9,5.0,Tarjeta credito,Pendiente,G017,Alta,12,2022,cliente149@hotmail.com
RES05468,2024-01-30,Cancun,Snorkel Arrecife,Privado,1,0.0,Suecia,Español,1003.49,1003.49,2.8,,Tarjeta credito,Confirmada,G006,Baja,1,2024,cliente7935@yahoo.com
RES02853,2023-08-10,Akumal,Cenote Yalku,Grupal,15,0.0,Colombia,Ingles,1036.66,15549.9,9.5,4.1,Efectivo,Completada,G022,Alta,8,2023,cliente9832@hotmail.com
RES03504,2024-03-09,Akumal,Cenote Yalku,Privado,3,0.0,Reino Unido,Italiano,1372.28,4116.84,9.6,3.9,Efectivo,Completada,G028,Alta,3,2024,cliente7663@icloud.com
RES04339,2022-11-26,Tulum,Cenote Gran Cenote,Grupal,15,1.0,España,Español,962.18,14913.79,,3.7,Efectivo,Completada,G022,Media,11,2022,cliente7755@gmail.com
RES04049,2023-07-18,Merida,Haciendas del Mayab,Privado,4,0.0,Estados Unidos,Ingles,1193.76,4775.04,6.6,3.3,Efectivo,Completada,G031,Alta,7,2023,cliente3391@icloud.com
RES05147,2021-04-28,Cancun,Snorkel Arrecife,Grupal,20,0.0,Francia,,910.31,18206.2,9.6,4.2,Transferencia,Completada,G016,Alta,4,2021,cliente8818@outlook.com
RES00631,2021-07-28,Merida,Centro Historico Merida,Privado,4,1.0,Australia,Ingles,1217.88,5480.46,5.1,4.1,Transferencia,Confirmada,G008,Alta,7,2021,cliente7442@gmail.com
RES00673,2022-08-02,Uxmal,Uxmal + Kabah,Privado,4,,Mexico,Italiano,1725.41,7764.35,3.5,5.0,Tarjeta debito,Completada,G024,Alta,8,2022,cliente676@yahoo.com
RES01250,2021-04-28,Akumal,Cenote Yalku,Privado,2,0.0,Francia,Español,1579.86,3159.72,,5.0,Crypto,Completada,G035,Alta,4,2021,cliente3293@gmail.com
RES05646,2023-05-15,Cancun,Isla Mujeres,Grupal,11,4.0,Canada,Aleman,757.69,9849.97,10.0,4.4,Paypal,Pendiente,G017,Media,5,2023,cliente8909@icloud.com
RES00483,2022-05-01,Cozumel,Tour Isla Cozumel,Grupal,11,3.0,Mexico,Ingles,1116.05,13950.62,3.3,,Efectivo,Completada,G039,Media,5,2022,sinArroba.com
RES01585,2022-01-18,Merida,Izamal + Merida,Grupal,6,3.0,Estados Unidos,Italiano,615.32,4614.9,7.8,4.9,Transferencia,Pendiente,G020,Baja,1,2022,cliente8691@gmail.com
RES04260,2022-10-10,Akumal,Snorkel Tortugas Akumal,Grupal,16,7.0,Reino Unido,Frances,871.26,16989.57,4.5,5.0,Tarjeta credito,Completada,G036,Media,10,2022,cliente1744@hotmail.com
RES05578,2021-09-14,Holbox,Tour Isla Holbox,Privado,4,2.0,Mexico,Aleman,,7272.65,3.8,4.9,Transferencia,Completada,G021,Baja,9,2021,cliente6084@outlook.com
RES04231,2021-03-01,Chichen Itza,Valladolid + Chichen Itza,Privado,-1,0.0,Estados Unidos,Ingles,2133.52,2133.52,9.6,,Transferencia,Completada,G025,Alta,3,2021,cliente6280@gmail.com
RES01463,2023-11-21,Chichen Itza,Chichen Itza + Cenote Ik Kil,Privado,1,0.0,Mexico,Portugues,1960.79,1960.79,9.6,3.8,Transferencia,Completada,G037,Media,11,2023,cliente799@outlook.com
RES03041,2021-06-14,Merida,Centro Historico Merida,Grupal,6,3.0,Francia,Español,690.43,5178.22,7.9,4.0,Tarjeta credito,Completada,G011,Media,6,2021,cliente2235@icloud.com
RES04042,2023-07-19,Bacalar,Fuerte de San Felipe,Privado,2,1.0,Francia,Español,1660.43,4151.07,5.8,4.2,,Confirmada,G010,Alta,7,2023,cliente5814@yahoo.com
RES05726,2023-12-06,Holbox,Punta Mosquito,Privado,1,0.0,Estados Unidos,Español,1822.84,1822.84,5.1,5.0,,Completada,G001,Alta,12,2023,cliente5881@yahoo.com
RES04839,2021-03-05,Holbox,Punta Mosquito,Privado,2,1.0,Japon,Español,1842.27,4605.68,5.2,3.1,Efectivo,Cancelada,G037,Alta,3,2021,cliente8691@outlook.com
RES04639,2024-02-21,Uxmal,Uxmal + Kabah,Grupal,7,1.0,Mexico,Frances,858.0,6435.0,6.1,5.0,Crypto,Completada,G034,Baja,2,2024,cliente9536@outlook.com
RES05811,2023-08-15,Uxmal,Uxmal + Kabah,Privado,2,1.0,Holanda,Ingles,1851.19,4627.98,3.4,5.0,Crypto,Completada,G022,Alta,8,2023,cliente4219@yahoo.com
RES03274,2022-04-13,Cancun,Snorkel Arrecife,Grupal,16,8.0,España,Español,933.68,18673.6,4.8,4.7,Tarjeta debito,Completada,G033,Alta,4,2022,cliente7559@outlook.com
RES03239,2021-11-29,Holbox,Punta Mosquito,Grupal,5,2.0,Mexico,Ingles,1133.67,6802.02,9.8,4.4,Tarjeta credito,Confirmada,G009,Media,11,2021,cliente6941@hotmail.com
RES03132,2023-06-16,Bacalar,Kayak Canales,Privado,3,1.0,Mexico,Ingles,1407.07,4924.74,4.6,1.4,Tarjeta credito,Completada,G032,Media,6,2023,cliente2450@yahoo.com
RES03684,2022-08-30,Merida,Centro Historico Merida,Grupal,9,2.0,Estados Unidos,,901.13,9011.3,10.4,,Efectivo,Completada,G026,Alta,8,2022,cliente4867@hotmail.com
RES02579,2021-11-21,Holbox,Punta Mosquito,Grupal,14,1.0,Mexico,Aleman,968.31,14040.49,10.4,4.0,Transferencia,Confirmada,G008,Media,11,2021,cliente4566@gmail.com
RES05732,2023-10-01,Akumal,Cenote Yalku,Privado,1,0.0,Estados Unidos,Frances,1125.85,1125.85,10.1,3.7,,Pendiente,G025,Media,10,2023,cliente3202@outlook.com
RES00050,2021-05-02,Holbox,Punta Mosquito,Grupal,20,0.0,Mexico,Ingles,1104.66,22093.2,8.6,2.4,Efectivo,Completada,G006,Media,5,2021,cliente5882@gmail.com
RES05155,2021-03-11,Chichen Itza,Chichen Itza + Cenote Ik Kil,Privado,3,0.0,Argentina,Español,2130.49,6391.47,6.6,4.9,Tarjeta credito,Completada,G010,Alta,3,2021,cliente6104@hotmail.com
RES04842,2021-07-12,Holbox,Punta Mosquito,Grupal,16,5.0,Suecia,Español,1225.63,22674.16,9.5,4.9,Efectivo,Completada,G030,Alta,7,2021,cliente3858@outlook.com
RES00859,2023-06-23,Cancun,Isla Mujeres,Grupal,19,,Francia,Aleman,802.71,15251.49,5.4,3.7,Transferencia,Completada,G014,Media,6,2023,cliente3768@outlook.com
RES03226,2022-01-14,Uxmal,Uxmal + Kabah,Gruupal,9,2.0,Italia,Ingles,842.76,8427.6,3.4,4.3,Tarjeta debito,Completada,G040,Baja,1,2022,cliente8299@outlook.com
RES01073,2022-05-12,Playa del Carmen,Quinta Avenida + Cozumel,privado,1,0.0,España,Aleman,1179.08,1179.08,9.1,3.7,Tarjeta credito,Completada,G031,Media,5,2022,cliente7784@icloud.com
RES00720,2023-06-23,Akumal,Snorkel Tortugas Akumal,Grupal,14,5.0,Suecia,Ingles,779.24,12857.46,6.9,1.7,Tarjeta credito,Confirmada,G027,Media,6,2023,cliente8249@outlook.com
RES02200,2021-02-10,Merida,Haciendas del Mayab,Grupal,5,1.0,Reino Unido,Español,642.98,3536.39,8.9,1.1,Tarjeta debito,Completada,G022,Baja,2,2021,cliente5009@yahoo.com
RES02632,2021-03-22,Playa del Carmen,Quinta Avenida + Cozumel,Grupal,15,5.0,Reino Unido,Español,1111.6,19453.0,4.9,5.0,Tarjeta debito,Completada,G022,Alta,3,2021,cliente6337@gmail.com
RES01661,2024-01-25,Chichen Itza,Valladolid + Chichen Itza,Grupal,15,5.0,Estados Unidos,Portugues,966.7,16917.25,10.0,5.0,Tarjeta credito,Completada,G007,Baja,1,2024,
RES02426,2021-10-15,Holbox,Tour Isla Holbox,Privado,2,0.0,Polonia,,1515.17,3030.34,5.5,4.9,Tarjeta credito,Completada,G024,Media,10,2021,cliente4420@gmail.com
RES05084,2023-03-08,Uxmal,Ruta Puuc,Privado,1,0.0,Estados Unidos,Ingles,1690.1,1690.1,6.0,5.0,Tarjeta credito,Completada,G020,Alta,3,2023,cliente1974@outlook.com
RES03098,2021-07-12,Cancun,Zona Hotelera Tour,Grupal,19,5.0,España,Ingles,841.05,18082.58,,4.1,Efectivo,Completada,G016,Alta,7,2021,cliente7018@outlook.com
RES03977,2021-03-15,Akumal,Cenote Yalku,Grupal,14,4.0,Mexico,Español,1054.72,16875.52,5.1,4.9,Transferencia,Cancelada,G033,Alta,3,2021,cliente671@hotmail.com
RES05401,2023-03-21,Chichen Itza,Valladolid + Chichen Itza,Grupal,16,6.0,Estados Unidos,Español,1346.35,25580.65,5.7,3.7,Efectivo,Completada,G016,Alta,3,2023,cliente6042@icloud.com
RES05733,2022-07-02,Tulum,Cenote Gran Cenote,Grupal,19,1.0,Mexico,Ingles,1184.69,23101.46,5.4,4.2,Tarjeta debito,Completada,G004,Alta,7,2022,cliente9019@gmail.com
RES04284,2024-03-04,Chichen Itza,Valladolid + Chichen Itza,Privado,2,0.0,Alemania,Portugues,2042.82,4085.64,9.2,5.0,Tarjeta credito,Confirmada,G023,Alta,3,2024,usuario.dominio.com
RES05290,2022-04-18,Cancun,Zona Hotelera Tour,Grupal,11,1.0,Brasil,Ingles,912.08,10488.92,2.5,4.1,Efectivo,Cancelada,G033,Alta,4,2022,cliente6589@hotmail.com
RES01409,2023-11-03,Merida,Izamal + Merida,Grupal,20,3.0,Estados Unidos,Italiano,705.32,15164.38,3.0,4.3,Tarjeta debito,Cancelada,G015,Media,11,2023,cliente7427@yahoo.com
RES01846,2022-09-12,Tulum,Sian Ka'an,Privado,4,2.0,Canada,Español,1181.42,5907.1,4.9,4.1,Efectivo,Pendiente,G015,Baja,9,2022,cliente932@icloud.com
RES01799,2022-09-01,Cancun,Isla Mujeres,Grupal,14,7.0,Belgica,Español,590.35,10331.12,3.5,3.9,,Confirmada,,Baja,9,2022,cliente5741@hotmail.com
RES03958,2022-01-03,Cozumel,Tour Isla Cozumel,Grupal,4,2.0,Reino Unido,Español,871.98,4359.9,10.1,3.3,Efectivo,Completada,G002,Baja,1,2022,cliente2675@gmail.com
RES01476,2023-05-28,Tulum,Sian Ka'an,Grupal,11,3.0,Francia,Español,914.81,11435.12,5.3,4.3,Efectivo,Completada,G036,Media,5,2023,usuario@
RES00036,2024-03-01,Chichen Itza,Valladolid + Chichen Itza,Grupal,17,7.0,Estados Unidos,Italiano,1565.64,32095.62,8.3,5.0,Crypto,Completada,G027,Alta,3,2024,cliente766@hotmail.com
RES00445,2024-01-19,Playa del Carmen,Xcaret,Grupal,13,2.0,Polonia,Español,782.69,10957.66,3.5,4.3,Efectivo,Completada,G025,Baja,1,2024,cliente3957@icloud.com
RES02360,2022-04-03,Merida,Izamal + Merida,Grupal,19,4.0,Estados Unidos,Ingles,792.92,16651.32,,1.7,Paypal,Confirmada,G027,Alta,4,2022,@dominio.com
RES03655,2021-08-06,Playa del Carmen,Xcaret,Grupal,14,0.0,Canada,Italiano,946.83,13255.62,3.2,3.9,Efectivo,Completada,G019,Alta,8,2021,cliente4591@outlook.com
RES03180,2023-07-10,Merida,Centro Historico Merida,Privado,3,1.0,Reino Unido,Español,1361.68,4765.88,10.0,5.0,Tarjeta credito,Completada,G022,Alta,7,2023,cliente2842@icloud.com
RES01287,2021-06-04,Uxmal,Ruta Puuc,Privado,3,0.0,Estados Unidos,Español,1503.32,4509.96,3.5,4.6,Efectivo,Completada,G010,Media,6,2021,cliente7815@outlook.com
RES04472,2023-01-25,Tulum,Sian Ka'an,Grupal,12,2.0,Francia,Ingles,813.41,10574.33,7.9,3.7,Tarjeta credito,Completada,G040,Baja,1,2023,cliente3307@yahoo.com
RES03417,2023-05-31,Merida,Centro Historico Merida,Privado,2,1.0,Mexico,Aleman,1114.85,2787.12,5.0,4.7,Efectivo,Completada,G031,Media,5,2023,cliente7673@icloud.com
RES02138,2022-02-14,Tulum,Cenote Gran Cenote,Privado,3,0.0,Mexico,Español,1222.41,3667.23,10.2,5.0,Paypal,Completada,G003,Baja,2,2022,cliente8227@icloud.com
RES02637,2023-07-01,Chichen Itza,Chichen Itza + Cenote Ik Kil,Privado,2,0.0,Italia,Español,2056.54,4113.08,3.0,5.0,Efectivo,Completada,G019,Alta,7,2023,cliente5394@outlook.com
RES04017,2023-06-25,Cozumel,Snorkel El Cielo,Grupal,4,2.0,Mexico,Ingles,1028.81,5144.05,10.2,,Efectivo,Completada,G022,Media,6,2023,cliente5282@yahoo.com
RES05834,2022-12-10,Merida,Centro Historico Merida,Grupal,8,3.0,España,Aleman,869.5,8260.25,4.0,4.9,Tarjeta credito,Completada,G039,Alta,12,2022,cliente9288@hotmail.com
RES01682,2023-03-28,Cozumel,Tour Isla Cozumel,Grupal,19,1.0,Mexico,Ingles,,27665.82,9.6,4.2,Tarjeta credito,Confirmada,G011,Alta,3,2023,usuario.dominio.com
RES04387,2023-10-02,Tulum,Ruinas de Tulum,Privado,1,0.0,Mexico,Portugues,1508.81,1508.81,4.7,4.1,Efectivo,Completada,G015,Media,10,2023,cliente9320@yahoo.com
RES01693,2023-10-24,Akumal,Snorkel Tortugas Akumal,Privado,3,0.0,Alemania,Español,1262.11,3786.33,3.3,4.7,Tarjeta credito,Confirmada,G013,Media,10,2023,cliente1619@gmail.com
RES04451,2022-06-20,Uxmal,Uxmal + Kabah,Grupal,6,2.0,Estados Unidos,Ingles,956.07,6692.49,9.6,3.8,Tarjeta debito,Completada,G005,Media,6,2022,cliente3864@yahoo.com
RES05327,2022-09-15,Uxmal,Uxmal + Kabah,Grupal,14,7.0,Mexico,Ingles,836.98,-14647.15,4.7,5.0,Efectivo,Completada,G009,Baja,9,2022,us er@gmail.com
RES03636,2023-08-18,Cozumel,Tour Isla Cozumel,Grupal,8,4.0,Japon,Ingles,1334.84,13348.4,5.5,,Transferencia,Completada,G002,Alta,8,2023,cliente4741@icloud.com
RES00373,2023-10-01,Chichen Itza,Valladolid + Chichen Itza,Privado,3,1.0,Brasil,Frances,1884.29,6595.01,3.2,4.2,Tarjeta credito,Completada,G017,Media,10,2023,cliente5800@yahoo.com
RES05158,2024-03-29,Bacalar,Laguna de los 7 Colores,Grupal,5,,,Aleman,996.43,4982.15,7.8,,Efectivo,Confirmada,G032,Alta,3,2024,cliente8022@yahoo.com
RES00141,2022-07-06,Bacalar,Kayak Canales,Privado,2,0.0,Mexico,Aleman,1641.56,3283.12,2.6,4.3,Transferencia,Completada,G007,Alta,7,2022,cliente5085@yahoo.com
RES05625,2021-04-08,Tulum,Cenote Gran Cenote,Privado,4,2.0,Mexico,Ingles,1816.5,9082.5,4.4,4.4,Efectivo,Completada,,Alta,4,2021,cliente3021@outlook.com
RES00715,2021-06-18,Akumal,Cenote Yalku,Grupal,12,0.0,Estados Unidos,Aleman,865.59,10387.08,,4.0,Transferencia,Confirmada,G036,Media,6,2021,cliente1131@gmail.com
RES03189,2023-08-18,Akumal,Snorkel Tortugas Akumal,Privado,1,0.0,Estados Unidos,Italiano,1560.32,1560.32,7.0,5.0,Transferencia,Cancelada,G020,Alta,8,2023,cliente1655@yahoo.com
RES05326,2023-02-25,Cancun,Isla Mujeres,Grupal,18,9.0,Canada,Italiano,625.35,14070.38,9.1,4.1,Tarjeta credito,Completada,G004,Baja,2,2023,cliente2102@yahoo.com
RES04216,2021-12-26,Merida,Izamal + Merida,Privado,2,0.0,Mexico,Español,1350.58,2701.16,7.7,4.1,Tarjeta credito,Pendiente,G008,Alta,12,2021,cliente4941@gmail.com
RES00407,2023-07-18,Tulum,Cenote Dos Ojos,Grupal,7,3.0,Estados Unidos,Español,1110.14,9436.19,8.8,,Efectivo,Confirmada,G039,Alta,7,2023,cliente6133@hotmail.com
RES00021,2023-05-28,Playa del Carmen,Xel-Ha,Privado,2,0.0,Alemania,Frances,1226.31,2452.62,3.1,5.0,Tarjeta credito,Confirmada,G010,Media,5,2023,cliente5520@gmail.com
RES01005,2022-02-04,Chichen Itza,Valladolid + Chichen Itza,Grupal,16,0.0,Mexico,,1050.52,16808.32,9.0,4.3,Tarjeta debito,Cancelada,G016,Baja,2,2022,cliente5743@gmail.com
RES02412,2022-03-07,Holbox,Punta Mosquito,Privado,3,1.0,Reino Unido,Español,1894.41,6630.44,4.5,4.0,Tarjeta debito,Completada,G012,Alta,3,2022,cliente6115@yahoo.com
RES02546,2024-02-16,Holbox,Punta Mosquito,Privado,3,0.0,Francia,Ingles,1301.74,3905.22,7.3,4.8,Efectivo,Cancelada,G017,Baja,2,2024,cliente2361@outlook.com
RES02391,2023-06-23,Akumal,Snorkel Tortugas Akumal,Grupal,19,,Estados Unidos,Ingles,815.67,18760.41,10.0,2.2,Tarjeta debito,Pendiente,G037,Media,6,2023,cliente2382@icloud.com
RES05440,2022-05-13,Cancun,Zona Hotelera Tour,Grupal,5,0.0,Colombia,Ingles,756.03,3780.15,4.5,4.7,Tarjeta credito,Pendiente,G023,Media,5,2022,cliente8795@outlook.com
RES00043,2022-02-14,Bacalar,Kayak Canales,Grupal,18,2.0,Reino Unido,Español,795.14,15107.66,5.2,5.0,Paypal,Completada,G016,Baja,2,2022,cliente8715@outlook.com
RES02831,2022-03-29,Cancun,Snorkel Arrecife,Grupal,18,9.0,España,Español,928.22,20884.95,6.0,2.9,Efectivo,Completada,G026,Alta,3,2022,cliente4113@hotmail.com
RES03372,2022-09-12,Cozumel,Tour Isla Cozumel,Grupal,4,1.0,Estados Unidos,Frances,976.06,4392.27,7.3,5.0,Transferencia,Completada,G029,Baja,9,2022,cliente8339@hotmail.com
RES03023,2023-03-03,,Chichen Itza + Cenote Ik Kil,Privado,2,1.0,Canada,Español,2212.83,5532.07,5.2,1.8,Tarjeta credito,Completada,G031,Alta,3,2023,cliente7457@hotmail.com
RES03365,2022-10-23,Playa del Carmen,Xel-Ha,Privado,4,2.0,Mexico,Español,1379.99,6899.95,8.3,2.9,Tarjeta debito,Completada,G015,Media,10,2022,cliente7326@yahoo.com
RES00012,2023-06-02,Playa del Carmen,Xel-Ha,Grupal,6,1.0,Colombia,Español,829.04,5388.76,48.0,4.0,Tarjeta credito,Completada,G021,Media,6,2023,cliente5176@icloud.com
RES01178,2023-03-09,Merida,Izamal + Merida,Privado,1,0.0,Mexico,Ingles,1252.81,1252.81,9.8,4.9,Efectivo,Confirmada,G011,Alta,3,2023,cliente9800@yahoo.com
RES01948,2022-09-23,Merida,Izamal + Merida,Grupal,4,2.0,Estados Unidos,Ingles,652.32,3261.6,4.8,5.0,Tarjeta debito,Completada,G034,Baja,9,2022,sinArroba.com
RES02502,2024-01-18,Cozumel,Buceo Arrecife Palancar,Grupal,16,2.0,Francia,Ingles,1006.66,17113.22,9.6,4.7,Tarjeta debito,Completada,G025,Baja,1,2024,cliente7910@icloud.com
RES02864,2021-05-21,Cozumel,Snorkel El Cielo,Privado,4,0.0,Estados Unidos,Italiano,1629.48,6517.92,8.9,4.7,,Cancelada,G008,Media,5,2021,cliente931@outlook.com
RES03866,2023-06-18,Akumal,Snorkel Tortugas Akumal,Grupal,11,0.0,Mexico,Aleman,803.73,8841.03,7.7,5.0,Transferencia,Confirmada,G039,Media,6,2023,cliente6588@icloud.com
RES01027,2022-10-24,Holbox,Punta Mosquito,Privado,1,0.0,Estados Unidos,Ingles,1685.42,1685.42,5.9,5.0,Tarjeta debito,Cancelada,G037,Media,10,2022,cliente6873@hotmail.com
RES03849,2023-02-16,Uxmal,Ruta Puuc,Grupal,17,1.0,Mexico,Español,795.61,13923.18,3.2,3.7,,Pendiente,,Baja,2,2023,cliente6474@hotmail.com
RES02990,2023-06-09,Akumal,Cenote Yalku,Grupal,4,1.0,Mexico,Aleman,759.41,3417.34,5.9,3.7,Efectivo,Completada,G010,Media,6,2023,cliente3878@yahoo.com
RES00962,2022-04-04,Chichen Itza,Chichen Itza + Cenote Ik Kil,Grupal,8,,Argentina,Ingles,1554.76,13215.46,3.0,3.2,,Completada,G003,Alta,4,2022,cliente3958@gmail.com
RES02890,2022-08-11,Merida,Haciendas del Mayab,Grupal,5,2.0,Mexico,Español,25000.0,4965.78,7.4,5.0,Transferencia,Completada,G034,Alta,8,2022,cliente7646@outlook.com
RES03016,2023-01-26,Tulum,Ruinas de Tulum,Privado,3,0.0,Estados Unidos,Español,1150.05,3450.15,4.1,5.0,Efectivo,Completada,G022,Baja,1,2023,cliente6952@hotmail.com
RES03339,2023-08-08,Tulum,Sian Ka'an,Grupal,6,3.0,España,Español,1117.46,8380.95,3.7,4.8,Tarjeta debito,Completada,G015,Alta,8,2023,cliente6460@yahoo.com
RES04257,2022-01-14,Cancun,Snorkel Arrecife,Grupal,14,2.0,Francia,Español,627.86,9417.9,9.8,3.8,Transferencia,Completada,G007,Baja,1,2022,cliente8194@hotmail.com
RES00736,2021-12-02,Uxmal,Ruta Puuc,Privado,3,0.0,Mexico,Ingles,1734.12,5202.36,8.2,,Efectivo,Completada,G008,Alta,12,2021,cliente1172@icloud.com
RES01441,2023-06-12,Bacalar,Laguna de los 7 Colores,Grupal,6,3.0,Mexico,Portugues,858.88,6441.6,9.3,3.7,Tarjeta credito,Completada,,Media,6,2023,cliente7496@hotmail.com
RES02876,2023-11-29,Tulum,Ruinas de Tulum,Grupal,12,3.0,Estados Unidos,Español,1015.33,13706.95,3.9,4.0,Tarjeta debito,Completada,G032,Media,11,2023,cliente3914@yahoo.com
RES03987,2022-08-05,Cozumel,Snorkel El Cielo,Grupal,20,4.0,Estados Unidos,Ingles,1418.3,31202.6,7.3,4.8,efectivo,Completada,G008,Alta,8,2022,cliente217@icloud.com
RES00917,2021-04-21,Merida,Haciendas del Mayab,Privado,4,1.0,Estados Unidos,Frances,1222.34,5500.53,5.7,5.0,Efectivo,Confirmada,G009,Alta,4,2021,cliente9380@gmail.com
RES05032,2023-06-17,Tulum,Sian Ka'an,Grupal,15,1.0,Canada,Español,1009.38,15645.39,9.6,3.9,Efectivo,Completada,G021,Media,6,2023,cliente3937@hotmail.com
RES04090,2021-08-15,Holbox,Punta Mosquito,Grupal,12,4.0,Mexico,,1354.93,18969.02,,5.0,Efectivo,Completada,G007,Alta,8,2021,cliente113@outlook.com
RES05862,2022-03-09,Uxmal,Ruta Puuc,Grupal,9,2.0,Mexico,Español,1169.98,11699.8,4.3,2.3,Efectivo,Completada,G016,Alta,3,2022,cliente3300@yahoo.com
RES04714,2022-01-31,Holbox,Punta Mosquito,Grupal,16,1.0,Canada,Portugues,855.67,14118.55,8.1,3.8,Paypal,Completada,G037,Baja,1,2022,cliente6767@outlook.com
RES02773,2023-10-09,Holbox,Tour Isla Holbox,Grupal,-13,3.0,Colombia,Aleman,1093.35,15853.57,6.5,5.0,Tarjeta credito,Cancelada,G026,Media,10,2023,cliente4197@yahoo.com
RES01625,2022-10-21,Merida,Centro Historico Merida,Grupal,13,6.0,Brasil,Ingles,665.41,10646.56,3.2,5.0,Paypal,Completada,G036,Media,10,2022,cliente8569@hotmail.com
RES04783,2022-04-20,Bacalar,Kayak Canales,Grupal,19,4.0,,Español,1136.43,23865.03,2.7,1.0,Tarjeta debito,Confirmada,G033,Alta,4,2022,usuario.dominio.com
RES00822,2023-01-31,Merida,Haciendas del Mayab,Grupal,7,2.0,Francia,Español,555.22,4441.76,6.7,4.9,Tarjeta credito,Completada,,Baja,1,2023,cliente2542@yahoo.com
RES01368,2022-05-14,Holbox,Avistamiento Tiburon Ballena,Privado,2,0.0,Belgica,Ingles,1522.17,3044.34,4.0,3.1,Tarjeta credito,Completada,G011,Media,5,2022,
RES03713,2023-03-05,Akumal,Cenote Yalku,Privado,1,0.0,Reino Unido,Español,1519.24,-1519.24,,5.0,Tarjeta credito,Completada,G012,Alta,3,2023,cliente2633@yahoo.com
RES05425,2022-01-10,Merida,Izamal + Merida,Grupal,15,6.0,Estados Unidos,Ingles,649.88,11697.84,10.2,,Crypto,Completada,G015,Baja,1,2022,cliente3025@gmail.com
RES00851,2022-03-17,Cancun,Snorkel Arrecife,Privado,2,0.0,Estados Unidos,Español,1374.34,2748.68,9.8,4.1,Paypal,Completada,G018,Alta,3,2022,cliente7515@hotmail.com
RES01001,2021-03-07,Cozumel,Snorkel El Cielo,Grupal,15,6.0,Argentina,Frances,1251.12,22520.16,9.6,5.0,,Cancelada,G004,Alta,3,2021,cliente9844@outlook.com
RES05329,2024-01-21,Chichen Itza,Valladolid + Chichen Itza,Grupal,11,5.0,Estados Unidos,Español,1067.99,14417.86,3.4,,Efectivo,Confirmada,G017,Baja,1,2024,cliente9278@gmail.com
RES04115,2022-04-21,Tulum,Cenote Gran Cenote,Privado,4,2.0,Mexico,Español,1631.33,8156.65,7.3,4.4,Efectivo,Completada,G023,Alta,4,2022,cliente356@gmail.com
RES01638,2021-10-14,Playa del Carmen,Quinta Avenida + Cozumel,grupal,6,2.0,Australia,Español,827.01,5789.07,7.5,2.2,Efectivo,Completada,G016,Media,10,2021,cliente4120@gmail.com
RES01668,2022-07-29,Playa del Carmen,Quinta Avenida + Cozumel,Privado,2,1.0,Mexico,Frances,1578.68,3946.7,9.4,4.9,Efectivo,Confirmada,G028,Alta,7,2022,
RES03174,2022-03-04,Merida,Centro Historico Merida,Privado,4,,Mexico,Español,1382.08,6910.4,3.7,5.0,Tarjeta credito,Completada,G005,Alta,3,2022,cliente8255@gmail.com
RES04589,2021-06-22,Uxmal,Uxmal + Kabah,Privado,4,0.0,Estados Unidos,Ingles,1604.17,6416.68,5.8,5.0,Efectivo,Completada,G030,Media,6,2021,cliente5886@hotmail.com
RES01348,2021-03-29,Tulum,Cenote Dos Ojos,Grupal,19,0.0,Colombia,Español,1205.56,22905.64,6.5,4.7,Tarjeta debito,Confirmada,G013,Alta,3,2021,
RES04711,2023-03-07,Uxmal,Uxmal + Kabah,Privado,2,0.0,Suiza,Español,1789.72,3579.44,9.6,,Efectivo,Completada,G031,Alta,3,2023,cliente9510@icloud.com
RES03231,2023-01-08,Tulum,Sian Ka'an,Grupal,8,2.0,Mexico,Ingles,838.71,7548.39,3.1,4.9,Efectivo,Confirmada,G026,Baja,1,2023,cliente325@outlook.com
RES04237,2022-02-27,Akumal,Snorkel Tortugas Akumal,Grupal,8,0.0,Mexico,Ingles,737.58,5900.64,9.5,4.6,Efectivo,Confirmada,G001,Baja,2,2022,cliente1865@yahoo.com
RES04635,2023-01-05,Merida,Centro Historico Merida,Grupal,9,0.0,Belgica,Español,570.16,5131.44,8.1,4.4,Transferencia,Completada,G017,Baja,1,2023,cliente6177@hotmail.com
RES03233,2023-03-15,Cancun,Snorkel Arrecife,Privado,4,1.0,Francia,Español,1389.93,6254.69,4.9,4.2,Tarjeta debito,Completada,G006,Alta,3,2023,cliente4234@yahoo.com
RES04931,2024-01-08,Cozumel,Buceo Arrecife Palancar,Grupal,11,1.0,Mexico,,977.84,11245.16,6.5,2.4,Tarjeta credito,Cancelada,G009,Baja,1,2024,cliente895@icloud.com
RES00704,2023-07-05,Cozumel,Tour Isla Cozumel,Grupal,16,1.0,Canada,Español,1395.53,23026.24,5.3,4.8,Transferencia,Completada,G037,Alta,7,2023,sinArroba.com
RES05295,2021-04-21,Bacalar,Fuerte de San Felipe,Privado,3,0.0,Mexico,Ingles,1709.94,5129.82,3.8,3.0,Transferencia,Completada,G004,Alta,4,2021,cliente5622@gmail.com
RES03292,2023-06-16,Akumal,Cenote Yalku,Grupal,15,2.0,Argentina,Aleman,748.46,11975.36,6.3,2.1,Efectivo,Completada,G037,Media,6,2023,cliente8879@outlook.com
RES03674,2022-04-24,Merida,Centro Historico Merida,Grupal,12,1.0,,Español,862.26,10778.25,10.4,,Efectivo,Completada,G034,Alta,4,2022,cliente9434@icloud.com
RES02409,2023-04-19,Uxmal,Uxmal + Kabah,Grupal,11,0.0,Canada,Portugues,1271.01,13981.11,6.5,5.0,Efectivo,Completada,G038,Alta,4,2023,cliente9774@outlook.com
RES01328,2024-02-25,Playa del Carmen,Quinta Avenida + Cozumel,Privado,1,0.0,Mexico,Aleman,1140.81,1140.81,3.4,4.1,Tarjeta credito,Completada,,Baja,2,2024,cliente1245@gmail.com
RES05621,2023-07-29,Akumal,Snorkel Tortugas Akumal,Grupal,10,2.0,Estados Unidos,Español,1026.82,11295.02,5.8,5.0,Efectivo,Confirmada,G039,Alta,7,2023,cliente736@outlook.com
RES04941,2023-05-21,Akumal,Cenote Yalku,Grupal,5,2.0,Estados Unidos,Español,769.3,4615.8,6.4,2.8,Efectivo,Cancelada,,Media,5,2023,cliente8471@outlook.com
RES05038,2021-05-16,Cozumel,Buceo Arrecife Palancar,Grupal,7,0.0,Mexico,Ingles,1119.92,7839.44,6.9,4.7,Tarjeta debito,Pendiente,G003,Media,5,2021,cliente5091@icloud.com
RES00987,2021-01-24,Uxmal,Ruta Puuc,Grupal,13,5.0,Polonia,Ingles,815.86,12645.83,9.9,5.0,Tarjeta debito,Completada,G018,Baja,1,2021,cliente7791@yahoo.com
RES05475,2021-09-15,Playa del Carmen,Xcaret,Privado,1,0.0,,Español,1116.05,1116.05,5.0,5.0,Tarjeta debito,Completada,G011,Baja,9,2021,usuario.dominio.com
RES05186,2021-05-24,Uxmal,Ruta Puuc,Privado,4,1.0,Mexico,Ingles,1424.8,6411.6,6.5,4.2,Tarjeta credito,Cancelada,G035,Media,5,2021,cliente8081@outlook.com
RES04994,2023-09-10,Merida,Haciendas del Mayab,Grupal,15,7.0,Mexico,Aleman,559.47,10350.19,3.8,2.7,Efectivo,Completada,G037,Baja,9,2023,cliente1343@gmail.com
RES04050,2023-11-15,Playa del Carmen,Xcaret,Grupal,9,2.0,Argentina,Frances,809.79,8097.9,4.7,5.0,Efectivo,Completada,G021,Media,11,2023,cliente3665@icloud.com
RES03486,2022-06-10,Cozumel,Tour Isla Cozumel,Privado,1,0.0,Francia,Español,1715.14,1715.14,7.1,4.3,Crypto,Confirmada,G009,Media,6,2022,cliente3519@yahoo.com
RES02475,2023-01-07,Bacalar,Fuerte de San Felipe,Grupal,9,0.0,Mexico,Frances,834.0,7506.0,7.2,1.0,Efectivo,Pendiente,G012,Baja,1,2023,cliente8877@icloud.com
RES03874,2023-11-18,Uxmal,Uxmal + Kabah,Privado,3,1.0,Estados Unidos,Español,1621.18,5674.13,9.9,4.9,Tarjeta credito,Confirmada,G014,Media,11,2023,cliente2012@gmail.com
RES01199,2021-12-28,Chichen Itza,Chichen Itza + Cenote Ik Kil,Privado,3,1.0,Japon,Español,2291.59,8020.57,7.9,,Tarjeta credito,Completada,G009,Alta,12,2021,cliente8642@gmail.com
RES04182,2024-01-23,Cozumel,Tour Isla Cozumel,Grupal,4,2.0,Japon,Ingles,969.69,4848.45,3.9,4.9,Transferencia,Completada,G038,Baja,1,2024,cliente4565@yahoo.com
RES01519,2021-08-14,Holbox,Avistamiento Tiburon Ballena,Grupal,6,1.0,Brasil,,1367.58,8889.27,6.5,4.2,Efectivo,Completada,G017,Alta,8,2021,cliente5887@yahoo.com
RES01800,2022-09-02,Uxmal,Uxmal + Kabah,Grupal,4,1.0,Mexico,Español,833.31,3749.89,5.4,4.4,Tarjeta debito,Completada,G011,Baja,9,2022,cliente9359@icloud.com
RES01015,2021-12-01,Merida,Haciendas del Mayab,Privado,3,1.0,Estados Unidos,,1309.36,4582.76,2.7,3.1,Efectivo,Completada,G009,Alta,12,2021,cliente5472@hotmail.com
RES00129,2023-01-10,Merida,Izamal + Merida,Grupal,6,0.0,Francia,Español,635.07,3810.42,4.2,4.7,Transferencia,Completada,G018,Baja,1,2023,cliente7051@icloud.com
RES01365,2022-03-05,Tulum,Ruinas de Tulum,Grupal,17,7.0,Francia,Español,1149.16,23557.78,2.6,4.4,Transferencia,Completada,G014,Alta,3,2022,cliente9888@yahoo.com
RES04640,2023-07-31,Bacalar,Kayak Canales,Grupal,13,6.0,Mexico,Español,1050.9,16814.4,2.9,3.9,Efectivo,Completada,G036,Alta,7,2023,cliente9767@icloud.com
RES00892,2023-10-13,Cozumel,Snorkel El Cielo,Privado,4,0.0,Estados Unidos,Español,1783.01,7132.04,9.2,3.8,,Confirmada,G032,Media,10,2023,us er@gmail.com
RES02794,2022-11-16,Merida,Izamal + Merida,Privado,2,1.0,Mexico,Aleman,1122.01,2805.03,6.7,3.7,Tarjeta credito,Completada,G017,Media,11,2022,cliente8917@gmail.com
RES05063,2023-01-11,Chichen Itza,Chichen Itza + Cenote Ik Kil,Privado,1,0.0,Japon,Frances,1663.61,1663.61,,4.3,Efectivo,Confirmada,G019,Baja,1,2023,cliente6791@yahoo.com
RES05752,2024-01-07,Chichen Itza,Valladolid + Chichen Itza,Grupal,8,4.0,Mexico,Español,980.6,9806.0,4.6,3.9,Tarjeta credito,Completada,G004,Baja,1,2024,cliente5123@yahoo.com
RES05171,2023-07-02,Akumal,Snorkel Tortugas Akumal,Grupal,6,3.0,Mexico,Español,945.02,7087.65,3.2,3.2,Tarjeta debito,Completada,G021,Alta,7,2023,cliente9853@icloud.com
RES03250,2022-05-02,Akumal,Snorkel Tortugas Akumal,Grupal,8,4.0,Colombia,Español,828.62,8286.2,3.1,2.8,Transferencia,Cancelada,G015,Media,5,2022,cliente152@gmail.com
RES01209,2021-07-30,Cozumel,Buceo Arrecife Palancar,Grupal,13,4.0,Mexico,Aleman,1215.93,18238.95,,2.6,Transferencia,Completada,G035,Alta,7,2021,cliente6897@yahoo.com
RES03869,2022-03-04,Bacalar,Laguna de los 7 Colores,Privado,1,0.0,Canada,Ingles,1512.77,1512.77,4.8,5.0,Transferencia,Completada,G031,Alta,3,2022,cliente4673@yahoo.com
RES04066,2022-05-24,Playa del Carmen,Xel-Ha,Grupal,4,1.0,Francia,Español,844.04,3798.18,,4.0,Tarjeta credito,Completada,G026,Media,5,2022,cliente8464@icloud.com
RES05159,2024-01-01,Holbox,Punta Mosquito,Privado,2,0.0,Colombia,Español,1412.28,2824.56,5.8,5.0,Efectivo,Cancelada,G016,Baja,1,2024,cliente3905@hotmail.com
RES01240,2022-01-04,Playa del Carmen,Quinta Avenida + Cozumel,Privado,3,1.0,Reino Unido,Español,1128.2,3948.7,6.7,5.0,Paypal,Completada,G033,Baja,1,2022,cliente9960@icloud.com
RES02290,2022-12-29,Merida,Haciendas del Mayab,Grupal,15,3.0,Argentina,Ingles,858.69,14168.39,4.8,5.0,Tarjeta credito,Confirmada,G012,Alta,12,2022,cliente9356@hotmail.com
RES02741,2024-01-04,Bacalar,Laguna de los 7 Colores,Grupal,19,3.0,Francia,Español,711.13,14578.16,7.6,4.9,Tarjeta credito,Confirmada,G030,Baja,1,2024,cliente5566@hotmail.com
RES00276,2022-05-02,Merida,Centro Historico Merida,Privado,4,2.0,Suiza,Ingles,1132.63,5663.15,8.3,4.9,Efectivo,Completada,G025,Media,5,2022,cliente1639@hotmail.com
RES01036,2021-09-16,Playa del Carmen,Quinta Avenida + Cozumel,Grupal,14,5.0,,Español,753.89,12439.18,4.4,4.3,Efectivo,Cancelada,,Baja,9,2021,cliente7607@icloud.com
RES01230,2023-02-28,Cozumel,Buceo Arrecife Palancar,Privado,4,0.0,Mexico,Aleman,1365.78,5463.12,8.7,,Tarjeta credito,Completada,G036,Baja,2,2023,cliente5508@gmail.com
RES01009,2022-07-06,Tulum,Cenote Dos Ojos,Grupal,8,4.0,Mexico,Frances,1212.65,12126.5,9.9,,Tarjeta credito,Completada,G008,Alta,7,2022,cliente9237@gmail.com
RES03829,2023-02-04,Playa del Carmen,Xcaret,Privado,1,0.0,Mexico,Español,1121.64,1121.64,6.1,1.7,Tarjeta credito,Completada,G029,Baja,2,2023,usuario@
RES02533,2023-11-07,Playa del Carmen,Xcaret,Grupal,7,1.0,Mexico,Aleman,853.49,6401.18,4.2,,Efectivo,Completada,G015,Media,11,2023,cliente783@outlook.com
RES01059,2021-12-30,Tulum,Sian Ka'an,Privado,3,0.0,Mexico,Español,,5327.55,6.4,3.8,Tarjeta credito,Completada,G034,Alta,12,2021,
RES04479,2022-12-06,Akumal,Snorkel Tortugas Akumal,Grupal,18,5.0,Brasil,Portugues,989.01,20274.7,4.3,4.8,Crypto,Completada,G036,Alta,12,2022,cliente3672@hotmail.com
RES00282,2021-01-09,Uxmal,Ruta Puuc,Grupal,5,0.0,,Ingles,802.04,4010.2,6.8,5.0,Tarjeta debito,Completada,,Baja,1,2021,cliente1472@yahoo.com
RES01044,2023-05-11,Bacalar,Kayak Canales,Grupal,5,0.0,Alemania,,985.02,4925.1,5.2,4.9,Efectivo,Completada,G021,Media,5,2023,cliente8313@outlook.com
RES01317,2023-07-07,Chichen Itza,Chichen Itza + Cenote Ik Kil,Grupal,13,6.0,Mexico,Español,1471.13,23538.08,8.5,5.0,Paypal,Completada,G037,Alta,7,2023,cliente4153@gmail.com
RES00969,2023-04-10,Holbox,Avistamiento Tiburon Ballena,Grupal,16,1.0,,Español,1313.85,21678.52,4.2,4.2,Tarjeta debito,Cancelada,G038,Alta,4,2023,cliente9997@icloud.com
RES02382,2022/11/30,Cozumel,Tour Isla Cozumel,Grupal,8,2.0,Estados Unidos,Español,1109.56,9986.04,7.6,3.3,,Pendiente,G031,Media,11,2022,cliente2782@gmail.com
RES04816,2022-01-08,Cancun,Isla Mujeres,Grupal,12,1.0,Belgica,Frances,601.81,7522.62,3.5,3.1,Efectivo,Completada,G008,Baja,1,2022,cliente8306@gmail.com
RES01940,2021-09-04,Holbox,Tour Isla Holbox,Grupal,13,5.0,Argentina,Frances,833.29,12915.99,5.5,4.8,Efectivo,Completada,G036,Baja,9,2021,cliente728@yahoo.com
RES04327,2021-01-12,Holbox,Tour Isla Holbox,Grupal,5,2.0,Colombia,Italiano,844.37,5066.22,2.8,2.0,Tarjeta credito,Completada,G009,Baja,1,2021,cliente6135@outlook.com
RES01275,2023-07-28,Playa del Carmen,Xcaret,Grupal,7,2.0,Canada,Portugues,1039.29,8314.32,9.7,3.9,Transferencia,Pendiente,,Alta,7,2023,cliente2216@gmail.com
RES00620,2022-02-01,Akumal,Snorkel Tortugas Akumal,Grupal,9,0.0,Polonia,Aleman,730.66,6575.94,4.1,5.0,Transferencia,Completada,G038,Baja,2,2022,cliente3544@yahoo.com
RES04914,2022-05-15,Cozumel,Tour Isla Cozumel,Privado,1,0.0,Mexico,Ingles,1577.93,1577.93,9.5,,Tarjeta debito,Completada,,Media,5,2022,cliente3921@icloud.com
RES01743,22/06/2023,Uxmal,Ruta Puuc,Grupal,20,5.0,Mexico,Aleman,1048.6,23593.5,7.4,4.2,Efectivo,Completada,G027,Media,6,2023,cliente588@outlook.com
RES01391,2022-12-03,Cancun,Laguna Nichupte,Grupal,20,5.0,Canada,Portugues,846.82,19053.45,4.6,3.9,Efectivo,Completada,G037,Alta,12,2022,cliente7251@outlook.com
RES04910,2021-07-08,Playa del Carmen,Xcaret,Privado,4,1.0,Mexico,Italiano,1601.33,7205.98,8.6,5.0,Tarjeta debito,Completada,G003,Alta,7,2021,cliente1580@gmail.com
RES01580,2024-02-12,Bacalar,Laguna de los 7 Colores,Privado,3,0.0,Mexico,Ingles,1074.85,3224.55,8.9,4.2,Transferencia,Pendiente,G001,Baja,2,2024,cliente3675@gmail.com
RES01656,2024-02-22,Uxmal,Ruta Puuc,Grupal,19,8.0,Estados Unidos,Español,906.99,20860.77,72.0,4.8,Tarjeta debito,Completada,G013,Baja,2,2024,cliente3512@outlook.com
RES03569,2023-04-14,Playa del Carmen,Xcaret,Grupal,6,3.0,Estados Unidos,Español,1029.07,7718.02,7.1,4.3,Transferencia,Completada,G027,Alta,4,2023,cliente5762@outlook.com
RES02353,2023-07-26,Uxmal,Ruta Puuc,Privado,3,0.0,Colombia,Ingles,1695.28,5085.84,2.7,,Tarjeta credito,Completada,G028,Alta,7,2023,cliente9551@yahoo.com
RES02213,2021-09-08,Merida,Centro Historico Merida,Grupal,11,2.0,Canada,Español,643.24,7718.88,2.8,5.0,Efectivo,Confirmada,G032,Baja,9,2021,cliente1731@yahoo.com
RES04913,2022-02-21,Tulum,Cenote Gran Cenote,Grupal,9,,Canada,Frances,879.33,9672.63,,4.9,Paypal,Pendiente,G032,Baja,2,2022,cliente346@yahoo.com
RES03179,2023-09-11,Cancun,Zona Hotelera Tour,Grupal,8,1.0,Canada,Frances,664.21,5645.78,8.3,5.0,Efectivo,Completada,,Baja,9,2023,cliente5191@hotmail.com
RES03193,2022-01-22,Tulum,Sian Ka'an,Grupal,19,9.0,Mexico,Portugues,781.43,18363.6,5.6,3.9,Tarjeta credito,Cancelada,G015,Baja,1,2022,cliente9769@icloud.com
RES01308,2022-05-05,Tulum,Cenote Dos Ojos,Grupal,11,0.0,Mexico,Español,1040.85,11449.35,6.8,3.8,Efectivo,Completada,G015,Media,5,2022,cliente6006@hotmail.com
RES00576,2023-02-05,Merida,Haciendas del Mayab,Grupal,20,9.0,Mexico,Español,578.42,14171.29,7.3,5.0,Efectivo,Completada,G039,Baja,2,2023,cliente7767@yahoo.com
RES02361,2021-12-26,Chichen Itza,Valladolid + Chichen Itza,Grupal,20,7.0,,Español,1460.08,34311.88,10.2,4.1,Tarjeta debito,Completada,G038,Alta,12,2021,cliente4075@yahoo.com
RES01281,2022-10-22,Akumal,Cenote Yalku,Grupal,12,5.0,Mexico,Español,759.09,11006.81,6.7,5.0,,Completada,G020,Media,10,2022,cliente6219@gmail.com
RES04907,2023-07-19,Cozumel,Snorkel El Cielo,Privado,2,0.0,Mexico,Frances,1914.96,3829.92,9.1,4.1,Paypal,Completada,G035,Alta,7,2023,cliente8933@yahoo.com
RES04991,2024-01-13,Cozumel,Buceo Arrecife Palancar,Privado,4,2.0,Francia,Aleman,1379.59,-6897.95,9.6,3.2,Tarjeta credito,Completada,G008,Baja,1,2024,@dominio.com
RES01994,2021-12-26,Merida,Centro Historico Merida,Privado,3,0.0,Mexico,Frances,1266.04,3798.12,9.1,3.9,Tarjeta credito,Completada,G039,Alta,12,2021,cliente6971@yahoo.com
RES02640,2021-03-22,Tulum,Cenote Gran Cenote,Grupal,5,2.0,Estados Unidos,Portugues,1051.51,6309.06,8.7,2.6,Efectivo,Confirmada,G010,Alta,3,2021,cliente9406@gmail.com
RES00270,2022-08-22,Cancun,Isla Mujeres,Grupal,12,1.0,Mexico,Español,876.91,10961.38,2.7,1.8,Tarjeta credito,Completada,G037,Alta,8,2022,cliente4154@yahoo.com
RES00630,2023-09-11,,Punta Mosquito,Grupal,14,5.0,España,Español,966.68,15950.22,2.7,3.2,Efectivo,Completada,G028,Baja,9,2023,cliente6839@gmail.com
RES04471,2021-02-01,Uxmal,Uxmal + Kabah,Grupal,19,7.0,Estados Unidos,Ingles,792.57,17832.83,9.2,4.9,Tarjeta credito,Pendiente,G031,Baja,2,2021,cliente2132@yahoo.com
RES03082,2022-11-25,Cancun,Snorkel Arrecife,Privado,4,1.0,Estados Unidos,Español,1054.94,4747.23,4.2,3.0,Tarjeta debito,Confirmada,G026,Media,11,2022,cliente2027@icloud.com
RES03467,2021-08-27,Uxmal,Ruta Puuc,Privado,4,2.0,,Español,1808.17,9040.85,2.8,1.9,Transferencia,Completada,G019,Alta,8,2021,cliente2261@outlook.com
RES05293,2021-01-10,Merida,Haciendas del Mayab,Grupal,5,2.0,Brasil,Español,653.08,3918.48,10.3,4.0,Efectivo,Completada,G003,Baja,1,2021,cliente1352@yahoo.com
RES04024,2021-10-03,Bacalar,Kayak Canales,Privado,2,1.0,Francia,Frances,1331.89,3329.73,8.2,3.2,Tarjeta debito,Confirmada,G037,Media,10,2021,cliente8897@icloud.com
RES02047,2021-01-23,Cozumel,Snorkel El Cielo,Grupal,20,7.0,Suecia,Ingles,950.6,22339.1,6.7,5.0,Efectivo,Completada,G015,Baja,1,2021,cliente9277@gmail.com
RES04739,2021-12-11,Akumal,Cenote Yalku,Grupal,20,2.0,Mexico,Ingles,944.54,19835.34,5.7,5.0,Efectivo,Completada,G019,Alta,12,2021,cliente8914@gmail.com
RES02114,2023-10-20,Merida,Izamal + Merida,Grupal,15,7.0,Francia,Italiano,702.97,13004.94,5.8,3.9,Tarjeta credito,Completada,G031,Media,10,2023,cliente5941@icloud.com
RES00028,2022-03-29,Uxmal,Ruta Puuc,Grupal,5,2.0,Colombia,Italiano,1242.24,7453.44,,5.0,Tarjeta credito,Completada,G024,Alta,3,2022,cliente8833@gmail.com
RES02041,2021-03-26,Chichen Itza,Chichen Itza + Cenote Ik Kil,Grupal,7,2.0,Mexico,Ingles,1565.24,12521.92,6.5,4.0,,Completada,G035,Alta,3,2021,cliente4379@yahoo.com
RES03929,2022-07-04,Merida,Izamal + Merida,Privado,1,0.0,Brasil,Español,1165.39,1165.39,9.6,5.0,Tarjeta credito,Completada,G038,Alta,7,2022,
RES05456,2022-04-27,Chichen Itza,Chichen Itza + Cenote Ik Kil,Privado,2,1.0,Francia,Español,2006.44,5016.1,4.5,4.8,Efectivo,Completada,G031,Alta,4,2022,cliente8504@yahoo.com
RES03217,2024-02-29,Playa del Carmen,Xcaret,Privado,3,1.0,Mexico,Ingles,1178.33,4124.15,7.4,4.8,Tarjeta credito,Completada,G009,Baja,2,2024,cliente6398@icloud.com
RES03815,2022-08-26,Tulum,Sian Ka'an,Grupal,14,7.0,Mexico,Español,1098.82,19229.35,4.7,,Efectivo,Confirmada,G012,Alta,8,2022,cliente5404@outlook.com
RES00130,2021-08-26,Cozumel,Snorkel El Cielo,Grupal,12,1.0,Reino Unido,Portugues,1317.15,16464.38,7.8,5.0,Efectivo,Completada,G033,Alta,8,2021,cliente1977@icloud.com
RES04474,2021-12-12,Chichen Itza,Chichen Itza + Cenote Ik Kil,Grupal,9,4.0,Francia,Ingles,1488.93,16378.23,10.0,,Efectivo,Completada,G011,Alta,12,2021,cliente9476@outlook.com
RES05928,2021-09-23,Cancun,Isla Mujeres,Privado,1,,Mexico,Ingles,951.08,951.08,4.1,2.3,Crypto,Completada,,Baja,9,2021,cliente8372@yahoo.com
RES00014,2021-10-09,Bacalar,Fuerte de San Felipe,Grupal,10,4.0,Estados Unidos,Ingles,980.81,11769.72,6.9,2.8,Efectivo,Cancelada,,Media,10,2021,cliente4797@yahoo.com
RES05172,2022-07-25,Akumal,Snorkel Tortugas Akumal,Privado,4,1.0,Canada,,1497.71,6739.69,6.0,4.8,Paypal,Completada,G040,Alta,7,2022,cliente5392@icloud.com
RES01526,2021-06-25,Cozumel,Snorkel El Cielo,Privado,3,0.0,Estados Unidos,Portugues,1611.92,4835.76,7.0,5.0,Tarjeta debito,Completada,G032,Media,6,2021,cliente1983@gmail.com
RES02366,2021-09-12,Merida,Izamal + Merida,Grupal,18,5.0,Mexico,Ingles,590.99,12115.3,7.0,4.8,Transferencia,Confirmada,G001,Baja,9,2021,cliente8723@icloud.com
RES03053,2022-01-29,Bacalar,Fuerte de San Felipe,Grupal,19,3.0,Reino Unido,Ingles,749.9,15372.95,9.0,4.9,,Completada,G008,Baja,1,2022,cliente7127@icloud.com
RES04006,2021-01-16,Chichen Itza,Valladolid + Chichen Itza,Grupal,4,1.0,Francia,Español,957.02,4306.59,4.3,4.0,Tarjeta credito,Completada,G013,Baja,1,2021,cliente1029@hotmail.com
RES02341,2023-07-21,Chichen Itza,Chichen Itza + Cenote Ik Kil,Grupal,19,6.0,Mexico,Portugues,1519.95,33438.9,4.4,4.7,TARJETA CREDITO,Completada,G030,Alta,7,2023,cliente7528@yahoo.com
RES00375,2021-09-20,Akumal,Cenote Yalku,Grupal,10,4.0,Mexico,Español,653.13,7837.56,5.0,4.9,Tarjeta debito,Completada,G033,Baja,9,2021,cliente9795@icloud.com
RES04399,2021-05-11,Merida,Izamal + Merida,Grupal,9,4.0,Polonia,Frances,657.47,7232.17,10.0,4.3,Tarjeta debito,Completada,G023,Media,5,2021,cliente8102@gmail.com
RES05182,2021-07-04,Chichen Itza,Valladolid + Chichen Itza,Grupal,6,1.0,Suiza,Español,1436.37,9336.4,8.3,4.7,Tarjeta credito,Completada,G027,Alta,7,2021,cliente4320@hotmail.com
RES00940,2023-10-22,Playa del Carmen,Xcaret,Privado,1,0.0,Mexico,Español,1265.4,1265.4,7.9,3.3,Tarjeta credito,Cancelada,G029,Media,10,2023,cliente6425@gmail.com
RES05781,2023-02-18,Playa del Carmen,Xcaret,Grupal,6,2.0,Francia,Ingles,670.79,4695.53,3.5,5.0,Tarjeta credito,Completada,G022,Baja,2,2023,cliente8338@yahoo.com
RES02148,2021-12-27,Merida,Centro Historico Merida,Privado,4,0.0,Estados Unidos,Ingles,1364.61,5458.44,6.0,4.7,Tarjeta debito,Completada,G037,Alta,12,2021,cliente2429@icloud.com
RES03592,2022-03-27,Chichen Itza,Valladolid + Chichen Itza,Grupal,11,3.0,Mexico,Español,1349.42,16867.75,7.3,4.3,Paypal,Completada,G026,Alta,3,2022,cliente5226@outlook.com
RES05478,2021-04-07,Cancun,Laguna Nichupte,Privado,2,0.0,Estados Unidos,Ingles,1295.59,2591.18,2.8,3.8,Efectivo,Completada,G032,Alta,4,2021,cliente1049@gmail.com
RES05071,2023-09-10,Uxmal,Ruta Puuc,Grupal,7,3.0,Francia,Ingles,887.68,7545.28,8.8,4.0,Efectivo,Completada,G021,Baja,9,2023,cliente9842@hotmail.com
RES03624,2021-04-08,Merida,Haciendas del Mayab,Grupal,20,5.0,Mexico,Español,809.58,18215.55,4.6,5.0,Efectivo,Confirmada,G003,Alta,4,2021,cliente7701@yahoo.com
RES00530,2022-07-16,Chichen Itza,Valladolid + Chichen Itza,Grupal,15,5.0,,Aleman,,26295.15,5.6,5.0,Tarjeta credito,Completada,G021,Alta,7,2022,cliente9441@icloud.com
RES03715,2023-08-22,Tulum,Cenote Dos Ojos,Grupal,5,1.0,Estados Unidos,Frances,1222.35,6722.92,4.8,4.9,Tarjeta credito,Completada,G035,Alta,8,2023,cliente9052@yahoo.com
RES01270,2022-08-13,Akumal,Snorkel Tortugas Akumal,Privado,2,0.0,Estados Unidos,Español,1407.5,2815.0,,1.6,Tarjeta debito,Completada,G018,Alta,8,2022,cliente1828@hotmail.com
RES04282,2023-12-24,Chichen Itza,Chichen Itza + Cenote Ik Kil,Privado,2,1.0,Estados Unidos,Frances,2225.55,5563.88,10.1,2.4,Efectivo,Completada,G037,Alta,12,2023,sinArroba.com
RES01395,2022-06-08,Tulum,Sian Ka'an,Grupal,8,,España,Español,1037.9,9860.05,7.0,5.0,Tarjeta credito,Completada,G025,Media,6,2022,cliente691@yahoo.com
RES04010,2024-03-31,Tulum,Cenote Gran Cenote,Privado,4,0.0,Suiza,Italiano,1626.63,6506.52,5.6,3.8,Tarjeta credito,Completada,G032,Alta,3,2024,cliente3597@yahoo.com
RES01798,2021-01-16,Uxmal,Ruta Puuc,Grupal,19,7.0,Estados Unidos,Español,834.53,18776.92,10.4,5.0,Efectivo,Confirmada,G008,Baja,1,2021,cliente2625@yahoo.com
RES02980,2023-09-08,Uxmal,Ruta Puuc,Grupal,20,8.0,Mexico,Aleman,925.99,22223.76,7.7,,Tarjeta debito,Completada,G007,Baja,9,2023,cliente5899@hotmail.com
RES01442,2021-10-21,Akumal,Cenote Yalku,Grupal,9,3.0,Francia,Ingles,852.24,8948.52,,4.8,Tarjeta credito,Completada,G014,Media,10,2021,cliente9376@hotmail.com
RES04512,2022-05-04,Holbox,Tour Isla Holbox,Privado,4,1.0,Alemania,Ingles,1668.33,7507.48,8.3,4.0,Tarjeta credito,Completada,G018,Media,5,2022,usuario.dominio.com
RES05889,2022-10-30,Tulum,Cenote Dos Ojos,Grupal,14,6.0,Estados Unidos,Ingles,878.65,14937.05,6.7,4.0,Efectivo,Completada,G025,Media,10,2022,cliente3960@hotmail.com
RES03812,2023-02-05,Akumal,Snorkel Tortugas Akumal,Grupal,11,4.0,Colombia,Español,691.13,8984.69,2.8,4.3,Efectivo,Cancelada,G031,Baja,2,2023,cliente9540@hotmail.com
RES01274,2021-08-11,Uxmal,Uxmal + Kabah,Grupal,19,4.0,Mexico,Español,,24379.11,7.8,4.7,Tarjeta debito,Completada,G039,Alta,8,2021,cliente7163@icloud.com
RES01713,2021-04-22,Chichen Itza,Chichen Itza + Cenote Ik Kil,Privado,3,0.0,Argentina,Italiano,2016.78,6050.34,6.6,4.8,Efectivo,Completada,G025,Alta,4,2021,cliente9153@yahoo.com
RES00956,2024-01-29,Merida,Centro Historico Merida,Privado,4,1.0,Mexico,Español,953.51,4290.8,,4.0,Tarjeta credito,Pendiente,G034,Baja,1,2024,cliente309@gmail.com
RES05370,2022-01-15,Tulum,Cenote Gran Cenote,Privado,3,1.0,Brasil,Español,1287.08,4504.78,5.9,5.0,Transferencia,Completada,G001,Baja,1,2022,cliente7419@hotmail.com
RES04823,2023-05-20,Bacalar,Laguna de los 7 Colores,Grupal,8,0.0,Mexico,Español,960.57,7684.56,5.8,5.0,Transferencia,Pendiente,G003,Media,5,2023,
RES05334,2022-12-11,Playa del Carmen,Xel-Ha,Grupal,14,5.0,Alemania,Italiano,1108.23,18285.8,5.3,4.3,Efectivo,Completada,G006,Alta,12,2022,cliente1845@outlook.com
RES00404,2023-12-20,Merida,Centro Historico Merida,Grupal,13,1.0,Holanda,Aleman,870.98,11758.23,7.6,1.8,Tarjeta credito,Confirmada,G011,Alta,12,2023,cliente3951@gmail.com
RES02072,2024-02-17,Holbox,Avistamiento Tiburon Ballena,Privado,3,1.0,Mexico,Español,1442.22,5047.77,3.8,,Efectivo,Confirmada,G021,Baja,2,2024,cliente7971@hotmail.com
RES05738,2024-01-05,Playa del Carmen,Xel-Ha,Grupal,4,0.0,Estados Unidos,Español,673.02,2692.08,3.2,5.0,Tarjeta debito,Completada,G020,Baja,1,2024,cliente1240@yahoo.com
RES01978,2023-05-13,Cancun,Isla Mujeres,Privado,4,1.0,Japon,Español,1196.65,5384.93,3.8,4.2,Efectivo,Completada,G001,Media,5,2023,cliente3522@yahoo.com
RES00159,2024-01-17,Holbox,Tour Isla Holbox,Privado,3,0.0,Japon,Ingles,1259.34,3778.02,9.6,,Crypto,Completada,G029,Baja,1,2024,cliente5403@hotmail.com
RES03889,2023-07-23,Cancun,Isla Mujeres,Privado,4,2.0,Mexico,Español,1292.29,6461.45,3.1,5.0,Tarjeta debito,Completada,G030,Alta,7,2023,cliente7591@hotmail.com
RES00903,2021-08-23,Merida,Izamal + Merida,Privado,4,2.0,Mexico,Ingles,1368.55,6842.75,6.4,3.6,Tarjeta credito,Cancelada,G036,Alta,8,2021,sinArroba.com
RES00353,2021-10-10,Uxmal,Uxmal + Kabah,Privado,1,0.0,,Frances,1615.43,1615.43,9.0,2.8,,Completada,G010,Media,10,2021,cliente578@hotmail.com
RES04131,2023-12-11,Bacalar,Kayak Canales,Privado,2,1.0,Canada,Italiano,1628.54,4071.35,3.2,2.1,Tarjeta credito,Completada,G038,Alta,12,2023,cliente1249@icloud.com
RES00755,2021-02-26,Merida,Izamal + Merida,Privado,4,0.0,Estados Unidos,Español,880.33,3521.32,2.7,5.0,Transferencia,Completada,G024,Baja,2,2021,cliente4784@gmail.com
RES02972,2021-01-14,Holbox,Avistamiento Tiburon Ballena,Privado,3,1.0,Estados Unidos,Español,1447.38,5065.83,10.3,5.0,Efectivo,Completada,G033,Baja,1,2021,cliente7675@icloud.com
RES04259,2023-03-01,Playa del Carmen,Xcaret,grupal,5,2.0,Mexico,Español,943.2,5659.2,9.9,,Tarjeta credito,Completada,G039,Alta,3,2023,cliente5689@yahoo.com
RES02921,2021-12-11,Holbox,Avistamiento Tiburon Ballena,Grupal,17,0.0,Japon,Español,1316.43,22379.31,9.3,4.1,Efectivo,Completada,G020,Alta,12,2021,cliente6153@hotmail.com
RES00312,2021-12-29,Akumal,Cenote Yalku,Privado,3,0.0,Italia,Italiano,1513.06,4539.18,3.1,4.9,Crypto,Pendiente,G039,Alta,12,2021,cliente3495@icloud.com
RES00662,2021-09-09,Akumal,Snorkel Tortugas Akumal,Grupal,19,6.0,Mexico,Frances,732.93,16124.46,9.7,4.7,Efectivo,Cancelada,G001,Baja,9,2021,cliente5111@icloud.com
RES01990,2024-03-19,Merida,Centro Historico Merida,Grupal,9,0.0,Alemania,Ingles,903.3,8129.7,3.8,3.1,Tarjeta credito,Cancelada,G034,Alta,3,2024,cliente5574@gmail.com
RES03666,2021-04-14,Cozumel,Buceo Arrecife Palancar,Privado,2,1.0,Mexico,Ingles,2037.85,5094.62,7.8,5.0,Efectivo,Cancelada,G039,Alta,4,2021,cliente8024@gmail.com
RES00307,2022-07-31,Uxmal,Uxmal + Kabah,Privado,3,0.0,Brasil,Español,1746.48,5239.44,6.8,2.9,Efectivo,Completada,G033,Alta,7,2022,cliente2180@icloud.com
RES02336,2021-03-06,Playa del Carmen,Xcaret,Grupal,13,4.0,Estados Unidos,Español,981.45,14721.75,4.0,1.9,Tarjeta credito,Completada,G019,Alta,3,2021,cliente9618@gmail.com
RES02357,2023-01-30,Tulum,Cenote Dos Ojos,Grupal,13,4.0,Estados Unidos,Ingles,806.93,12103.95,8.3,5.0,Efectivo,Completada,G023,Baja,1,2023,cliente8568@outlook.com
RES03703,2022-06-13,Tulum,Ruinas de Tulum,Privado,1,0.0,Canada,Español,1490.54,1490.54,6.9,5.0,Efectivo,Completada,G036,Media,6,2022,cliente1405@icloud.com
RES03805,2022-11-11,Playa del Carmen,Quinta Avenida + Cozumel,Grupal,11,4.0,Alemania,Italiano,808.34,10508.42,8.8,5.0,Efectivo,Completada,G006,Media,11,2022,cliente8196@yahoo.com
RES01928,2023-04-20,Akumal,Snorkel Tortugas Akumal,Grupal,15,5.0,Mexico,Aleman,941.1,16469.25,9.9,2.0,Efectivo,Completada,G033,Alta,4,2023,cliente797@yahoo.com
RES03428,2021-05-22,Cancun,Laguna Nichupte,Grupal,17,7.0,Estados Unidos,Ingles,774.3,15873.15,8.7,3.9,Tarjeta debito,Completada,G029,Media,5,2021,cliente5265@icloud.com
RES00750,2023-01-18,Playa del Carmen,Xcaret,Grupal,14,5.0,Estados Unidos,Ingles,760.55,12549.07,,4.8,Efectivo,Cancelada,G029,Baja,1,2023,cliente195@yahoo.com
RES03639,2022-10-03,Tulum,Cenote Gran Cenote,Grupal,7,0.0,Estados Unidos,Ingles,1012.15,7085.05,5.7,4.1,Transferencia,Confirmada,G004,Media,10,2022,cliente2900@icloud.com
RES05814,2022-12-10,Merida,Izamal + Merida,Privado,2,0.0,,Español,1319.41,2638.82,,4.0,Tarjeta credito,Pendiente,G015,Alta,12,2022,cliente9112@gmail.com
RES01267,2023-11-19,Chichen Itza,Chichen Itza + Cenote Ik Kil,Privado,2,0.0,Canada,Frances,,3765.86,8.1,,Transferencia,Cancelada,G040,Media,11,2023,cliente4742@gmail.com
RES04580,2023-07-09,Akumal,Snorkel Tortugas Akumal,Grupal,20,6.0,Mexico,Italiano,944.09,21714.07,3.9,4.8,Crypto,Completada,G021,Alta,7,2023,cliente6472@yahoo.com
RES05332,2023-08-17,Akumal,Snorkel Tortugas Akumal,Grupal,7,3.0,Estados Unidos,Ingles,932.14,7923.19,3.5,3.7,Tarjeta credito,Completada,G002,Alta,8,2023,cliente1582@outlook.com
RES03596,2023-07-22,Akumal,Cenote Yalku,Privado,2,1.0,Mexico,Ingles,25000.0,3466.65,9.8,4.7,Tarjeta debito,Completada,G004,Alta,7,2023,cliente9112@gmail.com
RES02135,2021-03-03,Akumal,Cenote Yalku,Privado,1,0.0,Mexico,Ingles,1357.01,1357.01,9.0,3.2,Efectivo,Completada,G010,Alta,3,2021,cliente8988@yahoo.com
RES04110,2022-04-11,Bacalar,Laguna de los 7 Colores,Grupal,-9,2.0,Mexico,Español,1127.41,11274.1,10.0,99.0,Efectivo,Completada,G024,Alta,4,2022,cliente1578@hotmail.com
RES00515,2023-09-05,Holbox,Punta Mosquito,Grupal,11,0.0,Estados Unidos,Ingles,977.62,10753.82,5.4,,Tarjeta credito,Cancelada,G031,Baja,9,2023,cliente1954@hotmail.com
RES05396,2021-11-07,Holbox,Avistamiento Tiburon Ballena,Privado,1,0.0,Estados Unidos,Ingles,1544.28,1544.28,7.5,3.0,Paypal,Completada,G028,Media,11,2021,cliente3309@icloud.com
RES00410,2021-10-18,Cozumel,Tour Isla Cozumel,Privado,2,0.0,Estados Unidos,Ingles,1542.23,3084.46,5.4,5.0,Tarjeta credito,Completada,G009,Media,10,2021,cliente1402@icloud.com
RES04757,2021-05-16,Merida,Centro Historico Merida,Grupal,6,1.0,Estados Unidos,Italiano,649.66,4222.79,7.3,4.7,Efectivo,Pendiente,G007,Media,5,2021,cliente1171@yahoo.com
RES05238,2022-07-02,Playa del Carmen,Xcaret,Privado,4,2.0,Mexico,Italiano,1617.66,8088.3,4.4,3.1,Tarjeta credito,Completada,G005,Alta,7,2022,
RES05971,2021-04-23,Cancun,Zona Hotelera Tour,Privado,4,0.0,Italia,Español,1264.64,5058.56,3.4,,Efectivo,Completada,G012,Alta,4,2021,cliente3280@outlook.com
RES05225,2022-08-22,Akumal,Snorkel Tortugas Akumal,Privado,3,1.0,Estados Unidos,Español,1504.15,5264.53,7.4,5.0,Transferencia,Completada,G008,Alta,8,2022,cliente6232@hotmail.com
RES00208,2021-04-07,Uxmal,Ruta Puuc,Grupal,9,1.0,Colombia,Español,1174.79,11160.5,8.6,4.8,,Completada,G040,Alta,4,2021,
RES00459,2021-01-11,Chichen Itza,Valladolid + Chichen Itza,Privado,2,1.0,Francia,Ingles,1612.95,4032.38,9.4,5.0,Efectivo,Completada,G005,Baja,1,2021,cliente7961@icloud.com
RES02055,2022-06-24,Uxmal,Ruta Puuc,Privado,2,1.0,Japon,Ingles,1514.27,3785.68,6.5,4.3,Tarjeta debito,Confirmada,G015,Media,6,2022,cliente6715@hotmail.com
RES02431,2022-04-14,Chichen Itza,Valladolid + Chichen Itza,Grupal,11,5.0,Reino Unido,Español,1576.13,21277.76,4.0,4.9,Tarjeta credito,Confirmada,G018,Alta,4,2022,cliente9480@gmail.com
RES00251,2024-02-03,Merida,Centro Historico Merida,Grupal,18,3.0,Estados Unidos,Italiano,595.66,11615.37,7.7,4.2,Efectivo,Completada,G019,Baja,2,2024,cliente9598@hotmail.com
RES05149,2022-11-01,Akumal,Snorkel Tortugas Akumal,Grupal,19,3.0,Suiza,Portugues,,16538.38,9.6,3.6,Tarjeta debito,Completada,G017,Media,11,2022,cliente3758@icloud.com
RES01108,2021-02-24,Merida,Haciendas del Mayab,Grupal,13,6.0,Estados Unidos,Aleman,607.85,9725.6,6.0,3.8,Tarjeta debito,Completada,G005,Baja,2,2021,cliente8099@icloud.com
RES05884,2021-04-19,Cozumel,Snorkel El Cielo,Privado,3,1.0,,Español,1824.9,6387.15,7.0,3.1,Tarjeta credito,Pendiente,G008,Alta,4,2021,cliente4252@icloud.com
RES01714,2023-11-16,Tulum,Sian Ka'an,Grupal,11,5.0,Italia,Español,1007.01,13594.64,3.8,5.0,Tarjeta credito,Pendiente,G004,Media,11,2023,us er@gmail.com
RES03912,2022-03-16,Holbox,Punta Mosquito,Privado,1,,,Frances,1980.72,1980.72,8.4,2.8,Tarjeta credito,Completada,G028,Alta,3,2022,cliente4951@hotmail.com
RES00716,2022-12-04,Tulum,Ruinas de Tulum,Privado,3,,Alemania,Italiano,1832.43,5497.29,6.6,4.0,Tarjeta debito,Confirmada,G038,Alta,12,2022,cliente8118@gmail.com
RES00553,2022-05-15,Cancun,Isla Mujeres,Grupal,11,2.0,Holanda,,814.03,9768.36,9.7,4.2,Tarjeta debito,Cancelada,G003,Media,5,2022,cliente3723@gmail.com
RES01440,2023-11-04,Holbox,Tour Isla Holbox,Grupal,5,,Mexico,Ingles,1036.2,5181.0,8.8,4.8,Efectivo,Completada,G002,Media,11,2023,cliente9084@yahoo.com
RES02271,2021-05-05,Akumal,Cenote Yalku,Privado,4,1.0,Italia,Ingles,1124.73,5061.28,9.2,3.8,Tarjeta credito,Completada,G010,Media,5,2021,cliente2260@icloud.com
RES03145,2023-01-28,Cancun,Laguna Nichupte,Grupal,12,2.0,Reino Unido,Ingles,665.9,8656.7,9.4,3.7,Efectivo,Confirmada,G034,Baja,1,2023,cliente6343@hotmail.com
RES05767,2022-02-06,Uxmal,Uxmal + Kabah,Grupal,15,7.0,Alemania,Frances,782.02,14467.37,8.6,2.1,,Completada,G003,Baja,2,2022,cliente3426@hotmail.com
RES01926,2023-08-26,Holbox,Punta Mosquito,Privado,2,1.0,Alemania,Ingles,1867.73,4669.32,8.8,3.0,Tarjeta debito,Confirmada,G025,Alta,8,2023,cliente2005@outlook.com
RES00635,2023-03-24,Tulum,Sian Ka'an,Privado,4,0.0,Mexico,,1573.68,6294.72,8.8,5.0,Efectivo,Cancelada,G025,Alta,3,2023,cliente606@yahoo.com
RES00317,2023-12-25,Holbox,Avistamiento Tiburon Ballena,Grupal,20,2.0,Estados Unidos,Portugues,1319.12,27701.52,3.7,3.8,Tarjeta credito,Completada,G013,Alta,12,2023,cliente9566@icloud.com
RES05672,2022-10-16,Chichen Itza,Chichen Itza + Cenote Ik Kil,Grupal,20,5.0,Argentina,Español,1217.96,27404.1,4.2,5.0,Transferencia,Completada,G037,Media,10,2022,cliente2149@yahoo.com
RES00428,2021-11-07,Chichen Itza,Valladolid + Chichen Itza,Privado,4,0.0,Brasil,Español,1972.08,7888.32,8.5,4.1,Paypal,Completada,G028,Media,11,2021,cliente5930@gmail.com
RES04480,2022-09-07,Cancun,Laguna Nichupte,Privado,2,0.0,Brasil,Ingles,908.09,1816.18,10.5,2.9,Efectivo,Confirmada,G011,Baja,9,2022,cliente2766@gmail.com
RES00106,2021-09-12,Chichen Itza,Chichen Itza + Cenote Ik Kil,Grupal,16,6.0,Holanda,Español,1026.72,19507.68,7.9,5.0,Tarjeta credito,Completada,G037,Baja,9,2021,
RES03042,2022-02-20,Merida,Centro Historico Merida,Privado,2,0.0,Estados Unidos,Español,844.05,1688.1,2.5,4.0,Tarjeta credito,Completada,,Baja,2,2022,cliente2985@gmail.com
RES04239,2022-08-28,Chichen Itza,Valladolid + Chichen Itza,Privado,3,1.0,Estados Unidos,Ingles,2352.75,8234.62,3.5,3.9,Tarjeta debito,Completada,G002,Alta,8,2022,cliente7017@icloud.com
RES02170,2021-10-01,Cozumel,Tour Isla Cozumel,Privado,3,0.0,Mexico,Ingles,1756.36,5269.08,6.9,1.9,Transferencia,Completada,G032,Media,10,2021,cliente8653@outlook.com
RES01710,2023-08-26,Tulum,Ruinas de Tulum,Privado,3,1.0,,Italiano,1656.21,5796.74,7.2,4.3,Efectivo,Completada,G030,Alta,8,2023,cliente6122@yahoo.com
RES00090,2021-03-21,Merida,Haciendas del Mayab,Grupal,13,3.0,Mexico,Frances,820.64,11899.28,5.7,5.0,Efectivo,Completada,G030,Alta,3,2021,cliente6097@yahoo.com
RES02242,2022-06-25,Chichen Itza,Chichen Itza + Cenote Ik Kil,Grupal,19,,Mexico,,1198.82,25774.63,5.7,4.9,Efectivo,Cancelada,G022,Media,6,2022,cliente4218@icloud.com
RES03175,2023-08-18,Uxmal,Uxmal + Kabah,Grupal,17,3.0,Brasil,Español,1202.01,22237.19,,,Tarjeta credito,Cancelada,G018,Alta,8,2023,cliente3551@icloud.com
RES04505,2023-05-04,Chichen Itza,Chichen Itza + Cenote Ik Kil,Grupal,9,4.0,Estados Unidos,Ingles,1272.23,13994.53,3.1,2.4,Tarjeta credito,Completada,G022,Media,5,2023,cliente4499@hotmail.com
RES01950,2022-07-14,Tulum,Ruinas de Tulum,Grupal,9,3.0,Estados Unidos,Español,1145.44,12027.12,10.5,2.9,Tarjeta credito,Confirmada,G005,Alta,7,2022,cliente8512@outlook.com
RES04045,2023-01-24,,Uxmal + Kabah,Grupal,20,9.0,Estados Unidos,Frances,930.97,22808.76,8.8,4.3,Efectivo,Completada,G008,Baja,1,2023,cliente4538@yahoo.com
RES02849,2022-09-27,Merida,Izamal + Merida,Grupal,20,3.0,Mexico,Español,610.42,13124.03,6.2,3.1,Tarjeta credito,Completada,G001,Baja,9,2022,cliente7910@outlook.com
RES00002,2023-11-30,Cozumel,Tour Isla Cozumel,Grupal,6,1.0,Reino Unido,Ingles,1195.08,7768.02,5.0,,Tarjeta debito,Completada,G030,Media,11,2023,cliente4595@icloud.com
RES04338,2021-01-10,Cozumel,Tour Isla Cozumel,Privado,3,1.0,Mexico,Frances,1503.33,5261.65,5.4,3.0,Efectivo,Completada,G031,Baja,1,2021,cliente1590@yahoo.com
RES00936,2022-12-29,Akumal,Cenote Yalku,Grupal,11,5.0,Mexico,Español,1014.38,13694.13,3.9,4.2,Tarjeta debito,Pendiente,G018,Alta,12,2022,cliente8595@icloud.com
RES05163,2024-02-02,Cancun,Snorkel Arrecife,Grupal,8,3.0,Suecia,Español,625.34,5940.73,6.8,4.8,Efectivo,Cancelada,G007,Baja,2,2024,cliente3075@yahoo.com
RES02721,2023-02-02,Playa del Carmen,Xcaret,Grupal,16,5.0,Francia,Ingles,752.96,13929.76,7.0,4.8,Tarjeta credito,Cancelada,G035,Baja,2,2023,cliente7692@icloud.com
RES00592,2023-12-25,Akumal,Snorkel Tortugas Akumal,Privado,2,1.0,Francia,Ingles,1467.17,3667.93,10.1,2.8,,Completada,,Alta,12,2023,usuario.dominio.com
RES04524,2021-11-29,Merida,Haciendas del Mayab,Privado,4,2.0,Brasil,Aleman,1120.39,5601.95,8.4,5.0,Tarjeta debito,Cancelada,G006,Media,11,2021,cliente5260@gmail.com
RES02937,2023-03-18,Cozumel,Snorkel El Cielo,Grupal,6,2.0,,Español,1374.7,9622.9,8.1,5.0,Tarjeta credito,Pendiente,G037,Alta,3,2023,cliente7857@outlook.com
RES02449,2022-03-20,Cancun,Snorkel Arrecife,Grupal,15,3.0,Canada,Español,906.26,14953.29,10.4,2.7,Transferencia,Cancelada,G033,Alta,3,2022,cliente237@outlook.com
RES01577,2021-09-14,Uxmal,Ruta Puuc,Privado,2,0.0,Canada,Español,1355.11,2710.22,6.2,4.2,Tarjeta credito,Confirmada,G025,Baja,9,2021,
RES05034,2023-11-13,Chichen Itza,Chichen Itza + Cenote Ik Kil,Grupal,15,3.0,Mexico,Español,1136.72,18755.88,5.2,5.0,Transferencia,Completada,G005,Media,11,2023,cliente9249@icloud.com
RES00214,2023-05-16,Bacalar,Kayak Canales,Grupal,10,,Francia,Ingles,859.81,9457.91,4.3,4.8,Tarjeta debito,Completada,G029,Media,5,2023,usuario.dominio.com
RES00779,2023-11-28,Holbox,Avistamiento Tiburon Ballena,Grupal,17,1.0,Argentina,Frances,978.14,17117.45,5.2,,Transferencia,Confirmada,G013,Media,11,2023,cliente1356@yahoo.com
RES03497,2023-02-14,Holbox,Tour Isla Holbox,Grupal,19,6.0,Mexico,Español,,20086.44,3.4,5.0,Tarjeta debito,Cancelada,G007,Baja,2,2023,cliente7824@yahoo.com
RES04734,2023-12-31,Chichen Itza,Valladolid + Chichen Itza,Privado,1,0.0,Mexico,Español,2061.96,2061.96,7.5,5.0,Tarjeta debito,Completada,G008,Alta,12,2023,sinArroba.com
RES02044,2021-06-09,,Tour Isla Cozumel,Grupal,20,0.0,Colombia,Español,1029.93,20598.6,9.6,5.0,Tarjeta debito,Pendiente,G030,Media,6,2021,cliente4070@yahoo.com
RES05473,2023-02-22,Cancun,Isla Mujeres,Privado,1,0.0,Francia,Español,953.84,953.84,6.2,5.0,Paypal,Completada,G025,Baja,2,2023,cliente9422@hotmail.com
RES01568,2021-02-17,Tulum,Cenote Dos Ojos,Grupal,9,4.0,Canada,Italiano,830.29,9133.19,10.4,5.0,Paypal,Completada,G003,Baja,2,2021,cliente4682@hotmail.com
RES00166,2021-09-02,Playa del Carmen,Quinta Avenida + Cozumel,Grupal,12,3.0,Canada,Ingles,669.96,9044.46,3.8,4.6,Tarjeta debito,Completada,G006,Baja,9,2021,cliente4401@icloud.com
RES03567,2022-11-20,Akumal,Snorkel Tortugas Akumal,Privado,3,0.0,,Ingles,1203.43,3610.29,8.0,4.6,Paypal,Completada,G007,Media,11,2022,cliente878@outlook.com
RES04619,2023-06-06,Tulum,Cenote Dos Ojos,Privado,4,2.0,Francia,Español,1479.05,7395.25,,3.7,Efectivo,Completada,G021,Media,6,2023,cliente5959@hotmail.com
RES02014,2021-11-16,Tulum,Sian Ka'an,Grupal,20,7.0,España,Ingles,908.49,150000.0,5.3,4.8,Transferencia,Confirmada,G039,Media,11,2021,cliente1095@gmail.com
RES00274,2021-02-25,Playa del Carmen,Quinta Avenida + Cozumel,Privado,4,0.0,España,Español,1010.85,4043.4,5.9,3.7,Tarjeta credito,Completada,G024,Baja,2,2021,
RES03861,2021-11-09,Cancun,Zona Hotelera Tour,grupo,8,,Mexico,,741.53,7044.53,6.7,1.2,Tarjeta credito,Completada,G017,Media,11,2021,cliente5305@outlook.com
RES04168,2024-01-26,Tulum,Ruinas de Tulum,Privado,3,1.0,Mexico,Ingles,1138.57,3984.99,2.7,5.0,Efectivo,Completada,G002,Baja,1,2024,
RES04817,2023-08-08,Akumal,Cenote Yalku,Privado,3,0.0,Italia,Español,1381.6,4144.8,6.7,3.7,Tarjeta credito,Completada,,Alta,8,2023,cliente416@gmail.com
RES03789,2023-11-26,Cozumel,Snorkel El Cielo,Privado,1,0.0,Canada,Aleman,1673.44,1673.44,8.1,,Transferencia,Completada,G020,Media,11,2023,us er@gmail.com
RES00395,2022-02-10,Bacalar,Kayak Canales,Grupal,13,4.0,,Español,822.52,12337.8,2.9,4.6,Efectivo,Pendiente,G018,Baja,2,2022,cliente5116@gmail.com
RES00584,2021-02-18,Tulum,Cenote Gran Cenote,Privado,4,2.0,Mexico,Ingles,1199.97,5999.85,6.6,4.2,Efectivo,Completada,G034,Baja,2,2021,cliente3837@outlook.com
RES05262,2023-04-14,Merida,Izamal + Merida,Grupal,4,1.0,Brasil,Ingles,920.91,4144.1,,5.0,Tarjeta debito,Completada,G040,Alta,4,2023,cliente7171@hotmail.com
RES05599,2023-11-16,Akumal,Snorkel Tortugas Akumal,Grupal,4,1.0,Argentina,Español,834.71,3756.2,7.9,3.8,Tarjeta credito,Cancelada,G015,Media,11,2023,cliente6248@yahoo.com
RES05777,2022-11-14,Merida,Izamal + Merida,Grupal,19,7.0,Estados Unidos,Italiano,702.23,15800.18,3.6,3.9,Tarjeta credito,Completada,G007,Media,11,2022,cliente7437@outlook.com
RES00521,2021-11-25,Bacalar,Fuerte de San Felipe,Privado,4,1.0,Mexico,Español,1435.57,6460.06,8.0,5.0,Tarjeta credito,Completada,G020,Media,11,2021,cliente5733@outlook.com
RES01764,2022-11-04,Cancun,Snorkel Arrecife,Privado,1,0.0,Estados Unidos,Ingles,1096.66,1096.66,7.6,5.0,,Completada,G014,Media,11,2022,usuario@
RES01876,2022-08-30,Bacalar,Fuerte de San Felipe,Privado,4,0.0,Estados Unidos,Español,1659.93,6639.72,3.5,4.1,Tarjeta debito,Completada,G013,Alta,8,2022,cliente4323@gmail.com
RES03966,2022-12-05,Uxmal,Uxmal + Kabah,Grupal,18,9.0,,Español,1297.78,29200.05,5.3,5.0,Tarjeta credito,Completada,G028,Alta,12,2022,cliente7081@hotmail.com
RES03345,2021-12-19,Uxmal,Ruta Puuc,Grupal,19,0.0,Mexico,Ingles,1276.87,24260.53,2.6,5.0,Transferencia,Cancelada,G037,Alta,12,2021,cliente1517@gmail.com
RES02254,2022-08-26,Uxmal,Uxmal + Kabah,Privado,1,0.0,Mexico,,1764.74,1764.74,9.3,3.0,Paypal,Completada,,Alta,8,2022,cliente7271@outlook.com
RES03225,2021-06-11,Chichen Itza,Valladolid + Chichen Itza,Grupal,12,5.0,Francia,Ingles,1152.16,16706.32,7.9,1.6,Crypto,Pendiente,G001,Media,6,2021,cliente1620@gmail.com
RES00527,2021-02-21,Merida,Haciendas del Mayab,Grupal,11,5.0,Mexico,Español,614.41,8294.53,4.2,5.0,Efectivo,Cancelada,G035,Baja,2,2021,cliente9835@icloud.com
RES02947,2022-04-11,Akumal,Snorkel Tortugas Akumal,Privad0,1,0.0,Canada,Ingles,1402.15,1402.15,3.1,,Tarjeta credito,Completada,G006,Alta,4,2022,cliente7881@outlook.com
RES03900,2021-08-31,Playa del Carmen,Quinta Avenida + Cozumel,Grupal,15,0.0,Estados Unidos,Español,958.85,14382.75,9.0,5.0,,Cancelada,G032,Alta,8,2021,cliente3708@gmail.com
RES00693,2022-01-17,Playa del Carmen,Xel-Ha,Grupal,9,3.0,Mexico,Ingles,794.42,8341.41,7.1,5.0,,Completada,G015,Baja,1,2022,cliente8136@outlook.com
RES05710,2022-11-22,Cancun,Isla Mujeres,Grupal,7,1.0,Australia,Español,797.59,5981.93,8.1,5.0,Efectivo,Confirmada,,Media,11,2022,cliente8842@icloud.com
RES03634,2023-02-01,Playa del Carmen,Quinta Avenida + Cozumel,Grupal,10,4.0,Mexico,Español,677.89,8134.68,4.0,1.0,,Completada,G040,Baja,2,2023,cliente6449@icloud.com
RES01051,2021-03-23,Holbox,Tour Isla Holbox,Privado,1,0.0,Mexico,Italiano,1770.94,1770.94,72.0,4.9,Paypal,Pendiente,G016,Alta,3,2021,cliente1172@icloud.com
RES00591,2023-02-09,Playa del Carmen,Quinta Avenida + Cozumel,Grupal,4,1.0,Mexico,Frances,779.98,3509.91,6.1,5.0,Efectivo,Completada,G021,Baja,2,2023,@dominio.com
RES00520,2023-02-01,Playa del Carmen,Quinta Avenida + Cozumel,Grupal,19,9.0,Mexico,Ingles,,18251.27,8.3,4.9,Transferencia,Completada,G019,Baja,2,2023,cliente3636@icloud.com
RES03381,2023-03-01,Cozumel,Tour Isla Cozumel,Privado,2,0.0,Canada,Español,1895.57,3791.14,3.4,3.4,Tarjeta debito,Completada,G028,Alta,3,2023,cliente7360@hotmail.com
RES03677,2023-11-26,Merida,Haciendas del Mayab,Privado,4,2.0,Francia,Español,1150.9,5754.5,8.0,3.7,Tarjeta debito,Confirmada,G021,Media,11,2023,cliente8972@icloud.com
RES04967,2021-03-31,Tulum,Sian Ka'an,Privado,2,1.0,Mexico,Ingles,1659.72,4149.3,3.6,2.9,Tarjeta credito,Completada,,Alta,3,2021,
RES01608,2021/10/18,Chichen Itza,Valladolid + Chichen Itza,Grupal,16,8.0,Reino Unido,Ingles,1176.77,23535.4,4.3,4.1,TARJETA CREDITO,Completada,G025,Media,10,2021,cliente1176@yahoo.com
RES03611,2023-01-24,Merida,Centro Historico Merida,Grupal,6,2.0,Polonia,Aleman,610.92,4276.44,2.7,3.6,Tarjeta credito,Completada,G021,Baja,1,2023,cliente9193@yahoo.com
RES05764,2021-03-10,Cozumel,Buceo Arrecife Palancar,Privado,1,0.0,Belgica,Español,2176.66,2176.66,7.9,3.7,Tarjeta credito,Completada,G037,Alta,3,2021,cliente5990@outlook.com
RES01810,2023-05-14,Playa del Carmen,Xel-Ha,Privado,2,0.0,Francia,Español,1193.39,2386.78,5.8,2.2,Tarjeta debito,Completada,G033,Media,5,2023,cliente7684@hotmail.com
RES00792,2022-06-25,Bacalar,Fuerte de San Felipe,Grupal,8,4.0,Francia,Español,964.34,9643.4,5.4,4.1,Tarjeta debito,Completada,G016,Media,6,2022,cliente5711@icloud.com
RES00793,2021-10-08,Akumal,Snorkel Tortugas Akumal,Privado,2,0.0,Mexico,Ingles,1261.76,2523.52,8.5,2.7,Tarjeta debito,Completada,G035,Media,10,2021,cliente9736@icloud.com
RES04957,2023-05-24,Cozumel,Tour Isla Cozumel,Privado,1,0.0,Belgica,Ingles,1527.01,1527.01,4.9,5.0,Efectivo,Completada,G036,Media,5,2023,cliente2668@gmail.com
RES01856,2021-01-04,Uxmal,Ruta Puuc,Privado,1,0.0,Argentina,Ingles,1329.67,1329.67,7.6,,Tarjeta debito,Completada,G020,Baja,1,2021,
RES01981,2021-02-28,,Ruta Puuc,Grupal,18,4.0,Francia,Ingles,928.43,18568.6,8.7,5.0,Paypal,Completada,G001,Baja,2,2021,
RES03234,2022-04-12,Uxmal,Uxmal + Kabah,Grupal,9,4.0,Mexico,,1202.35,13225.85,,3.6,Paypal,Completada,G012,Alta,4,2022,cliente288@icloud.com
RES03599,2023-02-18,Chichen Itza,Valladolid + Chichen Itza,Grupal,9,1.0,Suecia,Frances,989.89,9403.95,10.2,3.6,Transferencia,Completada,G036,Baja,2,2023,cliente3386@yahoo.com
RES00934,2021-04-11,Merida,Izamal + Merida,Grupal,5,,Estados Unidos,Español,899.16,5394.96,7.7,5.0,Tarjeta credito,Pendiente,G005,Alta,4,2021,cliente5235@icloud.com
RES03964,2021-10-05,Merida,Centro Historico Merida,Privado,1,0.0,Italia,,1093.48,1093.48,8.0,4.7,Efectivo,Completada,G014,Media,10,2021,cliente4852@icloud.com
RES05607,2021-07-02,Cozumel,Tour Isla Cozumel,Privado,4,2.0,Estados Unidos,Español,1871.75,9358.75,5.2,2.2,Tarjeta debito,Completada,,Alta,7,2021,cliente3887@icloud.com
RES04180,2021-12-17,Playa del Carmen,Xcaret,Grupal,10,5.0,Alemania,Ingles,1064.05,13300.62,4.4,4.7,Transferencia,Completada,G024,Alta,12,2021,cliente2950@icloud.com
RES04027,2022-09-26,Akumal,Snorkel Tortugas Akumal,Grupal,19,4.0,Brasil,Español,660.07,13861.47,8.8,5.0,Efectivo,Completada,G029,Baja,9,2022,cliente1263@gmail.com
RES04117,2022-12-26,Playa del Carmen,Xel-Ha,Grupal,19,5.0,Canada,Italiano,1019.35,21916.03,8.7,2.4,Efectivo,Completada,G034,Alta,12,2022,cliente9601@hotmail.com
RES00989,2022-06-05,Holbox,Punta Mosquito,Privado,1,0.0,Argentina,Español,1590.29,1590.29,2.6,4.1,Efectivo,Completada,G036,Media,6,2022,
RES05097,2023-06-05,Bacalar,Laguna de los 7 Colores,Grupal,19,2.0,España,Español,986.88,19737.6,4.8,1.0,Transferencia,Pendiente,G005,Media,6,2023,cliente1691@gmail.com
RES03454,2023-06-09,Cozumel,Snorkel El Cielo,Grupal,18,9.0,Reino Unido,Aleman,1198.55,26967.38,3.8,3.6,Efectivo,Completada,G021,Media,6,2023,cliente6899@hotmail.com
RES05729,2021-12-29,Playa del Carmen,Quinta Avenida + Cozumel,Privado,2,0.0,Mexico,Español,1510.83,3021.66,8.3,4.6,Tarjeta credito,Confirmada,G025,Alta,12,2021,cliente5793@hotmail.com
RES03779,2022-10-28,Uxmal,Uxmal + Kabah,Grupal,20,6.0,Estados Unidos,Español,926.52,21309.96,10.0,,Efectivo,Confirmada,G020,Media,10,2022,cliente3840@icloud.com
RES05059,2021-04-20,Chichen Itza,Chichen Itza + Cenote Ik Kil,Grupal,16,1.0,Canada,Español,1351.14,-22293.81,3.3,5.0,,Cancelada,G039,Alta,4,2021,cliente1053@hotmail.com
RES03094,2023-12-30,Playa del Carmen,Xel-Ha,Privado,2,0.0,Francia,Español,1675.56,-3351.12,5.5,4.8,Transferencia,Confirmada,,Alta,12,2023,cliente2856@outlook.com
RES03156,2021-12-06,Cancun,Laguna Nichupte,Grupal,5,1.0,Estados Unidos,Español,832.12,4576.66,10.5,3.7,Tarjeta credito,Completada,G028,Alta,12,2021,cliente6050@outlook.com
RES03202,2022-01-14,Bacalar,Fuerte de San Felipe,Grupal,19,0.0,Mexico,Español,806.39,15321.41,,5.0,Efectivo,Completada,G018,Baja,1,2022,cliente3542@hotmail.com
RES04868,2022-02-16,Merida,Haciendas del Mayab,Grupal,16,2.0,Mexico,Español,563.55,9580.35,3.9,4.8,Efectivo,Completada,G008,Baja,2,2022,cliente1516@yahoo.com
RES01099,2021-09-18,Uxmal,Ruta Puuc,Grupal,14,7.0,Mexico,Frances,,14078.75,4.5,4.0,Tarjeta credito,Confirmada,,Baja,9,2021,cliente3533@icloud.com
RES05009,2021-09-13,Bacalar,Laguna de los 7 Colores,Grupal,10,4.0,Mexico,Aleman,,9985.8,8.5,,Tarjeta debito,Completada,G011,Baja,9,2021,cliente5285@icloud.com
RES02845,2023-06-03,Cancun,Isla Mujeres,Privado,1,0.0,Francia,Ingles,1144.04,1144.04,6.9,5.0,Paypal,Completada,G015,Media,6,2023,cliente3105@outlook.com
RES00887,2023-09-15,Cozumel,Tour Isla Cozumel,Privado,1,0.0,Estados Unidos,Ingles,1441.76,1441.76,7.9,4.9,Tarjeta debito,Completada,G022,Baja,9,2023,cliente8116@icloud.com
RES05959,2023-10-18,Akumal,Cenote Yalku,Grupal,16,2.0,Japon,Italiano,788.71,13408.07,9.2,4.1,Efectivo,Confirmada,G019,Media,10,2023,
RES04680,2023-02-11,Merida,Centro Historico Merida,Grupal,14,4.0,Estados Unidos,Español,,10103.04,7.9,5.0,Tarjeta credito,Completada,G011,Baja,2,2023,cliente4292@hotmail.com
RES00516,2022-06-06,Uxmal,Ruta Puuc,Privado,1,0.0,Francia,Español,1468.42,1468.42,4.8,5.0,Tarjeta credito,Completada,G037,Media,6,2022,cliente8450@hotmail.com
RES05570,2023-01-30,Uxmal,Uxmal + Kabah,Grupal,17,5.0,,Español,907.51,17696.44,8.0,1.0,Tarjeta credito,Confirmada,G029,Baja,1,2023,cliente9811@yahoo.com
RES01454,2023-10-23,Merida,Centro Historico Merida,Grupal,13,1.0,Australia,Italiano,706.09,9532.22,5.2,4.2,Tarjeta debito,Confirmada,G039,Media,10,2023,cliente2075@hotmail.com
RES03554,2023-08-05,Playa del Carmen,Quinta Avenida + Cozumel,Grupal,17,3.0,Estados Unidos,Ingles,1039.56,19231.86,3.0,4.1,Tarjeta debito,Confirmada,G028,Alta,8,2023,cliente2102@outlook.com
RES03610,2021-06-20,Cancun,Snorkel Arrecife,Grupal,15,0.0,Reino Unido,Ingles,771.93,11578.95,9.8,3.9,Tarjeta debito,Confirmada,G026,Media,6,2021,
RES02507,2023-11-16,Chichen Itza,Chichen Itza + Cenote Ik Kil,Privado,4,0.0,Mexico,Ingles,1934.2,7736.8,3.0,4.8,Tarjeta credito,Pendiente,G006,Media,11,2023,cliente2412@yahoo.com
RES02995,2021-07-11,Merida,Centro Historico Merida,Privado,2,1.0,Mexico,Ingles,1384.17,3460.43,9.8,4.4,,Cancelada,G036,Alta,7,2021,cliente8468@outlook.com
RES04000,2022-08-09,,Isla Mujeres,Grupal,10,2.0,,Español,966.64,10633.04,,5.0,Efectivo,Completada,G023,Alta,8,2022,cliente4780@outlook.com
RES05724,2021-10-14,Holbox,Tour Isla Holbox,Grupal,8,1.0,Estados Unidos,Español,1058.21,8994.78,4.8,4.1,Efectivo,Completada,G027,Media,10,2021,cliente4672@icloud.com
RES00907,2021-03-22,Cozumel,Tour Isla Cozumel,Grupal,7,2.0,Estados Unidos,Español,1409.56,11276.48,4.5,4.9,Tarjeta debito,Completada,G019,Alta,3,2021,
RES00029,2023-09-19,Chichen Itza,Valladolid + Chichen Itza,Grupal,19,4.0,Reino Unido,Ingles,1007.29,21153.09,7.4,1.3,Paypal,Completada,G028,Baja,9,2023,cliente4404@hotmail.com
RES02508,2024-02-21,Cozumel,Tour Isla Cozumel,Grupal,17,1.0,Estados Unidos,Frances,986.11,17256.92,5.7,4.9,Efectivo,Completada,G008,Baja,2,2024,cliente3842@icloud.com
RES02429,2022-09-02,Bacalar,Fuerte de San Felipe,Privado,4,1.0,Estados Unidos,Español,1211.3,5450.85,9.4,2.9,Paypal,Completada,G036,Baja,9,2022,@dominio.com
RES00763,2024-02-18,Tulum,Ruinas de Tulum,Privado,2,0.0,Estados Unidos,Español,1148.34,2296.68,3.3,4.7,Tarjeta credito,Confirmada,G034,Baja,2,2024,
RES03748,2024-02-20,Cancun,Zona Hotelera Tour,Grupal,8,2.0,,Ingles,656.92,5912.28,3.2,4.9,Efectivo,Confirmada,G016,Baja,2,2024,cliente5472@hotmail.com
RES00285,2022-10-07,Merida,Haciendas del Mayab,Grupal,8,1.0,Australia,Español,668.93,5685.9,6.7,4.6,Tarjeta credito,Pendiente,G029,Media,10,2022,cliente2341@hotmail.com
RES00687,2022-03-25,Merida,Haciendas del Mayab,Privado,1,0.0,Reino Unido,Español,1300.53,1300.53,9.9,3.3,Tarjeta credito,Completada,G024,Alta,3,2022,cliente5564@gmail.com
RES02354,2024-02-02,Playa del Carmen,Quinta Avenida + Cozumel,Privado,4,0.0,Estados Unidos,Ingles,45000.0,4569.44,6.1,4.7,Efectivo,Pendiente,G031,Baja,2,2024,cliente5997@hotmail.com
RES04854,2023-01-10,Chichen Itza,Chichen Itza + Cenote Ik Kil,Grupal,10,4.0,,Ingles,953.23,11438.76,8.5,5.0,Tarjeta credito,Completada,G040,Baja,1,2023,cliente3230@yahoo.com
RES00022,2022-12-13,Cozumel,Tour Isla Cozumel,Grupal,13,3.0,Canada,Portugues,1429.89,20733.41,3.2,3.9,Transferencia,Completada,G033,Alta,12,2022,cliente2672@hotmail.com
RES02753,2023-03-18,Merida,Izamal + Merida,Grupal,6,2.0,Mexico,Aleman,885.61,6199.27,10.2,4.6,Transferencia,Completada,G019,Alta,3,2023,cliente6430@hotmail.com
RES00886,2023-11-30,Holbox,Avistamiento Tiburon Ballena,Grupal,20,6.0,Brasil,Español,1046.33,24065.59,8.9,4.3,Tarjeta credito,Completada,G023,Media,11,2023,cliente3630@hotmail.com
RES00918,2022-03-10,Chichen Itza,Chichen Itza + Cenote Ik Kil,Grupal,4,0.0,Estados Unidos,Español,1335.4,5341.6,8.3,5.0,Efectivo,Completada,G026,Alta,3,2022,cliente9896@hotmail.com
RES01041,2023-09-20,Bacalar,Laguna de los 7 Colores,Privado,1,0.0,,Ingles,1210.55,1210.55,5.5,4.6,Tarjeta credito,Completada,G011,Baja,9,2023,cliente2358@gmail.com
RES01266,2021-12-06,Tulum,Cenote Gran Cenote,Privado,3,1.0,,Ingles,,5883.05,5.9,5.0,Efectivo,Completada,G023,Alta,12,2021,sinArroba.com
RES05219,2022-10-05,Merida,Izamal + Merida,Grupal,20,5.0,Estados Unidos,Español,712.6,16033.5,10.0,,Efectivo,Confirmada,,Media,10,2022,cliente5955@outlook.com
RES00278,2021-07-13,Chichen Itza,Valladolid + Chichen Itza,Privado,2,,Argentina,,2278.93,4557.86,10.0,4.3,Efectivo,Completada,,Alta,7,2021,cliente5754@icloud.com
RES02085,2022-10-07,Tulum,Cenote Gran Cenote,Grupal,15,7.0,Mexico,Español,1019.51,18860.94,6.2,1.4,Tarjeta credito,Completada,G018,Media,10,2022,cliente6221@hotmail.com
RES01246,2023-07-27,Holbox,Avistamiento Tiburon Ballena,Grupal,11,5.0,Canada,Español,1261.34,17028.09,8.7,,Paypal,Pendiente,G034,Alta,7,2023,cliente8504@yahoo.com
RES02383,2022-03-02,Cozumel,Snorkel El Cielo,Privado,2,0.0,Mexico,Español,2073.51,4147.02,9.4,2.8,Tarjeta debito,Completada,G001,Alta,3,2022,us er@gmail.com
RES00572,2024-02-03,Holbox,Tour Isla Holbox,Grupal,17,6.0,Italia,Ingles,885.83,17716.6,7.2,4.7,Tarjeta debito,Pendiente,G006,Baja,2,2024,cliente3342@yahoo.com
RES01436,2022-06-30,Tulum,Sian Ka'an,Grupal,16,0.0,Reino Unido,Español,992.35,15877.6,3.7,1.0,Tarjeta credito,Completada,G037,Media,6,2022,cliente3327@hotmail.com
RES03903,2022-06-04,Bacalar,Fuerte de San Felipe,Grupal,5,,Mexico,Aleman,972.14,5832.84,2.6,4.3,Tarjeta debito,Completada,G003,Media,6,2022,cliente990@hotmail.com
RES01248,2024-01-30,Cozumel,Tour Isla Cozumel,Grupal,20,5.0,Mexico,Ingles,955.46,21497.85,7.9,1.0,Tarjeta credito,Cancelada,G015,Baja,1,2024,cliente8764@gmail.com
RES03527,2021-04-15,Playa del Carmen,Xel-Ha,Grupal,6,3.0,Canada,Español,1108.68,8315.1,5.9,3.9,Paypal,Completada,G017,Alta,4,2021,cliente8096@yahoo.com
RES02515,2024-01-27,Chichen Itza,Chichen Itza + Cenote Ik Kil,Grupal,-13,2.0,Alemania,Español,1023.79,14333.06,,4.0,Crypto,Completada,G034,Baja,1,2024,cliente406@gmail.com
RES01008,2023-08-17,Tulum,Cenote Gran Cenote,Grupal,12,6.0,Italia,Español,1161.86,17427.9,6.1,4.3,Transferencia,Completada,G015,Alta,8,2023,cliente523@outlook.com
RES05224,2022-05-03,Chichen Itza,Valladolid + Chichen Itza,Grupal,18,1.0,Reino Unido,Ingles,1177.81,21789.49,4.7,5.0,Tarjeta debito,Completada,G008,Media,5,2022,cliente1077@icloud.com
RES02065,2022-05-11,Merida,Haciendas del Mayab,Grupal,-4,2.0,Alemania,Italiano,,3258.6,9.7,4.1,Tarjeta debito,Cancelada,G035,Media,5,2022,cliente611@outlook.com
RES04765,2022-10-04,Chichen Itza,Valladolid + Chichen Itza,Privado,1,0.0,Mexico,Ingles,1730.62,1730.62,10.2,4.2,Efectivo,Completada,G004,Media,10,2022,@dominio.com
RES01691,2024-02-08,Playa del Carmen,Xcaret,Grupal,20,7.0,Mexico,Italiano,678.02,15933.47,,4.1,Transferencia,Confirmada,G028,Baja,2,2024,cliente2600@yahoo.com
RES05205,2023-08-10,Holbox,Tour Isla Holbox,Grupal,18,5.0,Estados Unidos,Español,1383.04,28352.32,5.6,4.9,Crypto,Completada,G035,Alta,8,2023,cliente3166@yahoo.com
RES01986,2022-11-29,Holbox,Punta Mosquito,Grupal,-17,6.0,Mexico,Ingles,1071.55,21431.0,6.4,5.0,Efectivo,Completada,G014,Media,11,2022,
RES00295,2021-09-11,Uxmal,Ruta Puuc,Grupal,17,3.0,Mexico,Español,828.77,15332.24,6.4,4.2,Paypal,Completada,G012,Baja,9,2021,cliente2082@icloud.com
RES01548,2023-11-24,Akumal,Snorkel Tortugas Akumal,Grupal,13,0.0,Estados Unidos,Español,843.79,10969.27,6.4,3.7,Tarjeta credito,Confirmada,G028,Media,11,2023,cliente7199@gmail.com
RES02013,2022-04-16,Holbox,Avistamiento Tiburon Ballena,Grupal,19,0.0,Alemania,Español,1367.27,25978.13,9.5,4.6,,Completada,G039,Alta,4,2022,cliente7411@yahoo.com
RES00589,2022-05-23,Bacalar,Laguna de los 7 Colores,Privado,3,0.0,Estados Unidos,Ingles,1412.06,4236.18,6.7,4.8,Tarjeta credito,Completada,G016,Media,5,2022,cliente7290@hotmail.com
RES03330,2023-03-28,Akumal,Cenote Yalku,Grupal,12,3.0,Estados Unidos,Español,1027.85,13875.97,2.5,,Efectivo,Confirmada,G034,Alta,3,2023,cliente1925@yahoo.com
RES02404,2021-07-19,Tulum,Ruinas de Tulum,Grupal,20,0.0,Canada,Ingles,1052.74,21054.8,8.5,5.0,Tarjeta credito,Cancelada,G021,Alta,7,2021,cliente1641@icloud.com
RES02130,2021-06-08,Holbox,Avistamiento Tiburon Ballena,Privado,1,0.0,Estados Unidos,Español,1560.71,1560.71,5.1,,Tarjeta debito,Completada,G017,Media,6,2021,
RES03999,2021-07-21,Merida,Izamal + Merida,Grupal,8,0.0,Mexico,Ingles,778.42,-6227.36,3.9,4.2,Efectivo,Completada,G018,Alta,7,2021,cliente2743@gmail.com
RES05282,2023-05-09,Holbox,Punta Mosquito,Privado,1,0.0,Mexico,,1610.68,1610.68,5.4,2.7,Efectivo,Completada,G023,Media,5,2023,cliente8114@gmail.com
RES03742,2022-03-20,Chichen Itza,Valladolid + Chichen Itza,Privado,4,2.0,Canada,Ingles,2013.01,10065.05,7.8,3.7,Paypal,Completada,G015,Alta,3,2022,cliente1540@hotmail.com
RES03509,2022-03-03,Cozumel,Snorkel El Cielo,Grupal,13,2.0,Mexico,Español,1289.88,18058.32,,4.7,Efectivo,Completada,G014,Alta,3,2022,cliente3784@outlook.com
RES02720,2022-11-25,Uxmal,Uxmal + Kabah,Grupal,6,,Alemania,,1034.75,7243.25,8.8,4.0,Transferencia,Pendiente,G010,Media,11,2022,cliente9309@hotmail.com
RES04522,2022-01-24,Bacalar,Kayak Canales,Grupal,8,3.0,Mexico,Español,785.26,7459.97,10.3,3.9,Efectivo,Completada,G033,Baja,1,2022,cliente5913@gmail.com
RES05496,2022-03-23,Cozumel,Snorkel El Cielo,Grupal,18,9.0,Estados Unidos,Español,1315.48,29598.3,3.7,3.8,efectivo,Completada,G033,Alta,3,2022,us er@gmail.com
RES05502,2022-04-06,Uxmal,Ruta Puuc,Grupal,18,1.0,Mexico,Español,1168.5,21617.25,6.4,5.0,Efectivo,Completada,G007,Alta,4,2022,cliente2867@outlook.com
RES00557,2021-09-23,Bacalar,Kayak Canales,Grupal,8,1.0,Italia,Español,734.96,6247.16,,5.0,Tarjeta debito,Completada,G012,Baja,9,2021,cliente7037@hotmail.com
RES02470,2023-04-01,Cozumel,Snorkel El Cielo,Grupal,11,0.0,Mexico,Español,1335.32,14688.52,5.9,5.0,Tarjeta debito,Completada,G005,Alta,4,2023,
RES03739,2021-10-17,Holbox,Avistamiento Tiburon Ballena,Grupal,19,7.0,Reino Unido,Español,984.91,22160.47,5.8,3.8,Tarjeta debito,Completada,G008,Media,10,2021,cliente2919@gmail.com
RES04287,2023-12-05,Akumal,Cenote Yalku,Grupal,4,0.0,Mexico,Ingles,901.71,3606.84,6.2,4.1,Transferencia,Confirmada,G004,Alta,12,2023,cliente4844@icloud.com
RES04962,2024-01-03,Bacalar,Kayak Canales,Privado,3,1.0,Mexico,Italiano,1142.59,3999.06,8.3,4.7,Tarjeta debito,Completada,,Baja,1,2024,cliente3319@yahoo.com
RES01717,2023-02-05,Uxmal,Ruta Puuc,Grupal,8,2.0,Reino Unido,Español,809.42,7284.78,7.5,1.0,Paypal,Confirmada,G038,Baja,2,2023,usuario.dominio.com
RES02605,2021-06-04,Cancun,Isla Mujeres,Privado,3,1.0,Mexico,Español,1199.33,4197.65,4.8,4.8,Paypal,Confirmada,G020,Media,6,2021,cliente9517@hotmail.com
RES05337,2022-08-12,Holbox,Tour Isla Holbox,Grupal,17,0.0,,Ingles,1190.82,20243.94,8.6,,Efectivo,Completada,G001,Alta,8,2022,cliente366@hotmail.com
RES01705,2022-04-04,Merida,Centro Historico Merida,Privado,4,0.0,Estados Unidos,Español,1183.56,4734.24,8.0,5.0,Transferencia,Completada,G019,Alta,4,2022,cliente3059@outlook.com
RES02140,2024-03-01,Playa del Carmen,Quinta Avenida + Cozumel,Grupal,16,6.0,Japon,,986.26,18738.94,3.1,3.2,Tarjeta debito,Completada,G015,Alta,3,2024,cliente1504@icloud.com
RES03240,2021-06-23,Tulum,Cenote Dos Ojos,Grupal,17,7.0,Holanda,Ingles,923.34,18928.47,10.1,4.4,Tarjeta credito,Confirmada,G019,Media,6,2021,@dominio.com
RES02384,2021-10-25,Bacalar,Fuerte de San Felipe,Grupal,19,5.0,,Español,920.6,19792.9,5.1,1.3,Paypal,Completada,G007,Media,10,2021,cliente9423@yahoo.com
RES04312,2023-05-12,Akumal,Snorkel Tortugas Akumal,Privado,1,0.0,Francia,Frances,1176.74,1176.74,,3.1,Tarjeta debito,Cancelada,G020,Media,5,2023,cliente5187@icloud.com
RES01286,2021-11-18,Merida,Izamal + Merida,Privado,2,1.0,Alemania,Ingles,1120.85,2802.12,10.4,4.1,Paypal,Completada,G015,Media,11,2021,
RES05905,2022-05-24,Holbox,Tour Isla Holbox,Grupal,6,2.0,Brasil,Español,1087.87,7615.09,9.1,4.2,Transferencia,Completada,G008,Media,5,2022,cliente339@hotmail.com
RES05392,2024-01-12,Tulum,Sian Ka'an,Privado,1,0.0,Mexico,Frances,1228.72,1228.72,5.2,4.9,Paypal,Completada,G038,Baja,1,2024,cliente3318@gmail.com
RES03931,2023-11-22,Merida,Centro Historico Merida,Grupal,9,,Estados Unidos,Español,692.88,6582.36,6.8,4.6,Tarjeta credito,Completada,G017,Media,11,2023,cliente4524@gmail.com
RES04565,2023-05-08,Merida,Haciendas del Mayab,Grupal,17,5.0,Alemania,Español,,12779.72,8.6,,Efectivo,Completada,G032,Media,5,2023,cliente9660@outlook.com
RES01592,2023-03-24,Akumal,Cenote Yalku,Grupal,-5,1.0,Estados Unidos,Italiano,889.68,4893.24,7.7,3.3,,Completada,G023,Alta,3,2023,cliente5576@yahoo.com
RES05344,2023-05-22,Uxmal,Ruta Puuc,Grupal,11,1.0,Japon,Aleman,920.37,10584.25,8.7,3.9,Tarjeta debito,Completada,G039,Media,5,2023,cliente3009@hotmail.com
RES02163,2022-12-09,Holbox,Punta Mosquito,Grupal,6,1.0,Canada,Italiano,1262.51,8206.32,5.9,,Tarjeta debito,Completada,G027,Alta,12,2022,
RES02397,2023-10-21,Cancun,Zona Hotelera Tour,Grupal,4,2.0,,Ingles,764.51,3822.55,9.4,5.0,Tarjeta debito,Cancelada,G032,Media,10,2023,cliente6225@gmail.com
RES00318,2023-11-03,Playa del Carmen,Xel-Ha,Privado,3,1.0,Mexico,Ingles,1355.44,4744.04,4.3,2.9,,Completada,G034,Media,11,2023,cliente7012@icloud.com
RES05418,2022-02-19,Holbox,Tour Isla Holbox,Privado,3,1.0,Mexico,Ingles,1404.65,4916.28,6.2,1.7,Transferencia,Completada,G035,Baja,2,2022,cliente7578@gmail.com
RES03112,2021-08-21,Bacalar,Laguna de los 7 Colores,Grupal,18,5.0,Japon,Español,,21832.7,6.4,5.0,Tarjeta credito,Confirmada,G019,Alta,8,2021,cliente2542@yahoo.com
RES04037,2021-09-05,Bacalar,Laguna de los 7 Colores,Privado,4,0.0,Mexico,Español,1125.7,4502.8,9.0,5.0,Efectivo,Pendiente,G018,Baja,9,2021,cliente2254@outlook.com
RES00796,2023-10-27,Merida,Centro Historico Merida,Privado,2,0.0,Colombia,Español,1098.65,2197.3,10.5,2.4,Crypto,Completada,G002,Media,10,2023,cliente1864@yahoo.com
RES03021,2022-10-01,Chichen Itza,Valladolid + Chichen Itza,Grupal,11,2.0,Mexico,Ingles,1318.9,15826.8,6.4,3.8,Efectivo,Completada,G016,Media,10,2022,cliente4496@hotmail.com
RES01712,2024-01-13,Tulum,Cenote Gran Cenote,Grupal,11,3.0,Mexico,Ingles,747.43,9342.88,5.2,,Tarjeta credito,Completada,G038,Baja,1,2024,cliente7746@gmail.com
RES03388,2023-10-14,Bacalar,Fuerte de San Felipe,Grupal,17,4.0,Alemania,Portugues,859.81,16336.39,10.1,2.8,Tarjeta debito,Pendiente,G003,Media,10,2023,cliente6861@gmail.com
RES00037,2023-01-21,Tulum,Cenote Dos Ojos,Grupal,5,1.0,Mexico,Ingles,875.62,4815.91,6.7,5.0,Tarjeta credito,Completada,G030,Baja,1,2023,cliente6341@gmail.com
RES04550,2021-03-15,Merida,Haciendas del Mayab,Privado,2,0.0,Mexico,Aleman,1303.13,2606.26,4.0,5.0,Tarjeta credito,Completada,,Alta,3,2021,cliente8293@yahoo.com
RES00914,2022-06-08,Cozumel,Buceo Arrecife Palancar,Grupal,11,3.0,Estados Unidos,Italiano,,14819.75,7.2,4.7,Efectivo,Pendiente,G032,Media,6,2022,cliente8194@yahoo.com
RES03973,2021-01-30,Cozumel,Buceo Arrecife Palancar,Privado,3,0.0,Mexico,Ingles,1461.65,4384.95,6.2,,Tarjeta credito,Completada,G019,Baja,1,2021,cliente1268@gmail.com
RES04134,2024-02-12,Uxmal,Uxmal + Kabah,Privado,4,1.0,Mexico,Español,1185.04,5332.68,4.2,5.0,Tarjeta credito,Completada,G025,Baja,2,2024,cliente2777@gmail.com
RES00975,2021-04-02,Akumal,Snorkel Tortugas Akumal,Grupal,6,0.0,,Frances,1029.01,6174.06,3.6,4.8,Efectivo,Completada,G005,Alta,4,2021,cliente6746@icloud.com
RES00984,2022-03-14,Akumal,Cenote Yalku,Grupal,4,0.0,Mexico,Ingles,940.74,3762.96,5.2,2.1,,Completada,G031,Alta,3,2022,cliente4147@gmail.com
RES04922,2022-02-01,Playa del Carmen,Quinta Avenida + Cozumel,Grupal,18,1.0,Estados Unidos,Español,731.63,13535.16,8.2,4.8,Transferencia,Completada,G016,Baja,2,2022,cliente3407@hotmail.com
RES01419,2024-01-08,Cancun,Snorkel Arrecife,Grupal,10,1.0,Mexico,Aleman,604.98,6352.29,10.4,4.7,Efectivo,Completada,G016,Baja,1,2024,cliente1006@yahoo.com
RES01561,2021-12-14,Cancun,Zona Hotelera Tour,Privado,4,2.0,Estados Unidos,Español,1347.5,6737.5,3.7,4.9,Efectivo,Confirmada,G013,Alta,12,2021,cliente8323@hotmail.com
RES04136,2022-09-29,Cancun,Laguna Nichupte,Grupal,5,1.0,Mexico,Español,598.57,3292.14,,4.2,Tarjeta debito,Completada,G030,Baja,9,2022,
RES04266,2024-01-25,Cancun,Laguna Nichupte,Grupal,17,3.0,Francia,Portugues,696.32,12881.92,8.4,5.0,Tarjeta debito,Cancelada,G007,Baja,1,2024,cliente9263@hotmail.com
RES01356,2022/04/27,Cancun,Zona Hotelera Tour,Grupal,5,0.0,Brasil,Aleman,855.58,4277.9,6.0,4.8,Efectivo,Pendiente,G028,Alta,4,2022,cliente2615@icloud.com
RES05727,2023-10-25,Playa del Carmen,Xel-Ha,Privado,3,0.0,Francia,Español,1264.69,3794.07,10.3,3.1,Tarjeta debito,Completada,G018,Media,10,2023,cliente7205@gmail.com
RES00988,2022-02-27,Akumal,Snorkel Tortugas Akumal,Grupal,7,1.0,Japon,,645.26,4839.45,7.0,,Tarjeta credito,Completada,G035,Baja,2,2022,cliente4276@gmail.com
RES02683,2022-05-30,Chichen Itza,Chichen Itza + Cenote Ik Kil,Grupal,12,,Estados Unidos,Italiano,1290.74,18070.36,6.8,1.9,Tarjeta debito,Completada,G037,Media,5,2022,cliente469@hotmail.com
RES01641,2022-04-06,Chichen Itza,Chichen Itza + Cenote Ik Kil,Grupal,10,1.0,Mexico,Español,1381.81,14509.0,6.0,5.0,Crypto,Completada,G027,Alta,4,2022,cliente4209@gmail.com
RES01291,2021-11-20,Akumal,Snorkel Tortugas Akumal,Privado,4,0.0,,Español,1196.54,4786.16,9.9,3.7,Transferencia,Confirmada,G011,Media,11,2021,cliente8934@yahoo.com
RES03682,2021-09-10,Holbox,Punta Mosquito,Privado,1,0.0,Francia,Español,1275.63,1275.63,9.9,5.0,Efectivo,Completada,G015,Baja,9,2021,cliente5848@hotmail.com
RES01381,2021-07-03,Uxmal,Uxmal + Kabah,Grupal,15,7.0,Brasil,Ingles,1125.36,150000.0,5.0,3.8,Tarjeta credito,Completada,,Alta,7,2021,cliente4832@hotmail.com
RES01934,2024-01-28,Cozumel,Buceo Arrecife Palancar,Grupal,17,5.0,Francia,Aleman,972.61,18965.9,8.5,3.9,Tarjeta debito,Completada,G027,Baja,1,2024,cliente5233@outlook.com
RES05075,2023-03-17,Holbox,Avistamiento Tiburon Ballena,Privado,3,0.0,Mexico,Portugues,1892.49,5677.47,8.0,6.5,Tarjeta debito,Completada,G013,Alta,3,2023,cliente3392@gmail.com
RES03161,2022-08-25,Playa del Carmen,Xel-Ha,Privado,3,1.0,Mexico,Español,1476.12,5166.42,6.1,3.9,Crypto,Completada,G009,Alta,8,2022,cliente6891@hotmail.com
RES02031,2024-03-27,Merida,Izamal + Merida,Grupal,5,0.0,Colombia,,904.03,4520.15,4.0,5.0,Tarjeta debito,Completada,G036,Alta,3,2024,cliente8417@gmail.com
RES00893,2023-05-22,Bacalar,Laguna de los 7 Colores,Grupal,15,4.0,,Frances,968.2,16459.4,5.2,4.1,Tarjeta credito,Completada,G026,Media,5,2023,
RES04070,2023-01-06,Cancun,Snorkel Arrecife,Grupal,17,2.0,Reino Unido,Ingles,668.14,12026.52,10.4,4.9,Paypal,Pendiente,G005,Baja,1,2023,cliente4187@icloud.com
RES04256,2022-05-20,Cozumel,Buceo Arrecife Palancar,Privado,1,0.0,Belgica,Español,1698.66,1698.66,10.0,5.0,Tarjeta credito,Completada,G017,Media,5,2022,cliente8504@outlook.com
RES00003,2023-03-11,Chichen Itza,Chichen Itza + Cenote Ik Kil,Grupal,14,5.0,Estados Unidos,Frances,1432.21,23631.47,6.4,3.8,Tarjeta debito,Completada,,Alta,3,2023,cliente6617@hotmail.com
RES02110,2022-05-15,Bacalar,Kayak Canales,Grupal,6,3.0,Estados Unidos,Español,855.24,6414.3,,1.0,Tarjeta debito,Completada,G033,Media,5,2022,cliente1083@yahoo.com
RES00850,2022-02-17,Cancun,Zona Hotelera Tour,Privado,3,1.0,Canada,Ingles,1008.05,3528.17,6.1,5.0,,Completada,G019,Baja,2,2022,cliente1217@hotmail.com
RES02738,2021-07-22,Cozumel,Tour Isla Cozumel,Privado,2,1.0,Mexico,Ingles,2068.68,5171.7,8.8,5.0,Efectivo,Completada,G034,Alta,7,2021,
RES02467,2022-02-27,Merida,Izamal + Merida,Grupal,18,4.0,Suiza,,630.05,12601.0,8.4,4.3,Tarjeta debito,Completada,G013,Baja,2,2022,cliente7066@yahoo.com
RES01915,2023-10-03,Tulum,Ruinas de Tulum,Grupal,11,4.0,Mexico,,976.54,12695.02,7.5,4.9,Efectivo,Completada,G028,Media,10,2023,cliente1215@hotmail.com
RES01597,2023-06-12,Holbox,Punta Mosquito,Grupal,6,3.0,Italia,Español,1100.92,8256.9,9.5,4.2,Transferencia,Pendiente,G013,Media,6,2023,cliente4814@hotmail.com
RES01914,2021-04-15,Bacalar,Laguna de los 7 Colores,Grupal,6,3.0,Italia,Ingles,1184.76,8885.7,6.2,,Efectivo,Completada,G009,Alta,4,2021,cliente2831@outlook.com
RES05688,2022-03-20,Akumal,Cenote Yalku,Grupal,14,0.0,Francia,Español,935.26,13093.64,7.2,5.0,Tarjeta credito,Completada,G025,Alta,3,2022,cliente113@hotmail.com
RES02737,2023-06-09,Akumal,Snorkel Tortugas Akumal,Grupal,8,0.0,Estados Unidos,,844.76,6758.08,6.4,4.9,Efectivo,Completada,G023,Media,6,2023,cliente3802@yahoo.com
RES00727,2021-09-06,Chichen Itza,Chichen Itza + Cenote Ik Kil,Grupal,13,5.0,,Ingles,1079.0,16724.5,3.1,5.0,Transferencia,Cancelada,G022,Baja,9,2021,
RES00054,2021-04-29,Tulum,Ruinas de Tulum,Grupal,4,1.0,Mexico,Español,1171.86,5273.37,8.8,5.0,,Completada,G039,Alta,4,2021,cliente4714@outlook.com
RES01797,2022-07-04,Chichen Itza,Chichen Itza + Cenote Ik Kil,GRUPAL,6,0.0,Mexico,Español,1402.47,8414.82,3.7,1.0,Tarjeta debito,Completada,G023,Alta,7,2022,cliente1020@icloud.com
RES03846,2022-04-27,Playa del Carmen,Quinta Avenida + Cozumel,Grupal,9,,Mexico,Español,955.74,9079.53,9.5,5.0,Efectivo,Completada,G008,Alta,4,2022,usuario@
RES02554,2024-03-12,Merida,Izamal + Merida,Grupal,9,4.0,Estados Unidos,Ingles,772.88,8501.68,3.4,2.9,Efectivo,Completada,G018,Alta,3,2024,cliente1952@yahoo.com
RES02801,2021-04-27,Merida,Haciendas del Mayab,Grupal,8,3.0,Canada,Español,846.38,8040.61,6.8,4.1,Tarjeta credito,Completada,G025,Alta,4,2021,cliente7696@icloud.com
RES00937,2021-01-31,Chichen Itza,Valladolid + Chichen Itza,Grupal,12,6.0,Estados Unidos,Frances,953.81,14307.15,9.8,3.8,Tarjeta credito,Completada,G018,Baja,1,2021,cliente949@icloud.com
RES04971,2023-07-25,Holbox,Punta Mosquito,Grupal,15,3.0,Mexico,Italiano,1333.83,22008.19,9.3,5.0,Tarjeta debito,Completada,G009,Alta,7,2023,cliente3047@icloud.com
RES00825,2021-08-13,Merida,Haciendas del Mayab,Grupal,8,1.0,Colombia,Ingles,902.3,7669.55,5.8,4.9,Tarjeta credito,Completada,G011,Alta,8,2021,cliente3751@hotmail.com
RES04322,2021-05-27,Bacalar,Kayak Canales,Privado,4,1.0,Mexico,Español,1259.63,5668.34,9.0,4.8,Tarjeta credito,Completada,G013,Media,5,2021,cliente5004@yahoo.com
RES03402,2022-11-19,Merida,Haciendas del Mayab,Privado,4,,Estados Unidos,Español,1097.36,4938.12,8.4,3.6,Tarjeta credito,Completada,G008,Media,11,2022,cliente6324@icloud.com
RES01390,2023-12-26,Tulum,Ruinas de Tulum,Grupal,5,0.0,Argentina,Ingles,1181.8,5909.0,10.1,5.0,Crypto,Completada,G006,Alta,12,2023,cliente4309@outlook.com
RES03565,2024-02-10,Holbox,Tour Isla Holbox,Privado,4,1.0,Argentina,Ingles,1440.86,6483.87,,,Tarjeta credito,Cancelada,G028,Baja,2,2024,cliente239@icloud.com
RES00885,2022-10-19,Merida,Centro Historico Merida,Privado,1,0.0,Estados Unidos,Aleman,1108.45,1108.45,8.6,1.7,Tarjeta debito,Completada,G009,Media,10,2022,cliente7622@yahoo.com
RES01869,2024-01-26,Cancun,Snorkel Arrecife,Grupal,20,,Colombia,Español,682.63,16041.81,,4.1,Tarjeta debito,Completada,G033,Baja,1,2024,cliente3698@yahoo.com
RES00011,2022-03-15,Holbox,Punta Mosquito,Grupal,18,8.0,Brasil,Ingles,1257.08,27655.76,3.0,5.0,Transferencia,Completada,G011,Alta,3,2022,cliente8533@hotmail.com
RES03416,2024-01-17,Tulum,Cenote Dos Ojos,Privado,1,0.0,Mexico,Frances,1123.68,1123.68,,4.3,Tarjeta credito,Cancelada,G016,Baja,1,2024,cliente3935@yahoo.com
RES01464,2022-04-21,Chichen Itza,Chichen Itza + Cenote Ik Kil,Privado,3,1.0,Estados Unidos,Ingles,2292.18,8022.63,3.4,3.1,Efectivo,Completada,G021,Alta,4,2022,cliente436@hotmail.com
RES00807,2022-01-25,Cancun,Isla Mujeres,Grupal,20,10.0,,Portugues,608.76,15219.0,5.5,5.0,Tarjeta credito,Completada,G009,Baja,1,2022,cliente3533@outlook.com
RES04744,2022-05-29,Merida,Izamal + Merida,Grupal,9,2.0,Estados Unidos,Italiano,758.53,7585.3,4.6,4.7,Transferencia,Completada,G029,Media,5,2022,cliente4205@gmail.com
RES04069,2021-06-12,Bacalar,Laguna de los 7 Colores,Grupal,8,1.0,Brasil,,958.87,8150.4,3.5,4.8,Tarjeta credito,Confirmada,G034,Media,6,2021,cliente713@icloud.com
RES02109,2022-07-20,Bacalar,Fuerte de San Felipe,Privado,2,1.0,Mexico,Español,1660.66,4151.65,5.0,1.0,Tarjeta debito,Completada,G001,Alta,7,2022,cliente2355@icloud.com
RES05092,2023-02-19,Cancun,Laguna Nichupte,Privado,4,2.0,Mexico,Ingles,960.14,4800.7,4.0,5.0,Efectivo,Completada,G007,Baja,2,2023,cliente2021@gmail.com
RES05987,2021-01-16,Merida,Centro Historico Merida,Grupal,9,0.0,Estados Unidos,,614.32,5528.88,8.5,,Efectivo,Pendiente,G003,Baja,1,2021,cliente5522@icloud.com
RES02235,2021-10-14,Merida,Haciendas del Mayab,Grupal,18,4.0,Japon,Italiano,759.57,15191.4,5.8,4.9,Efectivo,Pendiente,G038,Media,10,2021,cliente5755@hotmail.com
RES00964,2022-09-22,Holbox,Punta Mosquito,Grupal,14,3.0,Estados Unidos,Español,831.27,12884.68,4.3,5.0,Tarjeta credito,Cancelada,G033,Baja,9,2022,cliente5083@hotmail.com
RES04495,2021-04-06,Bacalar,Laguna de los 7 Colores,Grupal,8,4.0,Estados Unidos,Italiano,1125.05,11250.5,7.8,4.3,Tarjeta debito,Completada,G040,Alta,4,2021,cliente3665@gmail.com
RES02633,2022-11-26,Cozumel,Tour Isla Cozumel,Grupal,14,,Estados Unidos,Español,1081.82,15686.39,6.4,4.8,Tarjeta credito,Completada,G003,Media,11,2022,cliente5708@icloud.com
RES00705,2021-11-23,Merida,Centro Historico Merida,Privado,4,2.0,Canada,Español,1003.39,5016.95,7.7,3.9,Efectivo,Completada,G008,Media,11,2021,cliente6283@hotmail.com
RES00432,2021-04-06,Bacalar,Laguna de los 7 Colores,Grupal,4,0.0,Mexico,Frances,1174.14,4696.56,6.7,4.9,T. Credito,Cancelada,G013,Alta,4,2021,cliente9100@hotmail.com
RES04389,2021-11-19,Tulum,Ruinas de Tulum,Privado,3,0.0,España,Ingles,1469.09,4407.27,4.5,5.0,Tarjeta credito,Pendiente,G028,Media,11,2021,cliente4871@gmail.com
RES00146,2022-06-23,Tulum,Cenote Gran Cenote,Grupal,8,2.0,Brasil,Ingles,937.86,8440.74,4.1,5.0,Transferencia,Completada,G017,Media,6,2022,cliente531@outlook.com
RES02034,2022-08-02,Merida,Centro Historico Merida,Privado,4,0.0,Reino Unido,Español,1193.94,4775.76,3.3,4.3,Tarjeta credito,Cancelada,G010,Alta,8,2022,cliente1353@gmail.com
RES05060,2022-07-08,Playa del Carmen,Xcaret,Grupal,4,0.0,Estados Unidos,Español,956.18,3824.72,3.5,,Tarjeta credito,Pendiente,G016,Alta,7,2022,cliente7564@yahoo.com
RES01166,2023-03-08,Playa del Carmen,Quinta Avenida + Cozumel,Grupal,5,0.0,Mexico,Italiano,989.93,4949.65,2.5,4.8,Tarjeta debito,Completada,G031,Alta,3,2023,cliente2321@gmail.com
RES03501,2021-09-25,Bacalar,Laguna de los 7 Colores,Privado,2,,Mexico,Español,1112.01,2780.03,4.8,2.3,,Completada,G040,Baja,9,2021,cliente9874@gmail.com
RES02051,2023-09-22,Holbox,Avistamiento Tiburon Ballena,Grupal,11,2.0,Estados Unidos,Ingles,940.62,11287.44,3.9,4.8,,Pendiente,G028,Baja,9,2023,cliente8661@icloud.com
RES03761,2022-03-13,Bacalar,Fuerte de San Felipe,Grupal,13,4.0,Colombia,Ingles,1074.47,16117.05,8.0,3.7,Tarjeta credito,Completada,G006,Alta,3,2022,cliente8207@hotmail.com
RES02625,2024-01-11,Playa del Carmen,Quinta Avenida + Cozumel,Grupal,14,0.0,Mexico,Español,763.37,-10687.18,,3.1,,Completada,G021,Baja,1,2024,cliente5510@outlook.com
RES04485,2021-12-14,Akumal,Cenote Yalku,Grupal,8,3.0,Estados Unidos,Portugues,990.46,9409.37,6.1,3.2,Tarjeta credito,Cancelada,G021,Alta,12,2021,cliente8958@gmail.com
RES04436,2023-10-08,Uxmal,Ruta Puuc,Grupal,10,,Canada,Ingles,924.12,11089.44,9.5,3.8,Tarjeta credito,Completada,G004,Media,10,2023,cliente8127@yahoo.com
RES04807,2021-11-26,Merida,Centro Historico Merida,Grupal,5,2.0,Estados Unidos,Ingles,668.34,4010.04,8.9,2.0,Tarjeta credito,Confirmada,G032,Media,11,2021,cliente4286@gmail.com
RES04677,2022-01-16,Tulum,Cenote Dos Ojos,Grupal,5,2.0,Belgica,Ingles,878.56,5271.36,8.6,3.6,Tarjeta debito,Completada,G027,Baja,1,2022,cliente8162@icloud.com
RES04362,2021-06-07,Holbox,Avistamiento Tiburon Ballena,Privado,2,1.0,Alemania,Español,1687.6,4219.0,8.5,3.6,Efectivo,Completada,G033,Media,6,2021,cliente7085@outlook.com
RES02425,2023-01-09,Tulum,Cenote Gran Cenote,Privado,4,1.0,Reino Unido,Español,1172.93,5278.19,9.3,4.2,Tarjeta credito,Completada,G029,Baja,1,2023,cliente9226@outlook.com
RES01263,2022-08-28,Bacalar,Laguna de los 7 Colores,Grupal,18,4.0,Canada,Frances,1182.42,23648.4,5.1,4.9,,Completada,G018,Alta,8,2022,cliente4380@yahoo.com
RES01772,2021-08-29,Holbox,Tour Isla Holbox,Privado,2,0.0,Mexico,Ingles,1861.38,3722.76,9.2,2.6,Efectivo,Completada,G002,Alta,8,2021,cliente7610@icloud.com
RES03512,2023-08-18,Bacalar,Fuerte de San Felipe,Grupal,14,2.0,Mexico,Español,1037.49,15562.35,7.1,1.8,Tarjeta debito,Completada,G040,Alta,8,2023,cliente3068@hotmail.com
RES00272,2023-08-22,Playa del Carmen,Xcaret,Grupal,7,0.0,Reino Unido,Español,,7007.98,6.3,3.9,Tarjeta credito,Completada,G035,Alta,8,2023,cliente4240@icloud.com
RES00245,2021-05-17,Bacalar,Fuerte de San Felipe,Grupal,6,2.0,Francia,Aleman,950.75,6655.25,6.3,2.8,Efectivo,Confirmada,G038,Media,5,2021,cliente6292@gmail.com
RES05859,2022-10-18,Uxmal,Uxmal + Kabah,Grupal,18,9.0,Mexico,Ingles,1070.77,24092.33,8.9,4.4,Tarjeta credito,Completada,G040,Media,10,2022,cliente5819@icloud.com
RES04573,2024-01-01,Akumal,Cenote Yalku,Privado,3,0.0,Alemania,Italiano,1086.96,3260.88,2.5,4.3,Transferencia,Cancelada,G006,Baja,1,2024,cliente376@icloud.com
RES02033,2021-11-30,Chichen Itza,Valladolid + Chichen Itza,Privado,4,2.0,Mexico,Español,1764.55,8822.75,,,Efectivo,Completada,G012,Media,11,2021,cliente7618@outlook.com
RES04769,2024-02-25,Playa del Carmen,Quinta Avenida + Cozumel,Grupal,8,1.0,Francia,Frances,740.71,6296.03,5.2,2.2,,Confirmada,G036,Baja,2,2024,
RES00814,2023-01-08,Holbox,Punta Mosquito,Privado,1,0.0,,Español,1348.07,1348.07,9.5,4.3,Efectivo,Cancelada,G025,Baja,1,2023,cliente8828@hotmail.com
RES03811,2022-01-27,Cozumel,Tour Isla Cozumel,Grupal,13,4.0,Mexico,Español,939.44,14091.6,8.5,,Tarjeta credito,Confirmada,G035,Baja,1,2022,
RES04898,2021-12-31,Playa del Carmen,Quinta Avenida + Cozumel,Grupal,7,3.0,Mexico,Español,1038.97,8831.25,9.4,2.9,Tarjeta credito,Confirmada,G034,Alta,12,2021,cliente6415@gmail.com
RES01805,2021-04-14,Uxmal,Ruta Puuc,Grupal,13,6.0,Mexico,Español,1317.96,21087.36,8.1,3.0,Efectivo,Completada,,Alta,4,2021,cliente3262@icloud.com
RES04347,2022-08-12,Playa del Carmen,Quinta Avenida + Cozumel,Privado,3,0.0,,Español,1497.23,4491.69,7.6,4.2,Transferencia,Completada,G032,Alta,8,2022,cliente2322@gmail.com
RES02462,2022-03-16,Holbox,Punta Mosquito,Grupal,10,1.0,Mexico,Español,1353.93,14216.27,6.3,4.6,Tarjeta credito,Completada,G015,Alta,3,2022,cliente7688@yahoo.com
RES00546,2021-04-22,Akumal,Snorkel Tortugas Akumal,Grupal,12,3.0,Mexico,Español,999.88,13498.38,8.9,5.0,Efectivo,Completada,G026,Alta,4,2021,cliente6489@yahoo.com
RES03242,2022-04-26,Tulum,Cenote Gran Cenote,Grupal,12,6.0,Estados Unidos,Ingles,1243.98,18659.7,3.0,5.0,Tarjeta credito,Cancelada,G014,Alta,4,2022,cliente6137@icloud.com
RES00739,2021-04-06,Cozumel,Tour Isla Cozumel,Grupal,10,2.0,,Español,1401.23,15413.53,6.0,4.2,Tarjeta credito,Completada,G014,Alta,4,2021,sinArroba.com
RES00311,2022-01-05,Cozumel,Buceo Arrecife Palancar,Privado,2,0.0,Mexico,Español,1339.29,2678.58,6.6,4.9,Crypto,Completada,G021,Baja,1,2022,usuario@
RES03522,2022-02-16,Cancun,Isla Mujeres,Privado,2,0.0,Belgica,Español,1011.87,2023.74,6.0,5.0,T. Credito,Completada,G017,Baja,2,2022,cliente6024@icloud.com
RES01132,2023-03-06,Cozumel,Snorkel El Cielo,Grupal,9,2.0,Brasil,,1287.67,12876.7,8.8,5.0,Paypal,Completada,G004,Alta,3,2023,cliente5617@outlook.com
RES05947,2022-06-30,Merida,Haciendas del Mayab,Privado,1,0.0,Canada,Español,985.66,985.66,3.4,4.7,Efectivo,Completada,G032,Media,6,2022,cliente8870@icloud.com
RES04112,2023-09-29,Uxmal,Ruta Puuc,Privado,1,0.0,Argentina,Portugues,1262.72,1262.72,10.3,4.9,Efectivo,Completada,G034,Baja,9,2023,
RES02770,2023-04-08,Tulum,Cenote Dos Ojos,Privado,2,0.0,Colombia,Portugues,1765.16,3530.32,10.0,5.0,Efectivo,Completada,G031,Alta,4,2023,cliente6902@gmail.com
RES00921,2023-02-08,Merida,Izamal + Merida,Grupal,7,2.0,Mexico,Español,603.86,4830.88,6.1,5.0,Paypal,Completada,G009,Baja,2,2023,cliente848@hotmail.com
RES03588,2022-04-23,Tulum,Cenote Dos Ojos,Grupal,18,0.0,Mexico,Español,1241.25,22342.5,8.6,3.6,Transferencia,Cancelada,G014,Alta,4,2022,
RES03960,2021-10-14,Chichen Itza,Chichen Itza + Cenote Ik Kil,Privado,2,1.0,,Italiano,1675.67,4189.18,6.2,3.3,Transferencia,Completada,G027,Media,10,2021,cliente2910@hotmail.com
RES00039,08/05/2023,Cancun,Zona Hotelera Tour,Grupal,13,2.0,Estados Unidos,Ingles,702.28,9831.92,5.6,5.0,Tarjeta credito,Completada,G014,Media,5,2023,cliente6750@icloud.com
RES04460,2023-02-28,Playa del Carmen,Xel-Ha,Privado,1,0.0,Estados Unidos,Ingles,1130.98,1130.98,3.6,3.7,Tarjeta credito,Completada,G011,Baja,2,2023,cliente4704@hotmail.com
RES04279,2022-02-20,Akumal,Snorkel Tortugas Akumal,Grupal,6,1.0,Estados Unidos,Frances,746.1,4849.65,5.6,5.0,Efectivo,Completada,G017,Baja,2,2022,
RES02984,2021-11-02,Chichen Itza,Chichen Itza + Cenote Ik Kil,Grupal,19,4.0,Mexico,Ingles,,23932.02,7.9,3.7,Transferencia,Completada,G016,Media,11,2021,cliente6758@icloud.com
RES00459,2021-01-11,Chichen Itza,Valladolid + Chichen Itza,Privado,2,1.0,Francia,Ingles,1612.95,4032.38,9.4,5.0,Efectivo,Completada,G005,Baja,1,2021,cliente1277@gmail.com
RES02668,2024-03-17,Cozumel,Buceo Arrecife Palancar,Privado,3,1.0,Mexico,Español,2174.95,7612.32,7.1,5.0,Crypto,Completada,G015,Alta,3,2024,
RES03224,2021-11-26,Tulum,Cenote Dos Ojos,Grupal,11,4.0,Argentina,Ingles,1002.16,13028.08,3.0,5.0,Tarjeta credito,Completada,G005,Media,11,2021,cliente5398@gmail.com
RES01183,2022-04-06,Bacalar,Fuerte de San Felipe,Privado,1,,Brasil,Español,1514.72,1514.72,3.7,5.0,Efectivo,Completada,G027,Alta,4,2022,cliente4059@yahoo.com
RES00615,2023-10-27,Cancun,Zona Hotelera Tour,Privado,2,1.0,Italia,Español,1204.68,3011.7,10.1,4.8,Efectivo,Completada,G026,Media,10,2023,cliente1174@yahoo.com
RES05929,2022-10-14,Uxmal,Ruta Puuc,Grupal,16,4.0,Mexico,Ingles,1079.52,19431.36,8.9,5.0,Efectivo,Completada,,Media,10,2022,@dominio.com
RES01467,2023-12-27,Akumal,Cenote Yalku,Privado,4,,Estados Unidos,Español,1437.16,5748.64,8.8,4.7,Paypal,Cancelada,G035,Alta,12,2023,cliente6607@outlook.com
RES04498,2024-02-26,Cancun,Laguna Nichupte,Grupal,7,2.0,Estados Unidos,Español,666.41,5331.28,8.3,3.3,Tarjeta debito,Completada,G023,Baja,2,2024,cliente2155@hotmail.com
RES03043,2023-01-24,Merida,Centro Historico Merida,Grupal,17,4.0,Mexico,Italiano,561.6,10670.4,8.4,3.8,Efectivo,Cancelada,G036,Baja,1,2023,
RES00935,2021-10-30,Akumal,Snorkel Tortugas Akumal,Grupal,19,2.0,Estados Unidos,Español,745.0,14900.0,8.9,3.7,Transferencia,Cancelada,G013,Media,10,2021,cliente5639@hotmail.com
RES02420,2023-09-24,Playa del Carmen,Quinta Avenida + Cozumel,Privado,4,1.0,Estados Unidos,,1101.59,4957.15,8.7,1.4,Efectivo,Confirmada,G016,Baja,9,2023,cliente9261@outlook.com
RES05446,2021-02-13,Uxmal,Uxmal + Kabah,Privado,1,0.0,Francia,Italiano,1212.21,1212.21,9.5,3.1,Efectivo,Completada,G008,Baja,2,2021,cliente1828@icloud.com
RES04886,2023-11-10,Uxmal,Ruta Puuc,Grupal,10,1.0,Mexico,Español,933.03,9796.82,10.5,4.1,Tarjeta debito,Completada,G025,Media,11,2023,cliente654@hotmail.com
RES00827,2021-05-20,Bacalar,Kayak Canales,Grupal,19,8.0,Estados Unidos,Frances,962.64,22140.72,4.7,2.2,Efectivo,Completada,G008,Media,5,2021,cliente958@outlook.com
RES01522,2022-05-22,Merida,Centro Historico Merida,Grupal,9,0.0,,Frances,725.85,6532.65,9.6,4.0,Tarjeta credito,Completada,G019,Media,5,2022,cliente3991@hotmail.com
RES02931,2022-05-18,Cozumel,Tour Isla Cozumel,Grupal,13,1.0,Estados Unidos,Ingles,1050.23,14178.1,10.1,,Efectivo,Cancelada,G028,Media,5,2022,cliente3895@yahoo.com
RES04233,2023-12-20,Cancun,Isla Mujeres,Grupal,8,0.0,Alemania,Español,927.98,7423.84,3.3,4.2,Tarjeta debito,Completada,G022,Alta,12,2023,cliente2121@gmail.com
RES00629,2022-01-25,Cozumel,Tour Isla Cozumel,Grupal,19,4.0,Japon,Español,978.38,20545.98,9.3,,,Completada,G038,Baja,1,2022,cliente3644@yahoo.com
RES04431,2023-05-09,Bacalar,Kayak Canales,Privado,3,1.0,Canada,Español,1403.97,4913.9,6.5,3.9,Tarjeta debito,Pendiente,G003,Media,5,2023,cliente664@hotmail.com
RES03854,2023-06-21,Merida,Centro Historico Merida,Grupal,16,3.0,Mexico,Ingles,704.22,12323.85,6.9,4.7,,Completada,,Media,6,2023,cliente1094@hotmail.com
RES00391,2023-01-28,Holbox,Tour Isla Holbox,Grupal,20,10.0,Suecia,Portugues,958.76,-23969.0,3.3,4.2,Crypto,Completada,G014,Baja,1,2023,cliente7580@icloud.com
RES04346,2023-10-13,Chichen Itza,Valladolid + Chichen Itza,Grupal,8,3.0,Reino Unido,Español,,10938.01,7.4,3.6,Tarjeta credito,Confirmada,G022,Media,10,2023,
RES05890,2024-02-29,Uxmal,Ruta Puuc,Grupal,5,2.0,Estados Unidos,Portugues,99999.0,5236.68,9.9,5.0,Efectivo,Completada,G035,Baja,2,2024,cliente8746@yahoo.com
RES03991,2021-08-27,Tulum,Cenote Dos Ojos,Privado,2,0.0,Canada,Español,1652.45,3304.9,5.8,4.6,Tarjeta credito,Completada,G037,Alta,8,2021,cliente208@outlook.com
RES00401,2022-12-21,Cancun,Laguna Nichupte,Grupal,17,7.0,Mexico,Ingles,989.51,20284.95,5.8,4.8,Tarjeta credito,Cancelada,G032,Alta,12,2022,cliente4398@yahoo.com
RES03360,2024-01-17,Chichen Itza,Valladolid + Chichen Itza,Grupal,7,2.0,Estados Unidos,Español,1029.83,8238.64,6.9,,Efectivo,Completada,G008,Baja,1,2024,cliente9494@gmail.com
RES00047,2023-01-26,Cancun,Isla Mujeres,Grupal,19,3.0,Francia,Español,664.66,13625.53,7.6,3.7,Transferencia,Completada,G024,Baja,1,2023,cliente8362@outlook.com
RES05791,2023-02-12,Playa del Carmen,Xel-Ha,Grupal,8,1.0,España,,745.66,6338.11,2.5,5.0,Paypal,Confirmada,G011,Baja,2,2023,cliente5715@gmail.com
RES05950,2024-01-08,Cozumel,Tour Isla Cozumel,Grupal,8,1.0,Mexico,Ingles,907.7,7715.45,8.0,3.6,Paypal,Completada,G031,Baja,1,2024,cliente4635@icloud.com
RES03643,2022-01-11,Cancun,Laguna Nichupte,Privado,4,1.0,España,Ingles,958.96,4315.32,10.0,5.0,Efectivo,Completada,G001,Baja,1,2022,cliente9203@hotmail.com
RES03727,2023-09-14,Merida,Centro Historico Merida,Grupal,4,2.0,Italia,Portugues,651.95,-3259.75,5.1,,Efectivo,Confirmada,G021,Baja,9,2023,cliente8267@gmail.com
RES05863,2021-06-10,Holbox,Punta Mosquito,Privado,3,0.0,Mexico,Español,1580.17,4740.51,6.2,3.8,Tarjeta debito,Completada,G023,Media,6,2021,usuario.dominio.com
RES02422,2022-11-01,Holbox,Tour Isla Holbox,Privado,2,0.0,Mexico,Español,1485.23,2970.46,8.0,3.8,Tarjeta debito,Cancelada,G032,Media,11,2022,cliente7110@icloud.com
RES01751,2021-12-25,Cancun,Snorkel Arrecife,Grupal,15,3.0,Mexico,Italiano,846.09,13960.49,10.1,4.4,Tarjeta credito,Completada,,Alta,12,2021,cliente5826@hotmail.com
RES05837,2021-08-08,Tulum,Cenote Gran Cenote,Grupal,19,9.0,Mexico,Ingles,1184.98,27847.03,10.1,5.0,Transferencia,Confirmada,G013,Alta,8,2021,cliente6834@outlook.com
RES04937,2022-03-15,Tulum,Cenote Dos Ojos,Grupal,13,,Mexico,Español,1159.02,17964.81,9.7,2.7,Efectivo,Completada,,Alta,3,2022,cliente3187@yahoo.com
RES04063,2024-02-15,Cozumel,Snorkel El Cielo,Privado,3,1.0,Estados Unidos,Español,1489.49,5213.22,5.8,3.9,Tarjeta debito,Completada,G012,Baja,2,2024,cliente9927@gmail.com
RES00339,2022-03-05,Uxmal,Ruta Puuc,Privado,3,1.0,Reino Unido,Español,1882.28,6587.98,8.1,2.0,Tarjeta credito,Completada,G003,Alta,3,2022,cliente2289@yahoo.com
RES00216,2022-07-29,Tulum,Sian Ka'an,Privado,3,1.0,Estados Unidos,Frances,1733.69,6067.91,5.4,5.0,,Completada,G031,Alta,7,2022,cliente4016@gmail.com
RES03664,2022-08-21,Holbox,Avistamiento Tiburon Ballena,Grupal,16,0.0,Canada,Ingles,1193.64,19098.24,,5.0,Tarjeta credito,Confirmada,G039,Alta,8,2022,cliente836@yahoo.com
RES01342,2023-08-05,Bacalar,Fuerte de San Felipe,Privado,3,1.0,Mexico,Aleman,1519.84,5319.44,2.9,1.7,Efectivo,Completada,G009,Alta,8,2023,cliente8623@yahoo.com
RES05519,2023-03-19,Akumal,Snorkel Tortugas Akumal,Privado,2,1.0,Reino Unido,Frances,1578.79,3946.97,2.7,,Tarjeta debito,Completada,G030,Alta,3,2023,cliente6118@yahoo.com
RES03895,2022-11-04,Holbox,Avistamiento Tiburon Ballena,Grupal,12,4.0,Argentina,Español,995.19,13932.66,7.7,1.0,Transferencia,Completada,G039,Media,11,2022,cliente7881@yahoo.com
RES03641,2022-03-08,Tulum,Sian Ka'an,Grupal,17,5.0,Mexico,Español,1187.48,23155.86,9.1,3.7,Tarjeta credito,Completada,G014,Alta,3,2022,cliente768@hotmail.com
RES00330,2023-05-01,Holbox,Avistamiento Tiburon Ballena,Grupal,17,7.0,Japon,Frances,1128.66,23137.53,7.3,,Transferencia,Completada,G035,Media,5,2023,cliente7771@hotmail.com
RES03005,2023-03-23,Holbox,Tour Isla Holbox,Privado,2,0.0,Mexico,Español,1844.57,3689.14,9.2,1.3,Efectivo,Cancelada,G021,Alta,3,2023,cliente6803@hotmail.com
RES05768,2023-07-16,Tulum,Ruinas de Tulum,Grupal,9,4.0,Alemania,Español,1193.29,13126.19,10.1,4.9,Paypal,Confirmada,G001,Alta,7,2023,cliente4382@outlook.com
RES03116,2021-11-16,Merida,Izamal + Merida,Privado,3,1.0,Mexico,Español,1127.52,3946.32,3.6,3.3,Efectivo,Completada,G009,Media,11,2021,cliente9313@icloud.com
RES05840,2023-10-23,Akumal,Snorkel Tortugas Akumal,Grupal,20,4.0,Estados Unidos,,749.65,16492.3,4.1,2.1,Transferencia,Completada,G012,Media,10,2023,cliente6695@hotmail.com
RES02323,2021-08-17,Holbox,Avistamiento Tiburon Ballena,Grupal,7,1.0,Mexico,Español,1372.87,10296.52,3.3,,Efectivo,Completada,G018,Alta,8,2021,cliente7884@yahoo.com
RES04198,2023-05-02,Tulum,Cenote Dos Ojos,Privado,4,1.0,Estados Unidos,Italiano,1507.44,6783.48,7.2,,Efectivo,Completada,G039,Media,5,2023,cliente7755@hotmail.com
RES03550,2023-08-04,Chichen Itza,Valladolid + Chichen Itza,Grupal,5,2.0,Mexico,Ingles,1457.08,8742.48,6.8,5.0,Tarjeta debito,Completada,G037,Alta,8,2023,cliente7639@hotmail.com
RES01459,2023-09-01,Merida,Centro Historico Merida,Privado,4,0.0,Mexico,Español,826.18,3304.72,9.4,2.8,Efectivo,Pendiente,G032,Baja,9,2023,us er@gmail.com
RES00172,2021-08-29,Merida,Haciendas del Mayab,Grupal,12,4.0,Mexico,Ingles,876.48,12270.72,4.9,4.8,Paypal,Completada,G002,Alta,8,2021,cliente8165@outlook.com
RES04204,2022-02-24,Playa del Carmen,Xel-Ha,Privado,3,0.0,Mexico,Ingles,1038.43,3115.29,7.9,5.0,Tarjeta debito,Completada,,Baja,2,2022,cliente8839@hotmail.com
RES05050,2021-01-11,Akumal,Snorkel Tortugas Akumal,Grupal,18,2.0,Francia,Italiano,720.02,13680.38,2.8,4.0,Transferencia,Cancelada,G036,Baja,1,2021,cliente7787@yahoo.com
RES03570,2022-11-04,Uxmal,Uxmal + Kabah,Grupal,12,3.0,Francia,Ingles,1088.61,14696.23,7.8,5.0,Paypal,Confirmada,G004,Media,11,2022,cliente1425@gmail.com
RES04227,2021-01-05,Playa del Carmen,Xel-Ha,Grupal,15,3.0,Estados Unidos,Español,750.31,12380.11,7.5,5.0,Efectivo,Completada,G002,Baja,1,2021,cliente7713@gmail.com
RES04918,2023-10-04,Playa del Carmen,Xel-Ha,Privado,2,0.0,Italia,Ingles,1335.81,2671.62,9.7,4.8,Crypto,Cancelada,G036,Media,10,2023,cliente5684@yahoo.com
RES04966,2022-03-22,Akumal,Snorkel Tortugas Akumal,Grupal,17,0.0,Mexico,Español,885.02,15045.34,5.0,2.8,Efectivo,Completada,G026,Alta,3,2022,cliente7393@outlook.com
RES00939,2022-10-07,Bacalar,Fuerte de San Felipe,Grupal,13,5.0,Estados Unidos,Italiano,834.96,12941.88,6.6,5.0,Tarjeta credito,Pendiente,G012,Media,10,2022,cliente2246@hotmail.com
RES00061,2022-09-08,Tulum,Cenote Gran Cenote,Grupal,20,4.0,Estados Unidos,Italiano,846.41,18621.02,9.1,5.0,Efectivo,Completada,G006,Baja,9,2022,cliente6567@yahoo.com
RES01241,2023-01-13,Playa del Carmen,Xel-Ha,Privado,4,0.0,Belgica,Ingles,1117.96,4471.84,8.4,3.6,Efectivo,Cancelada,G034,Baja,1,2023,cliente7883@yahoo.com
RES05039,2022-01-27,Tulum,Sian Ka'an,Grupal,20,6.0,Canada,Español,765.88,17615.24,6.8,4.0,Transferencia,Completada,G039,Baja,1,2022,
RES02121,2023-11-14,Cozumel,Snorkel El Cielo,Privado,4,2.0,Mexico,Ingles,1548.53,7742.65,7.7,3.1,Tarjeta debito,Completada,G008,Media,11,2023,usuario@
RES01525,2023-09-04,Cancun,Laguna Nichupte,Privado,2,1.0,Canada,Ingles,1016.9,2542.25,8.3,4.2,Efectivo,Completada,G018,Baja,9,2023,cliente6120@gmail.com
RES00154,2023-05-02,Merida,Haciendas del Mayab,Privado,4,2.0,Reino Unido,Frances,1136.0,5680.0,7.7,5.0,Transferencia,Completada,G018,Media,5,2023,cliente5155@hotmail.com
RES00482,2022-10-17,Cancun,Isla Mujeres,Privado,1,0.0,Francia,Español,1209.17,1209.17,4.2,3.6,Transferencia,Completada,G008,Media,10,2022,cliente390@icloud.com
RES04461,2023-02-11,Cancun,Zona Hotelera Tour,Grupal,15,2.0,Canada,Ingles,617.44,9879.04,9.9,3.0,Tarjeta debito,Pendiente,G030,Baja,2,2023,@dominio.com
RES03921,2022-08-20,Playa del Carmen,Quinta Avenida + Cozumel,Privado,2,1.0,Brasil,Español,1634.45,4086.12,10.0,5.0,Paypal,Completada,G036,Alta,8,2022,cliente119@hotmail.com
RES01763,2023-01-17,Tulum,Sian Ka'an,Grupal,4,1.0,Francia,Aleman,801.55,3606.97,9.4,2.7,Tarjeta credito,Completada,G013,Baja,1,2023,cliente6844@gmail.com
RES00751,2024-02-29,Uxmal,Ruta Puuc,Privado,1,0.0,Mexico,Aleman,1173.92,1173.92,10.0,4.8,Tarjeta credito,Cancelada,G039,Baja,2,2024,cliente6948@gmail.com
RES01786,2022-10-21,Bacalar,Kayak Canales,Grupal,5,1.0,Mexico,Español,860.81,4734.45,3.8,4.7,Tarjeta credito,Confirmada,G009,Media,10,2022,cliente4919@icloud.com
RES04502,2022-02-15,Chichen Itza,Chichen Itza + Cenote Ik Kil,Privado,4,2.0,Francia,Ingles,1512.6,7563.0,10.3,5.0,Efectivo,Cancelada,G012,Baja,2,2022,cliente7447@hotmail.com
RES02712,2022-03-24,Cancun,Laguna Nichupte,Grupal,8,0.0,Mexico,Ingles,988.36,7906.88,7.3,,Efectivo,Pendiente,G039,Alta,3,2022,cliente2310@gmail.com
RES04875,2022-09-25,Holbox,Tour Isla Holbox,Privado,1,0.0,Polonia,Español,1283.74,1283.74,4.3,5.0,Tarjeta credito,Cancelada,G014,Baja,9,2022,cliente1795@hotmail.com
RES04194,2022-05-15,Bacalar,Kayak Canales,Grupal,15,0.0,Mexico,Español,979.46,14691.9,9.9,5.0,Paypal,Completada,G034,Media,5,2022,cliente7463@hotmail.com
RES01334,2021-08-16,Tulum,Ruinas de Tulum,Grupal,19,8.0,Argentina,Español,30000.0,24231.19,6.4,5.0,Crypto,Completada,G016,Alta,8,2021,cliente2916@gmail.com
RES05369,2021-10-11,Holbox,Tour Isla Holbox,Grupal,5,2.0,Canada,Español,1119.39,6716.34,7.8,,Tarjeta credito,Completada,G020,Media,10,2021,cliente5593@yahoo.com
RES02855,2021-12-27,Akumal,Cenote Yalku,Grupal,13,3.0,Mexico,Español,968.45,14042.53,3.1,1.8,Tarjeta credito,Completada,G001,Alta,12,2021,cliente5471@hotmail.com
RES00187,2021-09-14,Cozumel,Buceo Arrecife Palancar,Privado,4,2.0,Estados Unidos,Español,1501.3,7506.5,4.4,3.0,Efectivo,Cancelada,G019,Baja,9,2021,cliente6650@yahoo.com
RES01137,2023-06-20,Tulum,Cenote Gran Cenote,Grupal,15,7.0,Mexico,Español,957.44,17712.64,3.8,3.9,Efectivo,Completada,G001,Media,6,2023,cliente421@hotmail.com
RES02059,2023-03-24,Holbox,Avistamiento Tiburon Ballena,Grupal,9,1.0,Estados Unidos,Español,1354.46,12867.37,8.1,4.2,Transferencia,Completada,G013,Alta,3,2023,cliente1432@gmail.com
RES05546,2023-10-17,Uxmal,Uxmal + Kabah,Grupal,16,5.0,Estados Unidos,,1039.11,19223.53,,3.6,Tarjeta credito,Completada,G004,Media,10,2023,cliente5981@outlook.com
RES00149,2022-09-16,Holbox,Punta Mosquito,Privado,1,0.0,Mexico,Ingles,1325.44,1325.44,3.6,5.0,Efectivo,Completada,G024,Baja,9,2022,cliente6065@yahoo.com
RES04125,2021-10-11,Playa del Carmen,Quinta Avenida + Cozumel,Grupal,7,0.0,Mexico,Ingles,922.07,6454.49,5.5,4.0,Tarjeta credito,Completada,G009,Media,10,2021,cliente7600@outlook.com
RES03364,2021-12-09,Cozumel,Snorkel El Cielo,Privado,1,0.0,Argentina,Frances,1972.99,1972.99,8.0,,Transferencia,Completada,G013,Alta,12,2021,
RES02867,2023-02-09,Bacalar,Laguna de los 7 Colores,Grupal,18,0.0,Argentina,Español,749.92,13498.56,4.0,3.1,Tarjeta debito,Completada,G021,Baja,2,2023,cliente2412@outlook.com
RES03777,2021-02-05,Cozumel,Buceo Arrecife Palancar,Grupal,9,1.0,Italia,Español,992.89,9432.45,7.9,3.0,Tarjeta debito,Cancelada,G025,Baja,2,2021,@dominio.com
RES01387,2022-02-13,Merida,Izamal + Merida,Privado,2,1.0,Brasil,Español,853.87,2134.68,,4.7,Tarjeta credito,Completada,G026,Baja,2,2022,
RES05707,2022-03-23,Playa del Carmen,Xcaret,Grupal,18,9.0,Mexico,Ingles,1055.3,23744.25,8.8,4.3,Tarjeta credito,Completada,G030,Alta,3,2022,cliente2239@outlook.com
RES04989,2024-01-28,Akumal,Cenote Yalku,Grupal,11,0.0,Mexico,Ingles,647.75,7125.25,3.3,5.0,Transferencia,Completada,G010,Baja,1,2024,cliente6583@yahoo.com
RES03630,2024-03-17,Merida,Izamal + Merida,Privado,2,,Francia,Ingles,1372.06,3430.15,3.0,4.1,Efectivo,Pendiente,G008,Alta,3,2024,cliente3243@outlook.com
RES05431,2021-09-26,Merida,Izamal + Merida,Grupal,15,4.0,Mexico,Ingles,625.4,10631.8,10.5,5.0,Tarjeta credito,Completada,G003,Baja,9,2021,cliente960@hotmail.com
RES03029,2022-09-09,Chichen Itza,Chichen Itza + Cenote Ik Kil,Grupal,18,0.0,Mexico,Italiano,1102.12,19838.16,6.6,1.9,efectivo,Completada,G025,Baja,9,2022,cliente3212@hotmail.com
RES02970,2021-05-31,Cancun,Isla Mujeres,Grupal,20,7.0,Mexico,,,17988.55,5.8,4.7,Efectivo,Completada,G018,Media,5,2021,cliente206@yahoo.com
RES05239,2022-12-07,Playa del Carmen,Quinta Avenida + Cozumel,Grupal,8,4.0,Mexico,Frances,,9557.2,10.0,4.3,Tarjeta credito,Cancelada,G017,Alta,12,2022,cliente3026@hotmail.com
RES01709,2021-10-08,Merida,Haciendas del Mayab,Grupal,4,2.0,Mexico,Español,661.16,3305.8,6.8,3.9,Tarjeta debito,Confirmada,G031,Media,10,2021,sinArroba.com
RES02954,2022-08-04,Bacalar,Kayak Canales,Grupal,17,4.0,Estados Unidos,Español,1102.16,20941.04,5.7,3.7,Transferencia,Completada,G031,Alta,8,2022,usuario.dominio.com
RES00455,2021-10-14,Bacalar,Laguna de los 7 Colores,Grupal,11,1.0,Estados Unidos,Ingles,829.13,9535.0,9.5,5.0,Tarjeta credito,Completada,G015,Media,10,2021,cliente4282@hotmail.com
RES00610,2022-11-13,Holbox,Tour Isla Holbox,Grupal,18,3.0,Colombia,Italiano,1114.59,-21734.5,8.7,5.0,Tarjeta debito,Completada,G006,Media,11,2022,@dominio.com
RES04264,2022-09-12,Cozumel,Tour Isla Cozumel,Grupal,14,0.0,Mexico,Portugues,1022.23,14311.22,6.4,,Tarjeta credito,Completada,G024,Baja,9,2022,cliente3418@yahoo.com
RES05111,2021-06-13,Tulum,Cenote Dos Ojos,Privado,2,1.0,Argentina,Ingles,1539.83,3849.57,6.8,4.9,,Completada,G013,Media,6,2021,@dominio.com
RES02075,2023-08-25,Bacalar,Laguna de los 7 Colores,Grupal,14,7.0,Estados Unidos,Ingles,1163.01,20352.67,9.8,5.0,Tarjeta debito,Pendiente,G007,Alta,8,2023,cliente3345@yahoo.com
RES04053,2021-08-17,Chichen Itza,Chichen Itza + Cenote Ik Kil,Grupal,7,0.0,Estados Unidos,Italiano,1476.6,10336.2,9.2,3.9,Efectivo,Completada,G024,Alta,8,2021,cliente5936@hotmail.com
RES04903,2023-05-27,Chichen Itza,Valladolid + Chichen Itza,Privado,4,1.0,Mexico,Español,1784.76,8031.42,7.6,99.0,Transferencia,Completada,,Media,5,2023,
RES01623,2021-06-10,Chichen Itza,Chichen Itza + Cenote Ik Kil,Privado,2,1.0,Estados Unidos,Italiano,1923.1,4807.75,5.8,2.8,Tarjeta credito,Completada,G028,Media,6,2021,cliente531@gmail.com
RES04684,2023-10-23,Uxmal,Uxmal + Kabah,Privado,4,2.0,Estados Unidos,Aleman,1647.97,8239.85,2.9,4.9,Transferencia,Cancelada,G011,Media,10,2023,cliente7450@gmail.com
RES05284,2022-05-31,Akumal,Cenote Yalku,Privado,2,0.0,Alemania,Español,1129.85,2259.7,6.3,4.0,Tarjeta debito,Completada,G002,Media,5,2022,cliente2393@gmail.com
RES00041,2022-02-22,Tulum,Cenote Dos Ojos,Privado,1,0.0,Francia,Ingles,1316.45,1316.45,5.4,2.6,Efectivo,Completada,G015,Baja,2,2022,cliente5015@gmail.com
RES02090,2023-06-05,Akumal,Cenote Yalku,Privado,4,1.0,Estados Unidos,Español,45000.0,5306.85,,4.2,Paypal,Confirmada,G017,Media,6,2023,cliente4047@yahoo.com
RES03925,2023-12-01,Cozumel,Snorkel El Cielo,Grupal,20,8.0,Mexico,Frances,1253.88,30093.12,4.6,1.7,Efectivo,Cancelada,G001,Alta,12,2023,cliente6704@outlook.com
RES02176,2022-08-12,Playa del Carmen,Xcaret,Grupal,14,5.0,Belgica,Español,976.42,16110.93,6.2,4.7,T. Credito,Completada,G004,Alta,8,2022,usuario.dominio.com
RES00075,2023-06-13,Akumal,Cenote Yalku,Grupal,8,4.0,Mexico,Español,845.63,8456.3,4.7,3.1,Efectivo,Completada,G018,Media,6,2023,cliente2450@yahoo.com
RES04827,2023-10-01,Cancun,Isla Mujeres,Grupal,14,0.0,Canada,Portugues,757.15,10600.1,4.1,5.0,Tarjeta credito,Completada,G030,Media,10,2023,us er@gmail.com
RES05957,2021-08-15,Uxmal,Uxmal + Kabah,Grupal,12,6.0,Francia,Italiano,1116.33,16744.95,3.1,5.0,Efectivo,Confirmada,G012,Alta,8,2021,cliente6654@icloud.com
RES02658,2023-11-05,Cancun,Zona Hotelera Tour,Privado,3,0.0,Reino Unido,Español,1062.93,3188.79,6.4,3.4,Efectivo,Completada,G023,Media,11,2023,cliente6844@gmail.com
RES03181,2021-10-06,Cancun,Snorkel Arrecife,Grupal,4,1.0,Reino Unido,Español,819.79,3689.05,7.0,3.7,Efectivo,Completada,G031,Media,10,2021,cliente6692@yahoo.com
RES02077,2023-11-11,Uxmal,Uxmal + Kabah,Privado,4,1.0,Estados Unidos,Ingles,1542.05,6939.22,7.1,3.7,Tarjeta debito,Pendiente,G036,Media,11,2023,
RES00442,2023-01-08,Bacalar,Fuerte de San Felipe,Grupal,9,1.0,Mexico,Frances,792.47,7528.47,8.6,1.3,Efectivo,Completada,G015,Baja,1,2023,cliente7728@hotmail.com
RES02052,2023-03-07,Tulum,Sian Ka'an,Privado,1,0.0,Estados Unidos,Aleman,1708.24,1708.24,5.2,5.0,Tarjeta debito,Cancelada,G012,Alta,3,2023,cliente4938@gmail.com
RES02542,2021-03-24,Tulum,Sian Ka'an,Privado,3,0.0,Canada,Ingles,1749.77,5249.31,6.4,5.0,Tarjeta credito,Completada,G038,Alta,3,2021,cliente9249@outlook.com
RES01302,2023-02-07,Playa del Carmen,Xel-Ha,Privado,1,0.0,Italia,Frances,1085.44,1085.44,3.6,1.1,Tarjeta debito,Confirmada,G004,Baja,2,2023,cliente265@outlook.com
RES03431,2022/07/05,Uxmal,Ruta Puuc,Grupal,5,0.0,Mexico,Español,1249.28,6246.4,8.2,5.0,Tarjeta credito,Completada,,Alta,7,2022,cliente8132@hotmail.com
RES01305,2021-10-05,Bacalar,Fuerte de San Felipe,Grupal,20,10.0,Italia,Español,833.66,20841.5,5.3,5.0,Efectivo,Completada,G033,Media,10,2021,cliente941@yahoo.com
RES00237,2024-03-21,Chichen Itza,Chichen Itza + Cenote Ik Kil,Privado,1,0.0,Estados Unidos,Español,2180.94,2180.94,5.4,3.3,Tarjeta credito,Completada,G022,Alta,3,2024,cliente4854@outlook.com
RES05336,2021-12-31,Tulum,Cenote Dos Ojos,Privado,4,0.0,Mexico,Ingles,1584.81,6339.24,5.5,3.1,Tarjeta debito,Cancelada,G002,Alta,12,2021,cliente6722@yahoo.com
RES02600,2021-06-19,Akumal,Cenote Yalku,Grupal,10,3.0,Brasil,Ingles,860.37,9894.25,3.6,2.8,Efectivo,Completada,G016,Media,6,2021,cliente3963@hotmail.com
RES04617,2023-11-30,Cozumel,Buceo Arrecife Palancar,Grupal,15,2.0,Canada,Aleman,1176.32,18821.12,6.9,5.0,Efectivo,Completada,G031,Media,11,2023,cliente7770@yahoo.com
RES02574,2022-01-04,Holbox,Tour Isla Holbox,Grupal,19,3.0,,Español,897.83,18405.51,9.0,4.3,Tarjeta debito,Completada,G036,Baja,1,2022,cliente1276@hotmail.com
RES03281,2023-10-28,Holbox,Tour Isla Holbox,Privado,3,1.0,Estados Unidos,Español,1659.95,5809.82,10.3,4.4,Tarjeta credito,Completada,G021,Media,10,2023,cliente5278@icloud.com
RES03187,2021-11-19,Holbox,Avistamiento Tiburon Ballena,Privado,2,0.0,Estados Unidos,Español,1717.32,3434.64,2.7,4.3,Crypto,Pendiente,G026,Media,11,2021,cliente104@hotmail.com
RES03954,2022-10-14,Chichen Itza,Valladolid + Chichen Itza,Grupal,9,1.0,,Ingles,1175.55,11167.73,4.6,4.0,Efectivo,Completada,G014,Media,10,2022,cliente8275@icloud.com
RES02769,2023-08-23,Tulum,Ruinas de Tulum,Grupal,10,1.0,Mexico,Ingles,1185.24,12445.02,9.2,5.0,Efectivo,Confirmada,G030,Alta,8,2023,cliente4507@icloud.com
RES04224,2024-01-11,Uxmal,Uxmal + Kabah,Grupal,8,2.0,Holanda,Ingles,866.85,7801.65,5.4,4.2,Efectivo,Completada,G010,Baja,1,2024,cliente6419@hotmail.com
RES02107,2022-04-10,Holbox,Avistamiento Tiburon Ballena,Grupal,15,,Estados Unidos,Ingles,1168.74,19284.21,10.1,5.0,Transferencia,Completada,G003,Alta,4,2022,cliente1759@hotmail.com
RES02680,2021-06-12,Cozumel,Tour Isla Cozumel,Privado,4,2.0,Mexico,Aleman,1796.05,8980.25,6.6,4.8,Efectivo,Pendiente,G012,Media,6,2021,us er@gmail.com
RES02762,2023-07-05,Akumal,Cenote Yalku,Grupal,7,2.0,Alemania,Ingles,951.17,7609.36,5.4,3.9,Efectivo,Completada,G015,Alta,7,2023,cliente2242@outlook.com
RES04689,2023-07-20,Cancun,Snorkel Arrecife,Grupal,12,1.0,Mexico,Frances,932.96,11662.0,2.8,4.3,Efectivo,Confirmada,G035,Alta,7,2023,cliente4254@gmail.com
RES01388,2022-02-09,Akumal,Snorkel Tortugas Akumal,Grupal,9,3.0,Colombia,Aleman,656.3,6891.15,9.0,3.8,Tarjeta credito,Completada,G023,Baja,2,2022,cliente9320@gmail.com
RES05667,2022-05-23,Holbox,Punta Mosquito,Grupal,12,2.0,Mexico,Español,1116.41,14513.33,5.8,1.3,,Completada,G002,Media,5,2022,cliente2258@icloud.com
RES05461,2022-02-01,Chichen Itza,Valladolid + Chichen Itza,Grupal,5,0.0,Estados Unidos,Frances,968.4,4842.0,9.0,4.7,Tarjeta credito,Completada,G013,Baja,2,2022,cliente4376@hotmail.com
RES01280,2022-04-16,Uxmal,Uxmal + Kabah,Grupal,6,1.0,Mexico,Ingles,1233.23,8015.99,3.9,4.2,Tarjeta debito,Pendiente,G032,Alta,4,2022,cliente873@outlook.com
RES05919,2022-11-25,Bacalar,Laguna de los 7 Colores,Grupal,8,3.0,Estados Unidos,Español,925.54,8792.63,7.7,4.9,Efectivo,Confirmada,G023,Media,11,2022,cliente1945@gmail.com
RES01556,2022-02-07,Cancun,Snorkel Arrecife,Grupal,7,0.0,Italia,Ingles,685.3,4797.1,3.1,4.2,Paypal,Cancelada,G009,Baja,2,2022,cliente759@icloud.com
RES05457,2022-05-23,,Xcaret,Privado,3,1.0,Mexico,Ingles,1259.31,-4407.59,5.4,3.9,Efectivo,Completada,G032,Media,5,2022,cliente9660@gmail.com
RES03191,2021-03-06,Akumal,Snorkel Tortugas Akumal,Privado,3,1.0,Mexico,Ingles,1361.23,4764.31,9.5,,Tarjeta credito,Completada,G039,Alta,3,2021,cliente4426@yahoo.com
RES04567,2022-10-26,,Buceo Arrecife Palancar,Privado,3,1.0,Mexico,Ingles,1752.17,6132.6,6.1,4.8,Tarjeta credito,Completada,G016,Media,10,2022,cliente8262@icloud.com
RES04803,2023-01-08,Merida,Haciendas del Mayab,Privado,1,0.0,Estados Unidos,Español,858.88,858.88,3.8,4.8,Efectivo,Completada,G003,Baja,1,2023,us er@gmail.com
RES05662,2023-12-03,Bacalar,Laguna de los 7 Colores,Grupal,8,2.0,Estados Unidos,Italiano,1023.07,9207.63,10.3,,Tarjeta credito,Completada,G007,Alta,12,2023,us er@gmail.com
RES03595,2023-01-12,Playa del Carmen,Quinta Avenida + Cozumel,Privado,1,0.0,Estados Unidos,Ingles,1000.48,1000.48,7.5,5.0,Tarjeta credito,Confirmada,G004,Baja,1,2023,cliente8684@icloud.com
RES01921,2023-01-02,Tulum,Sian Ka'an,Grupal,19,5.0,Mexico,Español,834.72,17946.48,9.3,4.3,Efectivo,Completada,G007,Baja,1,2023,cliente7948@icloud.com
RES00514,2023-01-30,Akumal,Cenote Yalku,Privado,1,,Canada,Español,949.25,949.25,9.1,5.0,Tarjeta credito,Completada,G013,Baja,1,2023,cliente2719@hotmail.com
RES04178,2023-01-17,Holbox,Tour Isla Holbox,Grupal,4,0.0,Alemania,Español,886.69,3546.76,6.5,3.7,Transferencia,Completada,G025,Baja,1,2023,cliente8701@hotmail.com
RES01309,2022-05-04,Tulum,Ruinas de Tulum,Privado,2,1.0,Reino Unido,Ingles,1361.24,3403.1,3.6,2.0,Tarjeta credito,Pendiente,G005,Media,5,2022,cliente339@icloud.com
RES00915,2022-06-19,Chichen Itza,Valladolid + Chichen Itza,Grupal,9,1.0,Reino Unido,Español,1303.77,12385.82,7.3,4.9,Tarjeta debito,Completada,G004,Media,6,2022,cliente2528@hotmail.com
RES03453,2023-10-01,Chichen Itza,Valladolid + Chichen Itza,Privado,3,0.0,Mexico,Aleman,1858.51,5575.53,6.6,4.9,Tarjeta credito,Completada,G014,Media,10,2023,cliente7076@hotmail.com
RES03696,2021-06-24,Playa del Carmen,Xcaret,Grupal,15,7.0,Suecia,Español,850.17,15728.14,8.0,3.7,Paypal,Completada,G018,Media,6,2021,cliente3512@outlook.com
RES04243,2023-01-13,Akumal,Snorkel Tortugas Akumal,Grupal,8,1.0,Estados Unidos,Español,643.46,5469.41,8.6,3.9,Efectivo,Completada,G020,Baja,1,2023,cliente1805@yahoo.com
RES03157,2023-10-08,Bacalar,Fuerte de San Felipe,Grupal,4,2.0,Mexico,Ingles,923.77,4618.85,9.5,4.9,Tarjeta credito,Confirmada,G020,Media,10,2023,cliente4176@gmail.com
RES02199,2022-08-22,Tulum,Cenote Dos Ojos,Grupal,20,2.0,Estados Unidos,Español,1143.02,24003.42,4.9,,Tarjeta credito,Confirmada,G006,Alta,8,2022,cliente1699@gmail.com
RES00775,2023-10-21,Cancun,Snorkel Arrecife,Grupal,4,2.0,Alemania,,715.02,3575.1,,4.1,Tarjeta debito,Pendiente,,Media,10,2023,cliente6081@hotmail.com
RES04426,03-04-2024,Uxmal,Ruta Puuc,Grupal,9,,Estados Unidos,Frances,,12155.85,6.1,5.0,Transferencia,Completada,G035,Alta,3,2024,cliente622@hotmail.com
RES00944,2023-09-12,Bacalar,Kayak Canales,Privado,2,0.0,Brasil,Portugues,1084.21,2168.42,7.4,4.9,Tarjeta credito,Completada,G010,Baja,9,2023,cliente9279@icloud.com
RES00823,2022-12-22,Bacalar,Fuerte de San Felipe,Grupal,20,2.0,Estados Unidos,Español,1008.47,21177.87,7.6,3.3,Transferencia,Completada,G036,Alta,12,2022,cliente6193@gmail.com
RES04278,2022-10-16,Merida,Izamal + Merida,Privado,1,0.0,Francia,Español,1082.77,1082.77,3.1,,Efectivo,Completada,G006,Media,10,2022,cliente5103@gmail.com
RES00165,2021-02-03,Uxmal,Ruta Puuc,Grupal,11,4.0,Estados Unidos,Español,893.55,11616.15,9.8,4.7,Transferencia,Pendiente,G014,Baja,2,2021,cliente1691@yahoo.com
RES04548,2022-04-07,Uxmal,Uxmal + Kabah,Privado,1,0.0,Francia,,1801.54,1801.54,3.6,4.3,Tarjeta credito,Completada,G034,Alta,4,2022,cliente8391@gmail.com
RES03984,2023-03-22,Akumal,Cenote Yalku,Grupal,11,4.0,Mexico,Español,1054.34,13706.42,6.8,4.7,Efectivo,Completada,G024,Alta,3,2023,cliente2706@outlook.com
RES02539,2022-07-20,Merida,Centro Historico Merida,Privado,3,0.0,Mexico,Español,1354.11,4062.33,2.9,2.4,Paypal,Completada,G009,Alta,7,2022,
RES05761,2021-10-03,Bacalar,Fuerte de San Felipe,Privado,3,1.0,Mexico,Español,1461.23,5114.31,4.4,4.3,Tarjeta debito,Completada,G008,Media,10,2021,cliente6141@gmail.com
RES01312,2022-07-06,Cancun,Laguna Nichupte,Grupal,4,1.0,Estados Unidos,Aleman,906.77,4080.47,4.0,,Tarjeta credito,Pendiente,,Alta,7,2022,cliente9271@hotmail.com
RES05485,2024-02-24,Holbox,Punta Mosquito,Privado,4,0.0,Mexico,Ingles,1324.0,5296.0,6.6,,Efectivo,Completada,G006,Baja,2,2024,cliente5769@yahoo.com
RES05027,2021-07-21,Bacalar,Laguna de los 7 Colores,Grupal,16,2.0,Alemania,Español,1113.48,18929.16,2.7,4.0,Tarjeta debito,Completada,G006,Alta,7,2021,cliente4687@yahoo.com
RES05603,2022-12-12,Merida,Haciendas del Mayab,Grupal,10,2.0,Canada,Español,800.82,8809.02,4.8,4.9,Efectivo,Completada,G010,Alta,12,2022,cliente2884@yahoo.com
RES03301,2023-04-30,Chichen Itza,Chichen Itza + Cenote Ik Kil,Privado,4,1.0,Alemania,Aleman,2234.28,10054.26,7.5,4.6,Efectivo,Completada,G036,Alta,4,2023,cliente1478@hotmail.com
RES03311,2021-09-24,Bacalar,Fuerte de San Felipe,GRUPAL,16,7.0,Alemania,Español,761.16,-14842.62,3.7,4.0,Tarjeta debito,Completada,G026,Baja,9,2021,cliente2702@gmail.com
RES00328,2023-12-19,Cozumel,Tour Isla Cozumel,Privado,2,1.0,Reino Unido,Español,2013.78,5034.45,3.0,4.0,Tarjeta debito,Completada,G026,Alta,12,2023,cliente9136@icloud.com
RES02491,2022-02-05,Merida,Centro Historico Merida,Grupal,6,3.0,Colombia,Español,648.21,4861.58,5.4,5.0,Efectivo,Completada,G035,Baja,2,2022,cliente9354@yahoo.com
RES05656,2022-04-26,Playa del Carmen,Xel-Ha,Privado,1,0.0,Francia,Ingles,1565.47,1565.47,3.9,4.3,Efectivo,Confirmada,G011,Alta,4,2022,cliente9749@gmail.com
RES04409,2024-01-25,Bacalar,Kayak Canales,Privado,4,1.0,Estados Unidos,Aleman,1252.32,5635.44,3.0,4.0,Transferencia,Completada,G011,Baja,1,2024,cliente8979@icloud.com
RES00833,2021-08-03,Cancun,Isla Mujeres,Grupal,11,3.0,Estados Unidos,Español,831.51,10393.88,6.5,,Efectivo,Completada,G005,Alta,8,2021,cliente8505@outlook.com
RES03080,2022-11-26,Uxmal,Uxmal + Kabah,Privado,2,0.0,Francia,Español,1642.05,3284.1,,1.3,Tarjeta credito,Completada,G019,Media,11,2022,cliente7560@hotmail.com
RES03463,2024-01-20,Uxmal,Ruta Puuc,Grupal,6,3.0,Mexico,Español,805.53,6041.47,7.9,1.1,Tarjeta credito,Completada,G023,Baja,1,2024,cliente8334@hotmail.com
RES05285,2023-05-03,Tulum,Ruinas de Tulum,Grupal,19,7.0,,Portugues,876.8,19728.0,5.3,4.8,Efectivo,Completada,G026,Media,5,2023,cliente562@outlook.com
RES00055,2023-10-21,Uxmal,Ruta Puuc,Grupal,17,3.0,Suiza,Frances,,19933.94,8.8,4.2,Tarjeta credito,Completada,G019,Media,10,2023,cliente1501@hotmail.com
RES04065,2021-10-09,Chichen Itza,Valladolid + Chichen Itza,Privado,2,1.0,Brasil,Frances,1921.09,4802.72,3.5,4.2,Tarjeta credito,Cancelada,G039,Media,10,2021,
RES03452,2022-12-02,Merida,Haciendas del Mayab,Privado,2,1.0,Francia,Ingles,1370.62,3426.55,2.6,3.8,Efectivo,Completada,G026,Alta,12,2022,cliente7478@gmail.com
RES01902,2021-12-22,Chichen Itza,Chichen Itza + Cenote Ik Kil,Grupal,12,6.0,Alemania,Ingles,1487.59,22313.85,8.3,4.4,Efectivo,Confirmada,G033,Alta,12,2021,cliente450@icloud.com
RES01482,2024-03-30,Cancun,Zona Hotelera Tour,Grupal,7,3.0,Reino Unido,Ingles,867.29,7371.97,5.4,4.1,Efectivo,Cancelada,G027,Alta,3,2024,cliente5270@yahoo.com
RES04874,2021-01-18,Tulum,Sian Ka'an,Privado,1,0.0,,Aleman,1326.05,1326.05,6.1,,Crypto,Completada,G025,Baja,1,2021,cliente2212@gmail.com
RES04151,2022-12-28,Cozumel,Buceo Arrecife Palancar,Privado,3,1.0,Mexico,Español,2001.94,7006.79,5.6,4.0,,Completada,G015,Alta,12,2022,cliente4425@yahoo.com
RES03336,2021-04-04,Tulum,Cenote Dos Ojos,Grupal,13,0.0,Mexico,Ingles,1155.32,15019.16,9.9,5.0,Paypal,Completada,G021,Alta,4,2021,cliente1318@outlook.com
RES00947,2021-07-30,Playa del Carmen,Xcaret,Privado,3,0.0,Mexico,Español,1615.64,4846.92,9.6,4.7,Efectivo,Completada,G015,Alta,7,2021,cliente7097@outlook.com
RES03294,2023-06-01,Holbox,Avistamiento Tiburon Ballena,Grupal,18,7.0,Canada,Español,1056.94,22724.21,5.5,4.8,Transferencia,Completada,G004,Media,6,2023,us er@gmail.com
RES02162,2023-09-21,Tulum,Cenote Gran Cenote,Grupal,7,1.0,Mexico,Español,806.16,6046.2,4.6,1.0,Tarjeta credito,Completada,G021,Baja,9,2023,cliente5783@outlook.com
RES05106,2022-08-21,Cancun,Laguna Nichupte,Privado,3,0.0,Argentina,Español,1473.64,4420.92,9.6,3.1,Tarjeta credito,Completada,,Alta,8,2022,cliente7259@yahoo.com
RES03058,2021-01-28,Merida,Centro Historico Merida,Grupal,11,0.0,Estados Unidos,Español,563.21,6195.31,9.9,4.3,Transferencia,Completada,G015,Baja,1,2021,cliente8711@hotmail.com
RES00769,2021-10-29,Chichen Itza,Valladolid + Chichen Itza,Grupal,6,3.0,Mexico,Aleman,1187.1,8903.25,6.9,5.0,Tarjeta credito,Completada,G005,Media,10,2021,cliente5562@gmail.com
RES05965,2022-08-23,Playa del Carmen,Xcaret,Privado,2,0.0,Francia,Ingles,1420.03,2840.06,4.0,3.7,Tarjeta debito,Cancelada,G001,Alta,8,2022,cliente6045@icloud.com
RES03496,2022-07-13,Akumal,Cenote Yalku,Privado,3,0.0,Alemania,Ingles,1553.95,4661.85,4.5,4.2,,Completada,G037,Alta,7,2022,cliente3288@yahoo.com
RES00286,2022-09-29,Cozumel,Snorkel El Cielo,Privado,1,0.0,Francia,Ingles,,1446.13,9.3,5.0,Paypal,Confirmada,G031,Baja,9,2022,cliente8500@outlook.com
RES05967,2022-05-05,Holbox,Tour Isla Holbox,Grupal,15,1.0,Estados Unidos,Frances,1080.54,16748.37,3.4,5.0,Tarjeta debito,Completada,G020,Media,5,2022,cliente3106@yahoo.com
RES04525,2022-12-04,Holbox,Punta Mosquito,Grupal,14,6.0,Francia,Ingles,1214.59,20648.03,5.3,5.0,Tarjeta debito,Cancelada,G029,Alta,12,2022,cliente5056@outlook.com
RES05366,2021-04-22,Akumal,Cenote Yalku,Grupal,10,2.0,,Portugues,913.34,10046.74,5.9,5.0,Tarjeta debito,Completada,G022,Alta,4,2021,cliente4294@icloud.com
RES02333,2023-04-16,Bacalar,Laguna de los 7 Colores,Grupal,14,5.0,,Español,1167.31,19260.61,9.9,4.4,Tarjeta credito,Pendiente,G016,Alta,4,2023,cliente9251@outlook.com
RES02718,2021-05-22,Tulum,Cenote Dos Ojos,Grupal,10,5.0,Estados Unidos,Español,938.03,11725.38,3.5,1.0,Efectivo,Completada,G030,Media,5,2021,cliente7273@icloud.com
RES02080,2021-03-23,Cozumel,Tour Isla Cozumel,Privado,2,0.0,Mexico,Frances,2026.75,4053.5,4.0,4.2,Tarjeta credito,Completada,G017,Alta,3,2021,cliente8797@gmail.com
RES03390,2022-12-17,Tulum,Cenote Dos Ojos,Grupal,6,0.0,Mexico,Español,1187.96,7127.76,3.2,4.9,Tarjeta credito,Completada,G024,Alta,12,2022,cliente7485@gmail.com
RES00723,2021-07-13,Chichen Itza,Chichen Itza + Cenote Ik Kil,Privado,4,0.0,Mexico,,2023.63,8094.52,8.9,4.4,Paypal,Completada,G014,Alta,7,2021,cliente2282@gmail.com
RES00952,2023-11-23,Cancun,Zona Hotelera Tour,Privado,4,2.0,Canada,Español,1146.51,5732.55,7.5,4.7,Paypal,Completada,G028,Media,11,2023,cliente8674@yahoo.com
RES05254,2023-07-02,Playa del Carmen,Xel-Ha,Privado,2,,Mexico,Frances,1473.26,3683.15,6.8,5.0,Tarjeta debito,Confirmada,G022,Alta,7,2023,cliente9385@hotmail.com
RES02263,2024-03-04,Tulum,Cenote Dos Ojos,Grupal,15,,Estados Unidos,Ingles,,18606.06,8.8,5.0,Transferencia,Completada,G030,Alta,3,2024,
RES00990,2023-12-17,Chichen Itza,Valladolid + Chichen Itza,Grupal,19,0.0,Argentina,Ingles,1337.28,25408.32,8.6,3.4,Tarjeta credito,Pendiente,G013,Alta,12,2023,cliente2579@icloud.com
RES03213,2023-03-25,Holbox,Tour Isla Holbox,Grupal,15,2.0,Mexico,Ingles,1307.02,20912.32,5.5,4.8,Transferencia,Pendiente,G023,Alta,3,2023,cliente4512@outlook.com
RES01760,2023-08-21,Playa del Carmen,Xel-Ha,Privado,3,0.0,Mexico,Italiano,1503.43,4510.29,6.6,,Transferencia,Completada,G038,Alta,8,2023,cliente5368@outlook.com
RES05313,2022-11-20,Tulum,Cenote Dos Ojos,Privado,4,2.0,Suecia,Español,1406.56,7032.8,3.8,3.7,Tarjeta debito,Completada,G018,Media,11,2022,cliente1227@hotmail.com
RES04423,2024-02-12,Playa del Carmen,Quinta Avenida + Cozumel,Privado,2,1.0,Canada,Ingles,1154.39,2885.98,6.8,4.3,Tarjeta debito,Completada,,Baja,2,2024,cliente9017@outlook.com
RES01725,2021-12-15,Bacalar,Kayak Canales,Privado,4,0.0,Francia,Español,1508.93,6035.72,3.1,3.7,Tarjeta credito,Completada,G010,Alta,12,2021,cliente9169@outlook.com
RES00342,2022-12-07,Chichen Itza,Chichen Itza + Cenote Ik Kil,Privado,4,2.0,Italia,Ingles,2172.61,10863.05,6.3,5.0,Tarjeta credito,Cancelada,G028,Alta,12,2022,cliente525@outlook.com
RES03702,2023-10-08,Cancun,Snorkel Arrecife,Grupal,7,1.0,Alemania,Español,753.46,5650.95,7.0,3.7,Efectivo,Completada,G037,Media,10,2023,cliente2622@outlook.com
RES04244,2022-04-05,Playa del Carmen,Xcaret,Grupal,6,0.0,Colombia,Ingles,1114.92,6689.52,5.3,,,Completada,G037,Alta,4,2022,cliente3090@outlook.com
RES00689,2023-12-02,Cancun,Isla Mujeres,Privado,2,1.0,Mexico,Italiano,1356.18,3390.45,4.1,4.0,Efectivo,Completada,G024,Alta,12,2023,cliente7098@outlook.com
RES03433,2024-03-18,Chichen Itza,Chichen Itza + Cenote Ik Kil,Grupal,7,0.0,Canada,Español,1439.71,10077.97,7.0,3.9,Efectivo,Completada,G008,Alta,3,2024,
RES00967,2023-01-07,Cozumel,Snorkel El Cielo,Grupal,12,5.0,Japon,Frances,938.57,13609.27,10.2,4.6,Efectivo,Pendiente,G040,Baja,1,2023,cliente3255@outlook.com
RES05702,2023-02-01,Cozumel,Buceo Arrecife Palancar,Grupal,13,1.0,,Español,887.25,11977.88,10.3,2.7,Efectivo,Completada,G029,Baja,2,2023,cliente2292@yahoo.com
RES02204,2024-01-06,Akumal,Cenote Yalku,Grupal,16,6.0,Mexico,Ingles,664.46,12624.74,9.7,5.0,Efectivo,Completada,G001,Baja,1,2024,cliente8128@icloud.com
RES02714,2024-02-20,Holbox,Avistamiento Tiburon Ballena,Grupal,13,3.0,Belgica,Ingles,895.75,12988.38,7.7,5.0,Efectivo,Cancelada,G012,Baja,2,2024,cliente9677@outlook.com
RES04758,2021-12-16,Playa del Carmen,Xcaret,Grupal,8,4.0,Italia,Ingles,966.27,9662.7,8.3,1.2,Crypto,Confirmada,G003,Alta,12,2021,cliente4058@hotmail.com
RES05703,2021-07-22,Holbox,Tour Isla Holbox,Grupal,15,1.0,Mexico,Español,1364.61,21151.45,8.5,4.1,Paypal,Completada,G036,Alta,7,2021,cliente3588@yahoo.com
RES05521,2022-03-13,Tulum,Ruinas de Tulum,Grupal,5,2.0,,Español,1152.75,6916.5,9.3,5.0,Tarjeta debito,Cancelada,G002,Alta,3,2022,cliente5734@icloud.com
RES03573,2021-07-02,Chichen Itza,Chichen Itza + Cenote Ik Kil,Grupal,13,1.0,Japon,Español,,18842.08,10.2,3.9,Paypal,Completada,G003,Alta,7,2021,cliente8724@hotmail.com
RES04806,11/12/2022,Bacalar,Laguna de los 7 Colores,Privado,1,0.0,Mexico,,1719.05,1719.05,3.4,4.9,Tarjeta debito,Completada,G009,Alta,12,2022,cliente8997@yahoo.com
RES01991,2021-07-07,Playa del Carmen,Xel-Ha,Privado,3,1.0,Mexico,Español,1559.16,5457.06,6.2,4.7,Tarjeta credito,Cancelada,G026,Alta,7,2021,cliente736@outlook.com
RES04121,2023-09-20,Akumal,Cenote Yalku,Grupal,17,6.0,Estados Unidos,Ingles,629.33,12586.6,7.5,5.0,Tarjeta debito,Completada,G033,Baja,9,2023,
RES04760,2021-04-29,Bacalar,Fuerte de San Felipe,Grupal,18,6.0,Canada,Ingles,1094.45,22983.45,2.9,4.0,Crypto,Completada,G035,Alta,4,2021,cliente362@yahoo.com
RES04944,2021-06-29,Uxmal,Uxmal + Kabah,Grupal,4,2.0,Belgica,Español,992.77,4963.85,5.6,5.0,Tarjeta debito,Cancelada,G002,Media,6,2021,usuario@
RES05376,2022-06-24,Akumal,Cenote Yalku,Grupal,13,5.0,Mexico,Frances,770.77,11946.93,3.9,5.0,Tarjeta debito,Cancelada,G026,Media,6,2022,cliente3341@hotmail.com
RES05721,2024-02-19,Cozumel,Snorkel El Cielo,Grupal,7,1.0,Italia,Español,875.53,6566.47,6.3,3.8,Tarjeta credito,Completada,G003,Baja,2,2024,cliente5275@yahoo.com
RES03601,2022-07-01,Tulum,Cenote Dos Ojos,privado,2,1.0,Polonia,Español,1851.45,4628.62,9.4,4.3,Tarjeta debito,Completada,G003,Alta,7,2022,
RES05507,2021-11-25,Merida,Centro Historico Merida,Privado,1,0.0,Estados Unidos,Aleman,989.74,989.74,5.2,3.2,Tarjeta credito,Confirmada,G016,Media,11,2021,cliente2099@icloud.com
RES04595,2023-01-02,Holbox,Punta Mosquito,Grupal,20,9.0,Francia,Italiano,851.6,20864.2,4.1,,Tarjeta credito,Pendiente,G039,Baja,1,2023,cliente5051@icloud.com
RES04968,2021-07-29,Merida,Haciendas del Mayab,Grupal,5,0.0,Alemania,Ingles,804.66,4023.3,10.4,4.9,Tarjeta debito,Completada,G008,Alta,7,2021,
RES00386,2023-02-19,Tulum,Cenote Dos Ojos,Grupal,20,2.0,Estados Unidos,Frances,862.38,18109.98,3.1,4.7,Tarjeta debito,Completada,G022,Baja,2,2023,cliente5657@hotmail.com
RES05260,2023-12-08,Tulum,Cenote Gran Cenote,Grupal,19,1.0,Mexico,Frances,1149.13,22408.04,4.0,3.0,Tarjeta credito,Cancelada,G038,Alta,12,2023,cliente5890@yahoo.com
RES05509,2021-05-03,Bacalar,Laguna de los 7 Colores,Grupal,9,0.0,Argentina,Español,866.5,7798.5,2.6,5.0,Transferencia,Confirmada,G020,Media,5,2021,cliente8566@yahoo.com
RES00537,2023-03-15,Cancun,Isla Mujeres,Privado,3,1.0,Mexico,Español,1411.66,4940.81,8.8,5.0,Efctivo,Pendiente,G024,Alta,3,2023,cliente1612@gmail.com
RES05797,2023-02-10,Tulum,Ruinas de Tulum,Grupal,9,2.0,Estados Unidos,Ingles,792.24,7922.4,5.9,4.6,Efectivo,Completada,G007,Baja,2,2023,cliente7096@yahoo.com
RES04213,2021-12-05,Merida,Izamal + Merida,Grupal,7,1.0,Alemania,Ingles,896.19,6721.43,3.3,3.0,Efectivo,Completada,G034,Alta,12,2021,cliente3230@yahoo.com
RES03508,2024-02-23,Cancun,Isla Mujeres,Grupal,16,7.0,Mexico,Ingles,649.34,12662.13,6.6,4.8,Efectivo,Cancelada,G025,Baja,2,2024,cliente4251@yahoo.com
RES00202,2022-03-07,Bacalar,Laguna de los 7 Colores,Grupal,12,3.0,Colombia,Español,1100.37,14854.99,7.9,5.0,Efectivo,Confirmada,G010,Alta,3,2022,cliente7451@gmail.com
RES01333,2023-05-16,Tulum,Sian Ka'an,Grupal,9,3.0,Canada,Ingles,878.68,9226.14,6.7,4.1,Efectivo,Pendiente,G036,Media,5,2023,cliente5915@hotmail.com
RES03503,2024-01-09,Uxmal,Ruta Puuc,Privado,3,0.0,Brasil,Español,1400.91,4202.73,8.2,4.4,Efectivo,Completada,G008,Baja,1,2024,cliente9600@hotmail.com
RES02709,2021-03-29,Chichen Itza,Chichen Itza + Cenote Ik Kil,Grupal,4,0.0,Mexico,Ingles,1581.19,6324.76,3.5,4.2,Efectivo,Cancelada,G028,Alta,3,2021,cliente2043@icloud.com
RES04663,2021-11-20,Akumal,Cenote Yalku,Grupal,11,1.0,Reino Unido,Español,826.22,9501.53,8.5,4.1,Efectivo,Completada,G028,Media,11,2021,cliente6559@yahoo.com
RES04022,2022-12-03,Bacalar,Laguna de los 7 Colores,Grupal,7,1.0,Estados Unidos,Frances,1065.46,7990.95,5.5,4.1,Efectivo,Pendiente,G016,Alta,12,2022,cliente4975@icloud.com
RES01855,2023-04-04,Merida,Haciendas del Mayab,Privado,1,0.0,Alemania,Italiano,1235.74,1235.74,5.1,2.6,Tarjeta credito,Completada,G038,Alta,4,2023,cliente2179@gmail.com
RES05476,2022-11-10,Uxmal,Uxmal + Kabah,Grupal,17,6.0,Colombia,Frances,1060.85,21217.0,7.9,5.0,Paypal,Completada,G027,Media,11,2022,cliente8135@outlook.com
RES02873,2021-04-26,Akumal,Snorkel Tortugas Akumal,Privado,2,1.0,Mexico,Español,1376.19,3440.48,,3.6,Tarjeta credito,Completada,G028,Alta,4,2021,cliente9531@icloud.com
RES03031,2022-08-16,Merida,Centro Historico Merida,Grupal,11,2.0,Japon,Frances,824.11,9889.32,4.5,4.2,Efectivo,Cancelada,G015,Alta,8,2022,cliente5617@outlook.com
RES01206,2022-02-01,Playa del Carmen,Xcaret,Grupal,10,3.0,Colombia,Italiano,765.85,8807.27,6.0,3.1,,Completada,G017,Baja,2,2022,cliente672@outlook.com
RES01646,2023-08-31,Holbox,Tour Isla Holbox,Grupal,13,0.0,Mexico,Español,1382.79,17976.27,4.0,5.0,Tarjeta debito,Completada,G027,Alta,8,2023,cliente7175@icloud.com
RES03418,2023-06-14,Cozumel,Snorkel El Cielo,Grupal,12,0.0,Mexico,Español,1094.74,13136.88,4.6,5.0,,Cancelada,G028,Media,6,2023,cliente3309@icloud.com
RES03477,2023-10-19,Akumal,Cenote Yalku,Grupal,12,4.0,Polonia,Español,816.65,11433.1,5.6,4.3,Tarjeta debito,Completada,G013,Media,10,2023,cliente6517@hotmail.com
RES02862,2022-04-27,Cozumel,Snorkel El Cielo,Grupal,11,3.0,Mexico,Ingles,1314.92,16436.5,9.8,5.0,Tarjeta debito,Completada,G002,Alta,4,2022,cliente4917@gmail.com
RES01793,2024-01-25,Cancun,Zona Hotelera Tour,Privado,2,0.0,Canada,Español,997.22,1994.44,5.4,,Efectivo,Completada,G028,Baja,1,2024,cliente6340@icloud.com
RES03798,2022-02-07,Cozumel,Snorkel El Cielo,Grupal,8,2.0,Reino Unido,Español,902.7,8124.3,6.8,1.6,Transferencia,Confirmada,G017,Baja,2,2022,cliente505@outlook.com
RES03369,2023-04-27,Cozumel,Buceo Arrecife Palancar,Grupal,10,1.0,,Español,1308.88,13743.24,3.9,3.3,Efectivo,Confirmada,G018,Alta,4,2023,cliente7284@gmail.com
RES03368,2024-03-15,Tulum,Sian Ka'an,Privado,2,1.0,Colombia,Español,1700.27,4250.68,4.5,3.4,Tarjeta credito,Completada,G017,Alta,3,2024,cliente3693@icloud.com
RES03534,2021-12-31,Bacalar,Fuerte de San Felipe,Privado,1,0.0,,Español,1659.73,1659.73,5.7,3.2,Tarjeta credito,Completada,G035,Alta,12,2021,cliente1218@icloud.com
RES05291,2021-10-01,Chichen Itza,Chichen Itza + Cenote Ik Kil,Privado,1,0.0,,Aleman,1660.21,1660.21,3.1,3.8,Tarjeta credito,Completada,G021,Media,10,2021,cliente7186@icloud.com
RES03450,2023-02-20,Chichen Itza,Chichen Itza + Cenote Ik Kil,Grupal,7,1.0,Estados Unidos,Portugues,1040.4,7803.0,5.2,4.2,,Pendiente,G026,Baja,2,2023,us er@gmail.com
RES00604,2021-01-08,Bacalar,Kayak Canales,Privado,3,0.0,Belgica,Aleman,1259.25,3777.75,,2.4,Transferencia,Completada,G001,Baja,1,2021,cliente9530@hotmail.com
RES03057,2021-06-05,Chichen Itza,Valladolid + Chichen Itza,Privado,1,0.0,Brasil,Español,1856.43,1856.43,10.0,4.7,Tarjeta debito,Pendiente,G024,Media,6,2021,cliente1713@yahoo.com
RES05244,2022-08-30,Akumal,Cenote Yalku,Grupal,7,3.0,Canada,Italiano,941.09,7999.27,5.9,5.0,Tarjeta credito,Completada,G016,Alta,8,2022,cliente3904@outlook.com
RES00127,2021-07-10,Tulum,Cenote Gran Cenote,Privado,1,0.0,Alemania,Ingles,1809.14,1809.14,8.3,5.0,Transferencia,Confirmada,G036,Alta,7,2021,cliente5200@icloud.com
RES03877,2023-07-03,Holbox,Avistamiento Tiburon Ballena,Grupal,15,4.0,Mexico,Ingles,1333.68,22672.56,3.2,4.1,Tarjeta debito,Completada,G018,Alta,7,2023,cliente9749@hotmail.com
RES02936,2023-10-03,Merida,Izamal + Merida,Privado,1,0.0,Australia,Portugues,1092.21,1092.21,7.8,4.7,Transferencia,Cancelada,G038,Media,10,2023,cliente9007@icloud.com
RES04452,2021-10-18,Akumal,Cenote Yalku,Grupal,7,2.0,Estados Unidos,Aleman,758.4,6067.2,9.6,4.8,Paypal,Completada,G033,Media,10,2021,
RES03532,2021-12-07,Chichen Itza,Valladolid + Chichen Itza,Privado,1,0.0,Brasil,Ingles,2246.04,2246.04,8.2,,Paypal,Confirmada,G005,Alta,12,2021,cliente5354@icloud.com
RES02731,2022-06-25,Uxmal,Uxmal + Kabah,Grupal,13,2.0,Estados Unidos,Aleman,1055.15,14772.1,8.6,4.2,Tarjeta debito,Completada,G010,Media,6,2022,cliente3537@hotmail.com
RES00828,2024-02-11,Bacalar,Laguna de los 7 Colores,Privado,2,0.0,Colombia,Ingles,1056.91,2113.82,5.5,3.2,TARJETA CREDITO,Confirmada,G021,Baja,2,2024,cliente472@gmail.com
RES01640,03-12-2024,Uxmal,Uxmal + Kabah,Privado,1,0.0,Mexico,Ingles,1683.35,1683.35,9.1,5.0,Transferencia,Completada,G018,Alta,3,2024,cliente9392@hotmail.com
RES00985,2023-11-04,Uxmal,Uxmal + Kabah,Grupal,12,2.0,Estados Unidos,Ingles,987.53,12837.89,2.9,4.2,Crypto,Completada,G035,Media,11,2023,cliente8505@hotmail.com
RES03282,2021-04-17,Merida,Izamal + Merida,Grupal,15,0.0,Estados Unidos,Ingles,867.21,13008.15,3.8,4.9,Tarjeta credito,Completada,G016,Alta,4,2021,cliente4540@outlook.com
RES02368,2021-09-14,Akumal,Snorkel Tortugas Akumal,Grupal,19,4.0,Canada,Ingles,672.69,14126.49,4.2,,,Completada,G005,Baja,9,2021,
RES02189,2023-02-18,Akumal,Cenote Yalku,Grupal,9,2.0,,Español,654.78,6547.8,4.7,4.3,Tarjeta debito,Cancelada,G017,Baja,2,2023,cliente2585@gmail.com
RES05558,2021-04-07,Chichen Itza,Valladolid + Chichen Itza,Grupal,14,6.0,Estados Unidos,Frances,1539.67,26174.39,5.0,2.9,Tarjeta debito,Completada,G009,Alta,4,2021,cliente4343@gmail.com
RES02444,2023-04-04,Playa del Carmen,Quinta Avenida + Cozumel,Grupal,20,5.0,Estados Unidos,Ingles,1036.16,23313.6,9.3,4.9,Tarjeta credito,Completada,G038,Alta,4,2023,cliente2547@hotmail.com
RES00363,2021-10-14,Bacalar,Fuerte de San Felipe,Grupal,4,0.0,Estados Unidos,Español,883.76,3535.04,9.8,4.8,Efectivo,Completada,,Media,10,2021,cliente3850@yahoo.com
RES02350,2022-10-30,Holbox,Tour Isla Holbox,Grupal,19,1.0,Canada,,1122.18,21882.51,10.0,3.2,Tarjeta debito,Completada,G022,Media,10,2022,cliente788@yahoo.com
RES00346,2021-06-06,Akumal,Cenote Yalku,Grupal,4,1.0,Italia,Español,829.99,3734.95,,3.0,Paypal,Completada,,Media,6,2021,cliente6561@yahoo.com
RES00815,2021-07-31,Uxmal,Ruta Puuc,Privado,4,2.0,Mexico,Español,1960.4,-9802.0,5.0,5.0,Tarjeta debito,Completada,G037,Alta,7,2021,cliente5609@hotmail.com
RES04808,2021-08-15,Merida,Centro Historico Merida,Grupal,4,0.0,Canada,Frances,899.68,3598.72,4.7,5.0,Tarjeta credito,Completada,G026,Alta,8,2021,cliente5767@gmail.com
RES03206,2022-04-13,Cozumel,Buceo Arrecife Palancar,Grupal,9,3.0,Estados Unidos,Ingles,1291.41,13559.81,5.0,4.2,Tarjeta debito,Completada,,Alta,4,2022,cliente5126@outlook.com
RES05008,2021-07-04,Playa del Carmen,Quinta Avenida + Cozumel,Privado,4,2.0,Brasil,Ingles,1572.62,7863.1,3.4,3.7,Efectivo,Completada,G026,Alta,7,2021,cliente3208@icloud.com
RES05786,2023-12-27,Uxmal,Uxmal + Kabah,Grupal,5,1.0,Estados Unidos,Español,1208.4,6646.2,4.8,5.0,Tarjeta credito,Completada,G013,Alta,12,2023,cliente8270@gmail.com
RES03326,2022-01-29,Uxmal,Uxmal + Kabah,Privado,3,1.0,Argentina,Español,1264.75,4426.62,10.1,4.6,Transferencia,Completada,,Baja,1,2022,cliente3996@icloud.com
RES04107,2023-03-20,Playa del Carmen,Xel-Ha,Privado,4,0.0,Alemania,Español,1548.08,6192.32,6.8,4.2,Tarjeta credito,Pendiente,G015,Alta,3,2023,cliente6193@icloud.com
RES02117,2022-08-16,Uxmal,Uxmal + Kabah,Privado,4,0.0,Estados Unidos,Español,1718.14,6872.56,4.7,4.7,Efectivo,Completada,G022,Alta,8,2022,cliente9903@icloud.com
RES01835,2021-03-23,Merida,Centro Historico Merida,Grupal,16,5.0,Mexico,Español,881.68,16311.08,8.0,,Tarjeta credito,Completada,G014,Alta,3,2021,cliente3708@yahoo.com
RES00794,2023-06-11,Tulum,Ruinas de Tulum,Grupal,17,1.0,Alemania,Portugues,1006.55,17614.62,7.4,2.7,Tarjeta debito,Completada,G036,Media,6,2023,usuario.dominio.com
RES05976,2021-12-08,Tulum,Sian Ka'an,Grupal,4,,Canada,Ingles,1179.51,5897.55,3.3,4.8,Efectivo,Completada,G032,Alta,12,2021,cliente4115@hotmail.com
RES02675,2021-10-24,Akumal,Cenote Yalku,Grupal,8,3.0,Reino Unido,Ingles,763.7,7255.15,3.5,4.3,,Completada,G025,Media,10,2021,cliente4616@hotmail.com
RES00095,2022-03-30,,Valladolid + Chichen Itza,Privado,4,0.0,Mexico,Ingles,2200.05,8800.2,5.1,4.9,Transferencia,Completada,G025,Alta,3,2022,cliente4936@gmail.com
RES04226,2023-08-27,Chichen Itza,Valladolid + Chichen Itza,Privado,1,0.0,,Aleman,2201.71,2201.71,10.3,5.0,,Pendiente,G002,Alta,8,2023,cliente6977@hotmail.com
RES03757,2023-07-23,Cancun,Snorkel Arrecife,Grupal,13,0.0,Mexico,Aleman,962.06,12506.78,8.5,4.9,Efectivo,Cancelada,G040,Alta,7,2023,cliente3062@yahoo.com
RES02892,2023-08-08,Cancun,Isla Mujeres,Grupal,17,1.0,Brasil,Español,954.2,16698.5,4.2,,Efectivo,Completada,G040,Alta,8,2023,cliente1787@gmail.com
RES02372,2023-12-01,Playa del Carmen,Quinta Avenida + Cozumel,Grupal,16,3.0,Estados Unidos,Ingles,945.83,16552.03,3.0,4.8,Paypal,Completada,G033,Alta,12,2023,
RES04995,2023-09-08,Cozumel,Snorkel El Cielo,Grupal,16,1.0,Estados Unidos,Italiano,876.06,-14454.99,3.1,2.9,Tarjeta credito,Completada,G004,Baja,9,2023,cliente102@gmail.com
RES05345,2021-03-21,Uxmal,Ruta Puuc,Privado,1,0.0,Estados Unidos,Español,1880.87,1880.87,8.3,4.9,,Completada,G026,Alta,3,2021,cliente5479@gmail.com
RES03229,2022-06-04,Holbox,Tour Isla Holbox,Grupal,6,1.0,Mexico,Ingles,1089.46,7081.49,4.4,5.0,Tarjeta debito,Completada,G038,Media,6,2022,usuario@
RES05377,2022-03-19,Chichen Itza,Valladolid + Chichen Itza,Grupal,7,3.0,Mexico,Frances,1336.7,11361.95,9.4,4.6,Tarjeta credito,Completada,G002,Alta,3,2022,cliente6188@outlook.com
RES02854,2021-10-26,Cancun,Zona Hotelera Tour,Privado,1,0.0,Alemania,Ingles,1231.79,1231.79,7.0,5.0,Paypal,Confirmada,G007,Media,10,2021,cliente235@outlook.com
RES02913,2021-02-24,Uxmal,Uxmal + Kabah,Privado,3,,Mexico,,1273.38,4456.83,3.3,4.6,Tarjeta credito,Completada,G033,Baja,2,2021,cliente1495@icloud.com
RES01866,2021-04-23,Akumal,Snorkel Tortugas Akumal,Grupal,12,1.0,Reino Unido,Ingles,971.36,12142.0,6.2,3.6,Tarjeta credito,Completada,G015,Alta,4,2021,cliente4842@gmail.com
RES04613,2022-03-27,Holbox,Punta Mosquito,Grupal,8,2.0,Colombia,Ingles,1329.18,11962.62,7.1,4.2,Transferencia,Completada,G031,Alta,3,2022,cliente2986@gmail.com
RES01858,2021-01-08,Tulum,Ruinas de Tulum,Privado,3,0.0,Mexico,Aleman,1168.55,3505.65,4.6,3.7,Crypto,Completada,G014,Baja,1,2021,cliente9239@gmail.com
RES02646,2023-12-25,Bacalar,Fuerte de San Felipe,Grupal,8,0.0,Francia,Ingles,1085.04,8680.32,4.5,,Tarjeta credito,Pendiente,G013,Alta,12,2023,cliente6886@gmail.com
RES02244,2024-03-31,Uxmal,Ruta Puuc,Grupal,15,2.0,Italia,Español,1136.57,18185.12,5.2,4.2,Transferencia,Confirmada,G011,Alta,3,2024,cliente4368@hotmail.com
RES02337,2021-08-12,Bacalar,Fuerte de San Felipe,Privado,1,0.0,Francia,Ingles,1732.79,1732.79,7.7,4.0,Tarjeta credito,Completada,G014,Alta,8,2021,cliente2012@yahoo.com
RES00951,2022-06-02,Uxmal,Ruta Puuc,Privado,3,1.0,Francia,Aleman,1387.0,4854.5,3.0,4.9,Efectivo,Cancelada,G022,Media,6,2022,cliente805@outlook.com
RES03069,2022-04-03,Holbox,Tour Isla Holbox,Privado,3,0.0,Canada,Portugues,1865.8,5597.4,,5.0,Transferencia,Completada,G015,Alta,4,2022,
RES01121,2024-02-17,Uxmal,Ruta Puuc,Grupal,6,3.0,Francia,Aleman,846.96,6352.2,7.7,4.1,,Completada,G028,Baja,2,2024,
RES02598,2021-11-12,Akumal,Cenote Yalku,Grupal,13,5.0,Mexico,Español,876.25,13581.88,2.9,4.7,Tarjeta debito,Completada,G040,Media,11,2021,cliente8187@gmail.com
RES02205,2024/02/24,Cozumel,Snorkel El Cielo,Privado,1,0.0,Mexico,Español,1533.25,1533.25,7.4,4.8,Paypal,Confirmada,G035,Baja,2,2024,cliente5269@yahoo.com
RES00420,2023-02-07,Merida,Centro Historico Merida,Grupal,20,6.0,Alemania,Frances,555.37,12773.51,5.1,3.4,Efectivo,Confirmada,G016,Baja,2,2023,cliente4645@yahoo.com
RES00923,2022-04-14,Cancun,Laguna Nichupte,Grupal,9,0.0,Estados Unidos,Español,855.51,7699.59,5.3,5.0,Efectivo,Cancelada,G021,Alta,4,2022,cliente6120@yahoo.com
RES01255,2023-06-30,Merida,Haciendas del Mayab,Grupal,19,7.0,Colombia,Español,645.43,14522.17,9.5,3.6,Transferencia,Confirmada,G035,Media,6,2023,cliente9183@icloud.com
RES00478,2021-07-06,Cancun,Isla Mujeres,Privado,1,0.0,Mexico,Frances,1316.8,1316.8,4.9,5.0,Transferencia,Confirmada,G005,Alta,7,2021,cliente3967@gmail.com
RES02036,2022-11-30,Bacalar,Laguna de los 7 Colores,Grupal,18,2.0,Estados Unidos,Español,896.18,17027.42,7.1,4.9,Efectivo,Completada,G029,Media,11,2022,cliente3575@hotmail.com
RES01203,2022-02-10,Tulum,Cenote Dos Ojos,Grupal,10,5.0,Estados Unidos,Español,808.2,10102.5,10.2,5.0,Paypal,Completada,G002,Baja,2,2022,cliente5281@yahoo.com
RES02627,2022-04-05,Cozumel,Snorkel El Cielo,Grupal,6,0.0,Brasil,Aleman,1370.21,8221.26,6.4,4.4,Tarjeta debito,Completada,G029,Alta,4,2022,cliente9039@yahoo.com
RES05811,2023-08-15,Uxmal,Uxmal + Kabah,Privado,2,1.0,Holanda,Ingles,1851.19,4627.98,3.4,5.0,Crypto,Completada,G022,Alta,8,2023,cliente7560@hotmail.com
RES01971,2023-11-08,Holbox,Tour Isla Holbox,Privado,2,1.0,Japon,Español,1647.76,4119.4,6.6,5.0,Tarjeta debito,Completada,G012,Media,11,2023,cliente7217@icloud.com
RES03111,2021-10-07,Merida,Izamal + Merida,Grupal,10,3.0,Suecia,Ingles,759.27,8731.6,7.9,3.2,Paypal,Completada,G005,Media,10,2021,cliente3799@gmail.com
RES04019,2021-10-23,Akumal,Cenote Yalku,Grupal,5,,Holanda,Ingles,783.92,4311.56,4.0,4.0,Tarjeta credito,Completada,G006,Media,10,2021,cliente9153@icloud.com
RES02152,2023-07-07,Cancun,Zona Hotelera Tour,Grupal,18,9.0,Brasil,Español,867.91,19527.97,5.6,3.3,Efectivo,Completada,G039,Alta,7,2023,cliente1852@gmail.com
RES03688,2022-10-03,Bacalar,Fuerte de San Felipe,Grupal,11,3.0,Estados Unidos,Ingles,946.1,11826.25,10.3,,Efectivo,Cancelada,G034,Media,10,2022,cliente5887@icloud.com
RES04917,2021-06-13,Holbox,Avistamiento Tiburon Ballena,Grupal,9,2.0,Francia,Aleman,974.72,9747.2,3.3,,Efectivo,Completada,G017,Media,6,2021,cliente1426@icloud.com
RES01998,2022-06-09,Tulum,Ruinas de Tulum,Privado,2,0.0,Estados Unidos,Español,1363.14,2726.28,5.7,5.0,Tarjeta credito,Completada,G030,Media,6,2022,cliente2301@hotmail.com
RES04034,2024-02-22,Tulum,Ruinas de Tulum,Privado,2,1.0,Suecia,Español,1301.9,3254.75,3.2,5.0,Crypto,Completada,,Baja,2,2024,cliente8278@icloud.com
RES05923,2023-08-14,Akumal,Cenote Yalku,Grupal,4,0.0,Estados Unidos,Español,902.79,3611.16,6.7,3.9,Tarjeta credito,Confirmada,G002,Alta,8,2023,cliente3899@gmail.com
RES03055,2023-07-26,Cozumel,Tour Isla Cozumel,Privado,1,0.0,Mexico,Español,2035.0,2035.0,3.2,4.9,Tarjeta credito,Completada,G014,Alta,7,2023,cliente8206@gmail.com
RES01249,2021-12-07,Playa del Carmen,Quinta Avenida + Cozumel,Grupal,4,1.0,Mexico,Español,989.95,4454.78,7.7,1.2,Tarjeta debito,Pendiente,G029,Alta,12,2021,cliente870@yahoo.com
RES02193,2022-11-11,Tulum,Sian Ka'an,Grupal,6,3.0,Mexico,Español,896.64,6724.8,8.4,4.8,Tarjeta debito,Completada,G032,Media,11,2022,cliente6317@icloud.com
RES02713,2023-02-12,Merida,Izamal + Merida,Privado,4,0.0,Argentina,Español,836.95,3347.8,4.4,4.3,Transferencia,Completada,G037,Baja,2,2023,cliente5917@icloud.com
RES00993,2023-08-04,Playa del Carmen,Quinta Avenida + Cozumel,Grupal,12,3.0,Canada,Italiano,961.14,12975.39,3.2,,Tarjeta credito,Completada,G028,Alta,8,2023,cliente2268@outlook.com
RES02191,2021-05-31,,Uxmal + Kabah,Privado,2,0.0,Mexico,Español,1529.05,3058.1,6.6,4.3,Tarjeta credito,Completada,,Media,5,2021,cliente1619@gmail.com
RES04671,2024-02-03,Chichen Itza,Chichen Itza + Cenote Ik Kil,Grupal,15,6.0,Estados Unidos,Ingles,938.96,16901.28,8.4,1.0,Paypal,Cancelada,G001,Baja,2,2024,cliente2236@icloud.com
RES03763,2022-01-31,Cancun,Laguna Nichupte,Privado,4,1.0,Colombia,Portugues,1010.93,4549.18,7.2,4.9,Efectivo,Completada,G003,Baja,1,2022,cliente5483@yahoo.com
RES03598,2021-10-27,Bacalar,Fuerte de San Felipe,Grupal,15,6.0,,Español,857.48,15434.64,7.8,4.3,Tarjeta credito,Completada,G031,Media,10,2021,cliente7723@outlook.com
RES04712,2021-09-10,Akumal,Snorkel Tortugas Akumal,Grupal,14,5.0,Canada,Español,672.48,11095.92,8.3,1.3,Efectivo,Completada,G008,Baja,9,2021,cliente3327@outlook.com
RES01319,2022-08-02,Chichen Itza,Chichen Itza + Cenote Ik Kil,Privado,2,0.0,Estados Unidos,Español,2113.44,4226.88,7.7,3.0,Efectivo,Completada,G018,Alta,8,2022,cliente4167@icloud.com
RES01864,2021-09-11,Akumal,Snorkel Tortugas Akumal,privado,2,1.0,Mexico,Ingles,1095.02,2737.55,10.0,4.3,,Completada,G035,Baja,9,2021,cliente904@hotmail.com
RES02344,2023-08-27,Cozumel,Buceo Arrecife Palancar,Grupal,18,5.0,Mexico,Español,1432.44,29365.02,10.2,4.8,Efectivo,Completada,G032,Alta,8,2023,cliente7578@icloud.com
RES02450,2021-06-04,Uxmal,Uxmal + Kabah,Grupal,14,3.0,Canada,Español,923.57,14315.34,2.9,4.9,Transferencia,Completada,G016,Media,6,2021,cliente6108@hotmail.com
RES02137,2023-12-14,Chichen Itza,Chichen Itza + Cenote Ik Kil,Privado,4,0.0,Mexico,Italiano,2044.29,8177.16,9.5,4.9,Efectivo,Completada,G016,Alta,12,2023,cliente6800@gmail.com
RES01066,2021-11-11,Cozumel,Tour Isla Cozumel,Privado,2,1.0,Brasil,Español,1541.53,3853.82,7.8,4.4,Tarjeta credito,Cancelada,G038,Media,11,2021,cliente8047@outlook.com
RES05991,2023-07-30,Tulum,Cenote Gran Cenote,Privado,4,0.0,Mexico,Español,1713.73,6854.92,4.7,5.0,Tarjeta credito,Confirmada,G040,Alta,7,2023,cliente9812@hotmail.com
RES04228,2021-03-14,Bacalar,Laguna de los 7 Colores,Grupal,9,4.0,Argentina,Ingles,1047.43,11521.73,,4.2,Efectivo,Completada,G022,Alta,3,2021,cliente1266@hotmail.com
RES02622,2021-12-24,Uxmal,Ruta Puuc,Privado,1,0.0,Estados Unidos,Italiano,1973.1,1973.1,9.4,3.1,Efectivo,Completada,G026,Alta,12,2021,cliente5167@hotmail.com
RES00078,2023-08-25,Bacalar,Fuerte de San Felipe,Privado,2,0.0,Suiza,Aleman,1686.18,3372.36,7.7,4.1,Transferencia,Pendiente,G020,Alta,8,2023,cliente9365@outlook.com
RES02899,2022-12-14,Uxmal,Uxmal + Kabah,Privado,4,2.0,Estados Unidos,Español,1725.25,8626.25,9.4,5.0,Tarjeta credito,Completada,G017,Alta,12,2022,cliente8331@hotmail.com
RES04821,2021-02-13,Cozumel,Buceo Arrecife Palancar,Grupal,20,1.0,Brasil,Ingles,935.87,19185.33,4.8,4.1,Tarjeta debito,Completada,G018,Baja,2,2021,cliente1287@yahoo.com
RES01315,2022-03-07,Cozumel,Snorkel El Cielo,Grupal,7,,Estados Unidos,Español,1436.53,11492.24,4.5,5.0,Tarjeta credito,Confirmada,G037,Alta,3,2022,cliente8357@icloud.com
RES05365,2021-05-14,Playa del Carmen,Xel-Ha,Privado,2,0.0,Reino Unido,Español,1345.95,2691.9,5.1,4.8,Efectivo,Pendiente,G029,Media,5,2021,cliente7151@icloud.com
RES00873,2021-02-20,Uxmal,Ruta Puuc,Grupal,4,0.0,Estados Unidos,Ingles,838.14,3352.56,7.5,4.8,Transferencia,Completada,G040,Baja,2,2021,cliente7573@outlook.com
RES03851,2021-08-24,Merida,Centro Historico Merida,Privado,3,0.0,Mexico,Español,1317.12,3951.36,6.5,,Tarjeta credito,Pendiente,G013,Alta,8,2021,cliente2725@icloud.com
RES05776,2021-04-08,Holbox,Punta Mosquito,Privado,3,1.0,Mexico,Español,1804.76,6316.66,9.8,4.6,Tarjeta credito,Confirmada,G010,Alta,4,2021,@dominio.com
RES02966,2022-05-14,Merida,Izamal + Merida,Grupal,5,2.0,Estados Unidos,Aleman,729.57,4377.42,7.1,3.9,Transferencia,Completada,G030,Media,5,2022,cliente3568@yahoo.com
RES03392,2021-04-27,Playa del Carmen,Xcaret,Grupal,7,3.0,Suecia,Ingles,1007.89,8567.07,8.3,1.7,Tarjeta debito,Pendiente,G018,Alta,4,2021,cliente7529@hotmail.com
RES02561,2023-01-06,Cancun,Isla Mujeres,Grupal,6,1.0,Canada,Aleman,647.98,4211.87,5.5,4.1,Efectivo,Completada,G021,Baja,1,2023,cliente631@yahoo.com
RES05916,2023-02-07,Uxmal,Uxmal + Kabah,Privado,1,0.0,Brasil,Español,1195.94,1195.94,5.1,4.8,,Confirmada,G007,Baja,2,2023,cliente1488@gmail.com
RES02636,2024-02-13,Cancun,Laguna Nichupte,Grupal,8,0.0,Alemania,Ingles,656.0,5248.0,7.8,4.6,Tarjeta credito,Completada,G006,Baja,2,2024,cliente9793@yahoo.com
RES03531,2021-10-09,Uxmal,Uxmal + Kabah,Grupal,15,4.0,Mexico,Frances,1087.36,18485.12,9.6,5.0,Tarjeta credito,Pendiente,G035,Media,10,2021,cliente885@hotmail.com
RES00376,2023-07-21,Cancun,Snorkel Arrecife,Privado,3,0.0,Reino Unido,Español,1317.21,3951.63,4.8,3.9,Transferencia,Completada,G012,Alta,7,2023,cliente3753@icloud.com
RES01909,2023-06-05,Tulum,Ruinas de Tulum,Grupal,11,5.0,Reino Unido,Español,954.38,12884.13,5.2,,Efectivo,Completada,G001,Media,6,2023,cliente9719@hotmail.com
RES04430,2021-09-30,Cozumel,Buceo Arrecife Palancar,Grupal,15,0.0,Mexico,Español,884.17,13262.55,9.0,3.3,Transferencia,Completada,,Baja,9,2021,cliente3074@gmail.com
RES05214,2022-06-15,Merida,Izamal + Merida,Privado,4,2.0,España,Italiano,1148.56,5742.8,8.3,3.6,Transferencia,Cancelada,G002,Media,6,2022,
RES05272,2021-05-07,Bacalar,Fuerte de San Felipe,Privado,1,0.0,Colombia,Español,1357.13,1357.13,7.6,5.0,Efectivo,Completada,G003,Media,5,2021,cliente6515@hotmail.com
RES04028,2023-03-30,Tulum,Ruinas de Tulum,GRUPAL,15,3.0,Mexico,Frances,1192.7,19679.55,4.2,4.6,Efectivo,Completada,G039,Alta,3,2023,cliente4553@outlook.com
RES01605,2021-04-05,Merida,Izamal + Merida,Grupal,14,4.0,Japon,Español,806.3,12900.8,3.7,5.0,Paypal,Completada,G009,Alta,4,2021,cliente5853@icloud.com
RES01119,2022-03-17,Cozumel,Tour Isla Cozumel,Grupal,17,5.0,Estados Unidos,Español,1226.51,23916.94,8.4,4.7,Efectivo,Completada,,Alta,3,2022,
RES03678,2022-08-26,Playa del Carmen,Xel-Ha,Privado,4,2.0,Italia,Ingles,1438.21,7191.05,3.0,5.0,Paypal,Completada,G035,Alta,8,2022,cliente2553@icloud.com
RES03491,2022-07-08,Bacalar,Laguna de los 7 Colores,Grupal,4,0.0,Estados Unidos,Ingles,1035.75,4143.0,9.7,,Tarjeta debito,Completada,G039,Alta,7,2022,cliente8411@gmail.com
RES05875,2022-03-14,Cozumel,Snorkel El Cielo,Grupal,-17,4.0,Francia,,1330.79,25285.01,,2.7,Tarjeta debito,Completada,G015,Alta,3,2022,cliente6092@icloud.com
RES02959,2022-09-11,Cancun,Zona Hotelera Tour,Grupal,18,0.0,,Español,589.62,10613.16,10.2,2.9,Efectivo,Confirmada,G020,Baja,9,2022,cliente8582@hotmail.com
RES01995,2022-04-19,Tulum,Sian Ka'an,Grupal,18,,Estados Unidos,Español,1205.02,24702.91,4.1,2.9,Efectivo,Confirmada,G024,Alta,4,2022,cliente6696@outlook.com
RES05986,2022-10-24,Tulum,Sian Ka'an,Grupal,4,0.0,Suecia,Español,1026.48,4105.92,4.1,4.2,Tarjeta credito,Cancelada,G022,Media,10,2022,cliente6188@gmail.com
RES05588,2021-06-02,Bacalar,Laguna de los 7 Colores,Grupal,15,3.0,Reino Unido,Español,947.1,15627.15,9.9,4.2,Tarjeta credito,Completada,,Media,6,2021,cliente8569@outlook.com
RES02377,2021-07-06,Playa del Carmen,Quinta Avenida + Cozumel,Privado,1,0.0,Francia,Español,1490.9,1490.9,,4.9,Tarjeta credito,Completada,G036,Alta,7,2021,cliente9571@outlook.com
RES01343,2021-05-17,Akumal,Cenote Yalku,Privado,4,1.0,Francia,Portugues,1224.81,5511.64,9.1,5.0,,Completada,G012,Media,5,2021,cliente5934@outlook.com
RES00321,2023-06-21,Holbox,Tour Isla Holbox,Grupal,14,6.0,Mexico,Ingles,1072.85,18238.45,8.9,5.0,Paypal,Completada,,Media,6,2023,cliente5041@yahoo.com
RES01620,2021-04-09,Tulum,Cenote Gran Cenote,Privado,2,1.0,Estados Unidos,Ingles,1701.97,4254.93,9.6,5.0,Crypto,Confirmada,G009,Alta,4,2021,cliente8097@icloud.com
RES03714,2022-02-18,Playa del Carmen,Quinta Avenida + Cozumel,Grupal,15,1.0,Canada,Español,763.16,11828.98,5.0,5.0,Tarjeta debito,Pendiente,G023,Baja,2,2022,cliente5752@hotmail.com
RES02061,2024-02-17,Uxmal,Uxmal + Kabah,Privado,3,1.0,Canada,Ingles,1237.71,4331.99,,5.0,Tarjeta debito,Completada,G037,Baja,2,2024,
RES02220,2022-06-20,Chichen Itza,Valladolid + Chichen Itza,Grupal,6,3.0,Canada,Ingles,1309.37,9820.27,9.3,5.0,Paypal,Pendiente,G031,Media,6,2022,cliente8714@hotmail.com
RES01674,2024-03-17,Bacalar,Kayak Canales,Privado,2,1.0,Reino Unido,Español,1537.45,3843.62,9.1,3.4,Tarjeta credito,Completada,G012,Alta,3,2024,
RES00261,2023-10-26,Tulum,Cenote Dos Ojos,Grupal,5,0.0,Mexico,Español,930.22,4651.1,6.7,5.0,Efectivo,Confirmada,G007,Media,10,2023,cliente7762@outlook.com
RES05560,2024-03-29,Chichen Itza,Valladolid + Chichen Itza,Privado,4,2.0,Brasil,Ingles,2191.57,10957.85,6.9,,Tarjeta debito,Pendiente,G031,Alta,3,2024,cliente820@icloud.com
RES02040,2022-11-21,Playa del Carmen,Quinta Avenida + Cozumel,Grupal,14,1.0,Canada,Español,784.29,11372.2,9.2,5.0,Tarjeta credito,Completada,G010,Media,11,2022,cliente7695@outlook.com
RES04786,2023-08-17,Playa del Carmen,Xcaret,GRUPAL,17,2.0,Estados Unidos,Ingles,1098.1,19765.8,3.0,5.0,Tarjeta credito,Completada,G011,Alta,8,2023,usuario.dominio.com
RES00902,2021-04-23,Tulum,Cenote Gran Cenote,Privado,2,0.0,Argentina,Ingles,1705.47,3410.94,7.2,5.0,Efectivo,Cancelada,G024,Alta,4,2021,cliente3006@icloud.com
RES03745,2022-05-11,Cancun,Laguna Nichupte,Privado,3,0.0,Australia,Ingles,1223.02,3669.06,5.2,5.0,Tarjeta credito,Completada,G021,Media,5,2022,cliente5153@yahoo.com
RES02027,2021-07-27,Bacalar,Fuerte de San Felipe,Grupal,5,0.0,Mexico,Español,1185.2,5926.0,6.5,5.0,Tarjeta credito,Completada,G014,Alta,7,2021,cliente5616@hotmail.com
RES04235,2022-09-11,Chichen Itza,Valladolid + Chichen Itza,Grupal,13,1.0,Italia,Español,1111.5,15005.25,10.5,3.8,Efectivo,Completada,G009,Baja,9,2022,cliente6859@gmail.com
RES01918,2023-07-18,Tulum,Sian Ka'an,Grupal,12,3.0,Canada,Español,1174.0,15849.0,6.9,4.1,Tarjeta credito,Completada,G001,Alta,7,2023,cliente8912@yahoo.com
RES01829,2021-10-04,Chichen Itza,Valladolid + Chichen Itza,Grupal,14,7.0,Alemania,Ingles,1197.17,20950.48,3.7,4.3,Efectivo,Pendiente,G006,Media,10,2021,cliente3224@yahoo.com
RES01574,2022-03-03,Chichen Itza,Chichen Itza + Cenote Ik Kil,Grupal,13,4.0,Francia,Español,1578.72,23680.8,7.1,4.8,Crypto,Completada,G016,Alta,3,2022,cliente6285@gmail.com
RES04416,2023-09-04,Playa del Carmen,Xcaret,Grupal,7,2.0,Mexico,Portugues,688.42,5507.36,8.1,2.0,Tarjeta debito,Confirmada,G019,Baja,9,2023,cliente9960@yahoo.com
RES04750,2021-05-29,Playa del Carmen,Xel-Ha,Privado,4,0.0,Estados Unidos,Ingles,1207.6,4830.4,3.1,1.0,Tarjeta credito,Completada,G013,Media,5,2021,cliente2078@yahoo.com
RES05292,2023-06-17,Akumal,Snorkel Tortugas Akumal,Privado,1,0.0,Reino Unido,Aleman,1257.71,1257.71,6.0,5.0,Tarjeta debito,Completada,G036,Media,6,2023,cliente3236@gmail.com
RES04655,2022-11-26,Holbox,Avistamiento Tiburon Ballena,Privado,2,1.0,Reino Unido,Español,1602.56,4006.4,4.9,3.2,efectivo,Completada,G037,Media,11,2022,
RES04209,2022-10-22,Merida,Izamal + Merida,Grupal,10,5.0,Francia,Ingles,716.66,8958.25,,3.6,Tarjeta debito,Completada,G037,Media,10,2022,cliente8236@hotmail.com
RES04628,2021-07-12,Akumal,Cenote Yalku,Grupal,18,4.0,Francia,Ingles,954.95,19099.0,10.4,4.2,Transferencia,Completada,G040,Alta,7,2021,cliente6935@outlook.com
RES00225,2021-08-26,Holbox,Avistamiento Tiburon Ballena,Privado,2,1.0,Reino Unido,Ingles,2018.22,5045.55,8.6,4.4,Tarjeta credito,Completada,G020,Alta,8,2021,cliente9487@gmail.com
RES00724,2021-08-13,Akumal,Cenote Yalku,Grupal,16,3.0,España,Portugues,1013.49,17736.08,5.8,5.0,Efectivo,Completada,G018,Alta,8,2021,cliente7232@icloud.com
RES05413,2022-12-25,Cancun,Snorkel Arrecife,Grupal,18,1.0,Estados Unidos,Ingles,927.2,17153.2,2.8,3.6,,Completada,G003,Alta,12,2022,cliente5070@hotmail.com
RES01142,2021-06-24,Merida,Izamal + Merida,Privado,3,1.0,Mexico,Español,1066.52,3732.82,3.1,4.9,Efectivo,Cancelada,G006,Media,6,2021,cliente6064@hotmail.com
RES02763,2023-06-29,Playa del Carmen,Xel-Ha,Grupal,19,3.0,,Español,803.18,16465.19,3.7,3.8,,Completada,G014,Media,6,2023,cliente8225@outlook.com
RES00847,2022-11-25,Cozumel,Buceo Arrecife Palancar,Grupal,20,7.0,Francia,Ingles,1206.65,28356.28,8.6,4.7,Tarjeta credito,Pendiente,G008,Media,11,2022,cliente9913@icloud.com
RES04290,2021-09-06,Bacalar,Kayak Canales,Grupal,7,1.0,Estados Unidos,Ingles,730.95,5482.12,7.8,,Tarjeta credito,Pendiente,G005,Baja,9,2021,cliente7899@hotmail.com
RES05043,2021-03-17,Tulum,Ruinas de Tulum,Privado,1,0.0,Mexico,Español,1821.04,1821.04,7.4,4.2,Transferencia,Confirmada,G021,Alta,3,2021,cliente9666@gmail.com
RES02552,05-30-2023,Cozumel,Tour Isla Cozumel,Grupal,12,3.0,Francia,Español,1023.1,13811.85,8.3,3.6,Efectivo,Confirmada,G040,Media,5,2023,cliente5608@hotmail.com
RES02929,2023-05-05,Akumal,Cenote Yalku,privad,2,0.0,Estados Unidos,Aleman,1225.4,2450.8,7.9,,Efectivo,Confirmada,G008,Media,5,2023,cliente5115@outlook.com
RES00118,2023-01-19,Merida,Centro Historico Merida,Privado,1,0.0,Mexico,Ingles,847.45,847.45,4.4,3.9,Efectivo,Completada,G015,Baja,1,2023,cliente3760@yahoo.com
RES00646,2023-11-14,Chichen Itza,Valladolid + Chichen Itza,Grupal,9,1.0,Estados Unidos,,1256.86,11940.17,8.2,2.4,Efectivo,Completada,G036,Media,11,2023,cliente2964@hotmail.com
RES00004,2024-03-13,Merida,Haciendas del Mayab,Grupal,17,1.0,Francia,Español,890.79,15588.82,6.5,3.8,Tarjeta credito,Completada,G010,Alta,3,2024,cliente9683@gmail.com
RES04171,2023-06-25,Bacalar,Laguna de los 7 Colores,Privado,1,0.0,Mexico,Español,1406.46,1406.46,6.1,4.1,Tarjeta credito,Completada,G009,Media,6,2023,cliente975@gmail.com
RES00468,2022-06-07,Bacalar,Kayak Canales,Privado,3,0.0,Canada,Español,1280.51,3841.53,8.6,4.2,Tarjeta credito,Completada,G001,Media,6,2022,cliente9268@hotmail.com
RES00006,2022-02-05,Playa del Carmen,Xcaret,Privado,3,0.0,Francia,Ingles,1091.09,3273.27,9.2,4.3,Tarjeta credito,Pendiente,G037,Baja,2,2022,cliente789@outlook.com
RES00920,2022-04-15,Merida,Centro Historico Merida,Grupal,14,2.0,Estados Unidos,Ingles,848.52,12727.8,10.4,4.1,Efectivo,Completada,G036,Alta,4,2022,cliente2912@icloud.com
RES02596,2022-10-21,Merida,Izamal + Merida,Privado,2,1.0,Mexico,Español,1061.75,2654.38,3.5,5.0,Tarjeta debito,Completada,G009,Media,10,2022,cliente7957@yahoo.com
RES04325,2024-03-03,Tulum,Ruinas de Tulum,Privado,3,0.0,Mexico,Español,1799.59,5398.77,4.2,3.8,Efectivo,Completada,G011,Alta,3,2024,cliente4469@outlook.com
RES01064,2023-09-23,Holbox,Tour Isla Holbox,Grupal,7,2.0,Estados Unidos,Ingles,896.92,7175.36,10.1,4.8,Transferencia,Pendiente,,Baja,9,2023,cliente3858@icloud.com
RES02591,2021-02-14,Cozumel,Tour Isla Cozumel,Grupal,9,0.0,Japon,Español,1010.43,9093.87,4.1,5.0,,Cancelada,G010,Baja,2,2021,cliente1149@outlook.com
RES00243,2023-10-08,Cozumel,Snorkel El Cielo,Privado,2,0.0,Brasil,Español,1760.46,3520.92,10.5,5.0,Paypal,Completada,,Media,10,2023,cliente6099@yahoo.com
RES05245,2023-08-22,Chichen Itza,Valladolid + Chichen Itza,Grupal,12,3.0,Francia,Ingles,1481.07,19994.44,,4.7,Transferencia,Completada,G027,Alta,8,2023,cliente5523@yahoo.com
RES01161,2023-05-31,Cozumel,Snorkel El Cielo,Grupal,4,1.0,España,Ingles,1164.94,5242.23,9.5,4.3,Tarjeta credito,Completada,G003,Media,5,2023,cliente1214@hotmail.com
RES02871,2023-01-31,Tulum,Ruinas de Tulum,Grupal,16,4.0,Brasil,Español,844.91,15208.38,6.7,5.0,Tarjeta credito,Confirmada,G019,Baja,1,2023,cliente8612@outlook.com
RES03736,2021-04-22,Tulum,Cenote Dos Ojos,Grupal,6,2.0,Brasil,Español,1061.38,7429.66,,5.0,Tarjeta credito,Completada,G016,Alta,4,2021,cliente2403@yahoo.com
RES02398,2023-01-31,Cancun,Laguna Nichupte,Grupal,17,1.0,Mexico,Español,636.84,11144.7,,5.0,Paypal,Completada,G038,Baja,1,2023,cliente6333@yahoo.com
RES03518,2021-08-07,Playa del Carmen,Xcaret,Grupal,9,,Estados Unidos,Español,954.11,9541.1,4.9,4.4,Efectivo,Completada,G035,Alta,8,2021,cliente2867@yahoo.com
RES03422,2021-01-27,Merida,Haciendas del Mayab,Grupal,11,0.0,Mexico,Ingles,606.11,6667.21,7.5,,Crypto,Completada,G008,Baja,1,2021,cliente6968@hotmail.com
RES02564,2023-08-10,Cancun,Isla Mujeres,Privado,1,0.0,Mexico,Español,1302.21,1302.21,2.9,4.7,Efectivo,Cancelada,G001,Alta,8,2023,cliente6222@yahoo.com
RES01606,2023-10-21,Cancun,Isla Mujeres,Grupal,8,2.0,Italia,Español,698.34,6285.06,4.6,4.7,Tarjeta credito,Completada,G004,Media,10,2023,cliente3459@icloud.com
RES05823,2023-02-02,Merida,Haciendas del Mayab,Grupal,13,2.0,Canada,Portugues,647.22,9061.08,8.1,4.8,Efectivo,Completada,G012,Baja,2,2023,cliente8404@hotmail.com
RES02325,2023-04-08,Bacalar,Laguna de los 7 Colores,Grupal,12,3.0,Estados Unidos,Aleman,1069.96,14444.46,8.3,2.6,Efectivo,Cancelada,G008,Alta,4,2023,usuario@
RES02710,2021-02-24,Bacalar,Fuerte de San Felipe,Grupal,4,1.0,Reino Unido,Aleman,811.52,3651.84,9.1,3.8,Tarjeta debito,Confirmada,G037,Baja,2,2021,cliente6261@icloud.com
RES05298,2023-03-24,Bacalar,Laguna de los 7 Colores,Grupal,18,2.0,Mexico,Ingles,1022.54,19428.26,6.8,1.0,Tarjeta debito,Completada,G014,Alta,3,2023,cliente7279@gmail.com
RES01313,2023-06-22,Merida,Izamal + Merida,Grupal,20,4.0,Estados Unidos,Español,667.45,14683.9,6.9,3.7,Tarjeta credito,Completada,G021,Media,6,2023,cliente5426@yahoo.com
RES03449,2021-02-04,Bacalar,Fuerte de San Felipe,PRIVADO,1,0.0,Mexico,Español,1141.15,1141.15,6.8,2.9,Tarjeta credito,Completada,G013,Baja,2,2021,cliente3955@yahoo.com
RES03813,2024-03-24,Uxmal,Uxmal + Kabah,Grupal,9,3.0,Mexico,Italiano,1225.62,12869.01,3.8,3.8,,Completada,G038,Alta,3,2024,cliente5906@yahoo.com
RES05615,2024-02-09,Holbox,Avistamiento Tiburon Ballena,Grupal,20,2.0,Estados Unidos,Español,916.11,19238.31,8.9,5.0,Tarjeta debito,Completada,G040,Baja,2,2024,cliente7892@outlook.com
RES02363,2022/10/12,Merida,Haciendas del Mayab,Grupal,12,5.0,España,Aleman,742.0,10759.0,4.5,4.8,Tarjeta debito,Completada,G035,Media,10,2022,cliente9532@hotmail.com
RES01976,2023-01-22,Akumal,Cenote Yalku,Grupal,8,0.0,Argentina,Ingles,697.76,5582.08,10.4,4.8,Paypal,Completada,,Baja,1,2023,cliente5675@hotmail.com
RES03515,2023-07-18,Chichen Itza,Valladolid + Chichen Itza,Privado,1,0.0,Colombia,,2142.08,2142.08,10.2,4.6,Tarjeta credito,Completada,G021,Alta,7,2023,cliente8066@outlook.com
RES01762,2022-10-26,Playa del Carmen,Quinta Avenida + Cozumel,Grupal,6,3.0,Mexico,Español,807.79,6058.42,5.1,4.2,Transferencia,Completada,G022,Media,10,2022,cliente4558@yahoo.com
RES02740,2023-12-23,Merida,Izamal + Merida,Privado,1,0.0,Mexico,Español,1207.38,1207.38,8.7,1.7,Tarjeta credito,Completada,,Alta,12,2023,cliente4965@icloud.com
RES05622,2024-02-24,Holbox,Tour Isla Holbox,Privad0,4,2.0,Mexico,Español,1316.36,6581.8,3.3,5.0,Transferencia,Completada,G024,Baja,2,2024,cliente7820@icloud.com
RES02473,2022-09-07,Cozumel,Buceo Arrecife Palancar,Grupal,8,4.0,Argentina,Aleman,1026.39,10263.9,7.1,4.1,Efectivo,Completada,G008,Baja,9,2022,cliente773@outlook.com
RES04008,2021-10-13,Tulum,Ruinas de Tulum,Privado,4,0.0,Italia,Ingles,1312.24,5248.96,5.4,4.9,Tarjeta credito,Cancelada,G009,Media,10,2021,cliente2755@outlook.com
RES04719,2022-05-20,Merida,Centro Historico Merida,Grupal,11,1.0,Francia,Ingles,660.79,7599.08,4.8,5.0,Tarjeta credito,Completada,G025,Media,5,2022,cliente9004@gmail.com
RES01494,2021-09-12,Chichen Itza,Valladolid + Chichen Itza,Privado,1,0.0,Canada,Español,1596.17,1596.17,9.6,4.0,Paypal,Completada,G009,Baja,9,2021,usuario@
RES04207,2023-01-01,Cozumel,Snorkel El Cielo,Grupal,19,,Mexico,Ingles,909.96,19564.14,7.2,4.6,Efectivo,Completada,G018,Baja,1,2023,cliente426@gmail.com
RES02159,2023-12-01,Holbox,Tour Isla Holbox,Grupal,18,6.0,Estados Unidos,Portugues,1238.19,26001.99,3.1,5.0,Paypal,Completada,G003,Alta,12,2023,cliente4010@icloud.com
RES01170,2022-04-23,Cozumel,Tour Isla Cozumel,Grupal,12,2.0,Mexico,Italiano,1355.33,17619.29,6.8,,Tarjeta credito,Completada,G001,Alta,4,2022,cliente7013@gmail.com
RES05450,2023-07-11,Cozumel,Buceo Arrecife Palancar,Grupal,19,4.0,Suiza,Ingles,1341.06,28162.26,10.2,,Efectivo,Confirmada,G015,Alta,7,2023,cliente3822@outlook.com
RES00233,2022-02-06,Akumal,Snorkel Tortugas Akumal,Grupal,16,6.0,Mexico,Español,743.77,14131.63,8.3,1.3,Efectivo,Completada,G025,Baja,2,2022,cliente9096@yahoo.com
RES00067,2021-07-29,Uxmal,Uxmal + Kabah,Privado,1,0.0,Estados Unidos,Español,1927.02,1927.02,9.6,3.7,,Completada,G003,Alta,7,2021,cliente1054@yahoo.com
RES01604,2023/07/19,Akumal,Snorkel Tortugas Akumal,Grupal,8,2.0,Mexico,Español,1022.87,9205.83,8.7,3.9,Tarjeta credito,Completada,G029,Alta,7,2023,usuario.dominio.com
RES03284,2021-01-13,Holbox,Punta Mosquito,Grupal,12,0.0,Francia,Español,931.79,11181.48,5.9,5.0,Efectivo,Completada,G020,Baja,1,2021,cliente1783@outlook.com
RES03597,2021-07-04,Akumal,Snorkel Tortugas Akumal,Grupal,15,7.0,España,Italiano,934.67,17291.4,5.7,2.8,Tarjeta credito,Cancelada,G030,Alta,7,2021,cliente2337@gmail.com
RES04633,2021-04-15,Bacalar,Fuerte de San Felipe,Grupal,13,5.0,Estados Unidos,Español,,16662.97,8.6,4.2,Transferencia,Completada,G029,Alta,4,2021,cliente7976@hotmail.com
RES00126,2021-07-05,Tulum,Sian Ka'an,Grupal,8,3.0,Mexico,Ingles,1141.56,10844.82,10.4,5.0,Tarjeta credito,Cancelada,G035,Alta,7,2021,cliente2501@icloud.com
RES01297,2022-09-06,Cancun,Zona Hotelera Tour,Grupal,17,3.0,Belgica,Español,628.38,11625.03,6.4,3.8,Efectivo,Completada,G029,Baja,9,2022,cliente1172@gmail.com
RES01977,2021-05-27,Bacalar,Fuerte de San Felipe,Privado,2,1.0,Francia,Italiano,1453.58,3633.95,5.5,4.4,Tarjeta credito,Completada,G040,Media,5,2021,cliente893@gmail.com
RES05878,2021-08-11,Playa del Carmen,Xel-Ha,Grupal,10,1.0,Estados Unidos,Aleman,1005.03,10552.82,4.1,5.0,Efectivo,Completada,G029,Alta,8,2021,cliente270@outlook.com
RES05408,2024-03-11,Uxmal,Uxmal + Kabah,Grupal,17,5.0,Mexico,Español,1286.98,25096.11,5.4,1.0,Tarjeta credito,Completada,G027,Alta,3,2024,cliente326@gmail.com
RES02076,2022-10-15,Merida,Centro Historico Merida,Privado,4,2.0,Estados Unidos,Español,1011.07,5055.35,7.3,5.0,Efectivo,Completada,G031,Media,10,2022,cliente9173@gmail.com
RES04581,2022-08-05,Chichen Itza,Chichen Itza + Cenote Ik Kil,Grupal,9,,Canada,,1529.02,16819.22,6.5,5.0,Efectivo,Pendiente,G019,Alta,8,2022,cliente1617@yahoo.com
RES03087,2023-01-11,Chichen Itza,Chichen Itza + Cenote Ik Kil,Privado,3,0.0,Estados Unidos,Italiano,1561.64,4684.92,6.6,2.8,Tarjeta credito,Completada,G019,Baja,1,2023,cliente7707@hotmail.com
RES05228,2021-10-09,Uxmal,Uxmal + Kabah,Grupal,10,5.0,Australia,Italiano,1065.66,13320.75,6.5,5.0,Efectivo,Completada,G003,Media,10,2021,
RES03346,2023-09-19,Cancun,Isla Mujeres,Privado,1,0.0,Brasil,Español,893.11,893.11,9.3,5.0,,Completada,G040,Baja,9,2023,
RES05525,2023-12-05,Holbox,Punta Mosquito,Grupal,9,2.0,Francia,Ingles,1348.01,13480.1,5.1,5.0,Tarjeta credito,Completada,G025,Alta,12,2023,cliente6732@outlook.com
RES02798,2022-05-11,Bacalar,Fuerte de San Felipe,Grupal,6,0.0,Reino Unido,Español,919.96,5519.76,200.0,4.6,Transferencia,Completada,G024,Media,5,2022,cliente6307@icloud.com
RES00919,2022-07-20,Uxmal,Ruta Puuc,Grupal,15,2.0,Alemania,Ingles,1200.61,19209.76,7.0,5.0,Efectivo,Completada,G031,Alta,7,2022,cliente4829@yahoo.com
RES01647,2022-06-02,Cancun,Zona Hotelera Tour,Grupal,17,7.0,Francia,Español,,15134.53,7.5,3.6,Crypto,Completada,G038,Media,6,2022,cliente4510@yahoo.com
RES05123,2021-03-12,Holbox,Punta Mosquito,Grupal,4,2.0,Canada,Español,1254.88,6274.4,7.6,3.7,,Completada,G028,Alta,3,2021,cliente6107@icloud.com
RES05127,2023-10-14,Bacalar,Kayak Canales,Privado,2,0.0,Mexico,Italiano,1431.89,2863.78,5.7,3.8,Tarjeta credito,Completada,G030,Media,10,2023,cliente5479@outlook.com
RES04979,2022-05-08,Tulum,Ruinas de Tulum,Grupal,9,0.0,,Ingles,1034.27,9308.43,,4.7,Tarjeta credito,Completada,G031,Media,5,2022,cliente6703@hotmail.com
RES04622,2022-02-27,Cozumel,Snorkel El Cielo,Grupal,17,4.0,Estados Unidos,Portugues,980.0,18620.0,100.0,4.6,Transferencia,Completada,G019,Baja,2,2022,cliente3944@icloud.com
RES00365,2023-12-16,Chichen Itza,Chichen Itza + Cenote Ik Kil,Grupal,6,1.0,,Portugues,1358.81,8832.26,7.9,3.6,Paypal,Completada,G006,Alta,12,2023,cliente8542@gmail.com
RES03288,2023-10-26,Merida,Centro Historico Merida,Grupal,13,2.0,Holanda,,749.01,10486.14,5.0,3.9,Efectivo,Completada,G040,Media,10,2023,cliente6123@yahoo.com
RES02126,2022-02-07,Chichen Itza,Valladolid + Chichen Itza,Privado,4,,Mexico,Ingles,1558.31,7012.39,4.3,4.7,Efectivo,Cancelada,G009,Baja,2,2022,cliente6623@hotmail.com
RES04124,2021-01-25,Playa del Carmen,Xel-Ha,Grupal,5,1.0,Brasil,Español,790.36,4346.98,6.8,4.6,Tarjeta debito,Cancelada,G019,Baja,1,2021,cliente7427@yahoo.com
RES04570,2021-06-12,Holbox,Punta Mosquito,Grupal,13,3.0,Mexico,Ingles,1001.21,14517.55,3.9,5.0,Tarjeta debito,Confirmada,G035,Media,6,2021,cliente8021@hotmail.com
RES00526,2024-03-11,Tulum,Cenote Dos Ojos,Grupal,10,5.0,Estados Unidos,Ingles,1170.18,14627.25,3.7,4.7,Tarjeta credito,Completada,G004,Alta,3,2024,cliente8240@hotmail.com
RES04822,2022-03-20,Bacalar,Fuerte de San Felipe,Grupal,9,4.0,Estados Unidos,Ingles,1092.79,12020.69,10.3,4.9,,Completada,G038,Alta,3,2022,cliente953@icloud.com
RES00056,2021-08-11,Holbox,Punta Mosquito,Grupal,13,3.0,Brasil,Español,1327.09,19242.81,9.6,5.0,Tarjeta credito,Confirmada,G029,Alta,8,2021,cliente6033@outlook.com
RES00639,2023-06-04,Holbox,Avistamiento Tiburon Ballena,Privado,3,0.0,Canada,Ingles,1578.35,4735.05,10.5,3.6,Tarjeta debito,Completada,G011,Media,6,2023,cliente7887@icloud.com
RES00303,2021-08-29,Holbox,Punta Mosquito,Privado,2,1.0,España,Ingles,1738.93,4347.32,,5.0,Tarjeta credito,Completada,G010,Alta,8,2021,cliente698@gmail.com
RES02767,2023-11-17,Cancun,Zona Hotelera Tour,Grupal,5,1.0,Mexico,Español,730.95,4020.23,9.7,1.1,Efectivo,Completada,G008,Media,11,2023,
RES01277,2021-09-26,Uxmal,Ruta Puuc,Grupal,4,1.0,Mexico,Italiano,784.63,3530.84,8.0,4.8,Transferencia,Completada,G030,Baja,9,2021,cliente9995@gmail.com
RES04721,2022-08-28,Akumal,Cenote Yalku,Grupal,19,4.0,Brasil,,,21660.24,5.4,4.2,Efectivo,Completada,G009,Alta,8,2022,cliente7831@icloud.com
RES02056,2022-11-19,Cancun,Isla Mujeres,Grupal,8,3.0,Mexico,Español,760.2,7221.9,9.8,4.9,Tarjeta credito,Completada,G033,Media,11,2022,cliente1176@yahoo.com
RES05146,2022-04-02,Tulum,Cenote Dos Ojos,Grupal,7,3.0,Reino Unido,Italiano,1136.92,9663.82,5.1,4.9,Efectivo,Completada,G001,Alta,4,2022,
RES04433,2023-08-28,Chichen Itza,Chichen Itza + Cenote Ik Kil,Privado,1,0.0,Estados Unidos,Ingles,2112.53,2112.53,72.0,3.8,Paypal,Completada,G032,Alta,8,2023,
RES03645,2022-06-10,Cancun,Isla Mujeres,Privado,3,,Estados Unidos,Español,1058.6,3705.1,9.8,3.2,Tarjeta credito,Completada,G016,Media,6,2022,cliente4390@outlook.com
RES04144,2021-11-15,Playa del Carmen,Quinta Avenida + Cozumel,Grupal,7,0.0,,Español,829.24,5804.68,2.5,1.3,Tarjeta debito,Completada,G040,Media,11,2021,cliente5547@outlook.com
RES02879,2023-06-18,Akumal,Snorkel Tortugas Akumal,Grupal,-15,1.0,Suecia,Español,857.39,13289.55,8.5,,Tarjeta credito,Completada,G005,Media,6,2023,cliente9407@gmail.com
RES04203,2023-08-01,Cozumel,Snorkel El Cielo,Grupal,19,3.0,Mexico,Español,1447.62,29676.21,7.2,1.7,,Completada,G038,Alta,8,2023,cliente1438@hotmail.com
RES05176,2021-03-24,Playa del Carmen,Xcaret,Grupal,6,1.0,Estados Unidos,Español,962.84,6258.46,9.3,1.0,Tarjeta debito,Completada,G004,Alta,3,2021,cliente695@gmail.com
RES02287,2023-12-18,Cozumel,Tour Isla Cozumel,Grupal,7,3.0,Brasil,,1217.98,10352.83,5.1,3.8,Tarjeta credito,Completada,G018,Alta,12,2023,cliente5119@outlook.com
RES02262,2022-08-04,Cancun,Snorkel Arrecife,Privado,4,0.0,Japon,Español,1339.58,5358.32,7.1,1.7,,Pendiente,G017,Alta,8,2022,cliente9062@gmail.com
RES02297,2023-07-10,Uxmal,Ruta Puuc,Grupal,15,0.0,,Español,1297.74,19466.1,3.2,3.9,Tarjeta credito,Completada,G013,Alta,7,2023,
RES01754,2022-04-05,Uxmal,Uxmal + Kabah,Grupal,17,6.0,Estados Unidos,Ingles,1314.62,26292.4,8.1,5.0,Tarjeta debito,Completada,G001,Alta,4,2022,cliente9314@gmail.com
RES05198,2023-02-13,Bacalar,Laguna de los 7 Colores,Grupal,10,1.0,Estados Unidos,Portugues,839.78,8817.69,10.2,4.9,Tarjeta credito,Completada,G031,Baja,2,2023,cliente9474@icloud.com
RES01969,2021-08-01,Akumal,Cenote Yalku,Grupal,11,0.0,Estados Unidos,Ingles,904.38,9948.18,7.3,,Efectivo,Completada,G027,Alta,8,2021,cliente3781@gmail.com
RES05234,2022-10-27,Tulum,Cenote Dos Ojos,Grupal,7,3.0,Argentina,Aleman,953.67,8106.19,7.9,4.0,Transferencia,Completada,G030,Media,10,2022,cliente8605@gmail.com
RES03118,2022-02-07,Cozumel,Snorkel El Cielo,Grupal,6,0.0,España,Frances,946.28,5677.68,8.3,4.1,Tarjeta credito,Completada,G035,Baja,2,2022,cliente9572@icloud.com
RES02394,2022-10-13,Cozumel,Buceo Arrecife Palancar,Privado,1,0.0,España,,1720.73,1720.73,5.3,1.9,,Pendiente,,Media,10,2022,cliente124@outlook.com
RES00524,2021-05-07,Holbox,Tour Isla Holbox,Privado,4,2.0,Mexico,Frances,1730.5,8652.5,8.1,5.0,Tarjeta credito,Completada,G010,Media,5,2021,cliente1522@hotmail.com
RES03901,2023-09-28,Cancun,Laguna Nichupte,Grupal,11,4.0,Canada,Ingles,682.3,8869.9,8.2,4.0,Efectivo,Completada,G015,Baja,9,2023,cliente4949@gmail.com
RES05627,2023-01-17,Cozumel,Snorkel El Cielo,Grupal,8,4.0,Mexico,Español,944.68,9446.8,8.2,4.1,Tarjeta debito,Completada,G030,Baja,1,2023,cliente1940@yahoo.com
RES04700,2021-11-13,Playa del Carmen,Quinta Avenida + Cozumel,Grupal,9,,Mexico,Español,838.78,7549.02,8.8,6.5,Tarjeta credito,Completada,G007,Media,11,2021,cliente1570@yahoo.com
RES05320,2021-09-25,Tulum,Sian Ka'an,Grupal,16,2.0,Mexico,Español,882.56,15003.52,3.9,3.9,Tarjeta credito,Confirmada,G037,Baja,9,2021,cliente1950@hotmail.com
RES03123,2023-07-16,Cancun,Zona Hotelera Tour,Grupal,17,6.0,Estados Unidos,Español,982.36,19647.2,5.2,4.7,Transferencia,Cancelada,G034,Alta,7,2023,cliente2432@hotmail.com
RES04157,2022-10-30,Merida,Centro Historico Merida,Grupal,18,,Italia,Frances,678.45,14586.68,9.7,3.6,,Completada,G026,Media,10,2022,cliente6161@hotmail.com
RES01970,2023-10-22,Cozumel,Tour Isla Cozumel,Grupal,7,,Italia,Italiano,1121.26,8409.45,5.5,4.2,Efectivo,Completada,G021,Media,10,2023,cliente4056@icloud.com
RES00672,2023-08-25,Merida,Haciendas del Mayab,Grupal,15,2.0,Mexico,Ingles,814.03,13024.48,,4.0,Tarjeta debito,Pendiente,G025,Alta,8,2023,cliente2830@outlook.com
RES04189,2022-07-14,Holbox,Punta Mosquito,Grupal,6,,Reino Unido,Español,1194.98,7169.88,7.9,4.9,Tarjeta credito,Pendiente,G025,Alta,7,2022,cliente6662@yahoo.com
RES00667,2022-04-18,Cancun,Laguna Nichupte,privad,3,1.0,Reino Unido,Español,1475.06,5162.71,8.9,,Tarjeta credito,Pendiente,G004,Alta,4,2022,cliente7889@icloud.com
RES05220,2024-03-13,Chichen Itza,Valladolid + Chichen Itza,Grupal,5,2.0,Canada,Español,1427.43,8564.58,,4.9,Efectivo,Completada,G020,Alta,3,2024,cliente6431@yahoo.com
RES01888,2023-08-09,Chichen Itza,Chichen Itza + Cenote Ik Kil,Grupal,15,3.0,Brasil,Portugues,1511.79,24944.53,7.5,4.3,Tarjeta debito,Pendiente,G010,Alta,8,2023,cliente2157@yahoo.com
RES03267,2021-07-03,Tulum,Cenote Gran Cenote,Grupal,7,3.0,Reino Unido,Español,1152.53,9796.5,8.8,5.0,Paypal,Confirmada,G038,Alta,7,2021,cliente5909@yahoo.com
RES00281,2021-07-14,Cozumel,Snorkel El Cielo,Grupal,10,5.0,Estados Unidos,Italiano,1215.36,15192.0,4.1,3.3,Efectivo,Completada,G033,Alta,7,2021,cliente8883@outlook.com
RES01720,2022-02-09,Tulum,Ruinas de Tulum,Grupal,9,2.0,Mexico,Español,849.45,8494.5,6.6,2.9,Tarjeta credito,Completada,G024,Baja,2,2022,cliente935@gmail.com
RES02948,2022-11-03,Merida,Izamal + Merida,Grupal,9,4.0,Mexico,Ingles,676.25,7438.75,3.5,4.9,Efectivo,Completada,G003,Media,11,2022,cliente1417@gmail.com
RES04456,2022-08-18,Chichen Itza,Chichen Itza + Cenote Ik Kil,Privado,1,0.0,Italia,Español,2151.46,2151.46,7.6,4.7,Tarjeta credito,Completada,G028,Alta,8,2022,cliente9196@yahoo.com
RES00900,2021-10-10,,Laguna de los 7 Colores,Grupal,8,1.0,Canada,,931.94,7921.49,2.5,1.1,Tarjeta credito,Completada,G008,Media,10,2021,cliente2061@outlook.com
RES05853,2022-10-07,Tulum,Cenote Dos Ojos,Grupal,17,1.0,Brasil,Aleman,885.15,15490.12,7.7,,Tarjeta debito,Completada,G003,Media,10,2022,cliente2477@yahoo.com
RES00761,2023-04-05,Playa del Carmen,Quinta Avenida + Cozumel,Privado,2,1.0,Estados Unidos,Portugues,1490.32,3725.8,5.1,5.0,Tarjeta credito,Cancelada,,Alta,4,2023,
RES01907,2023-04-05,Playa del Carmen,Quinta Avenida + Cozumel,Grupal,12,5.0,Reino Unido,Español,946.86,13729.47,8.1,,Tarjeta credito,Confirmada,G026,Alta,4,2023,cliente2941@outlook.com
RES04043,2022-06-10,Tulum,Sian Ka'an,Grupal,12,1.0,Holanda,Español,1039.0,12987.5,7.1,4.8,,Completada,G001,Media,6,2022,cliente1122@hotmail.com
RES03824,2022-06-02,Holbox,Punta Mosquito,Grupal,13,4.0,Estados Unidos,Ingles,1004.27,15064.05,4.7,3.6,Efectivo,Completada,G019,Media,6,2022,cliente7361@outlook.com
RES04139,2021-02-15,Chichen Itza,Chichen Itza + Cenote Ik Kil,Grupal,10,,Reino Unido,Español,982.07,11293.81,4.8,5.0,Efectivo,Cancelada,G012,Baja,2,2021,cliente4600@icloud.com
RES03819,2023-04-14,Tulum,Cenote Gran Cenote,Grupal,12,0.0,Mexico,Español,1111.11,13333.32,5.3,5.0,Efectivo,Completada,G039,Alta,4,2023,@dominio.com
RES04301,2022-07-28,Merida,Izamal + Merida,Grupal,11,0.0,España,Ingles,833.76,9171.36,3.0,4.3,Efectivo,Confirmada,G006,Alta,7,2022,cliente6986@outlook.com
RES02594,2021-04-25,Akumal,Snorkel Tortugas Akumal,GRUPAL,17,8.0,Estados Unidos,Ingles,994.29,20880.09,9.2,5.0,Efectivo,Completada,,Alta,4,2021,cliente6472@yahoo.com
RES04165,2023-03-11,Tulum,Ruinas de Tulum,Grupal,15,2.0,Mexico,Aleman,1049.66,16794.56,6.8,4.6,Efectivo,Pendiente,G001,Alta,3,2023,cliente2646@hotmail.com
RES03032,2022-04-24,Akumal,Cenote Yalku,Grupal,14,7.0,Estados Unidos,Aleman,1045.64,18298.7,2.9,,Tarjeta credito,Completada,G038,Alta,4,2022,cliente4017@icloud.com
RES03580,2023-04-23,Holbox,Punta Mosquito,Privado,1,0.0,Mexico,Ingles,1947.79,1947.79,9.4,4.9,Tarjeta debito,Completada,G023,Alta,4,2023,cliente2334@icloud.com
RES02833,2022-06-19,Cancun,Isla Mujeres,Grupal,7,2.0,Brasil,Español,795.96,6367.68,6.4,4.7,Transferencia,Completada,G031,Media,6,2022,cliente376@gmail.com
RES03473,2022-05-11,Holbox,Tour Isla Holbox,Grupal,5,0.0,,Ingles,1005.57,5027.85,9.6,4.7,Tarjeta credito,Confirmada,G012,Media,5,2022,cliente2790@outlook.com
RES00138,2024-03-17,Akumal,Snorkel Tortugas Akumal,privado,1,0.0,Mexico,Ingles,1447.92,1447.92,5.1,4.6,Tarjeta debito,Completada,G008,Alta,3,2024,cliente6701@yahoo.com
RES04893,2021-01-03,Uxmal,Uxmal + Kabah,Grupal,13,4.0,Mexico,Español,902.06,13530.9,3.3,5.0,Tarjeta debito,Completada,G029,Baja,1,2021,cliente1557@icloud.com
RES02181,2023-05-31,Tulum,Ruinas de Tulum,Privado,1,,Estados Unidos,Ingles,1525.82,1525.82,7.3,4.3,Tarjeta debito,Completada,G024,Media,5,2023,cliente8351@gmail.com
RES02129,2021-02-02,Holbox,Tour Isla Holbox,Grupal,5,1.0,,Ingles,926.75,5097.12,2.7,5.0,Tarjeta credito,Completada,G007,Baja,2,2021,cliente1652@outlook.com
RES03178,2021-06-11,Chichen Itza,Valladolid + Chichen Itza,Privado,1,0.0,Mexico,Español,1865.71,1865.71,8.2,,Efectivo,Completada,,Media,6,2021,
RES04855,2021-02-06,Bacalar,Fuerte de San Felipe,Privado,2,1.0,Mexico,Ingles,1149.24,2873.1,8.4,3.9,Paypal,Confirmada,G017,Baja,2,2021,cliente6930@outlook.com
RES04638,2022-11-18,Holbox,Punta Mosquito,Grupal,18,7.0,Estados Unidos,Ingles,1023.19,21998.59,4.8,4.2,Tarjeta credito,Completada,G023,Media,11,2022,cliente4160@icloud.com
RES05116,2023-09-23,Chichen Itza,Chichen Itza + Cenote Ik Kil,Privado,1,0.0,Japon,Español,1490.05,1490.05,8.1,4.8,Efectivo,Completada,G017,Baja,9,2023,cliente9439@yahoo.com
RES05851,2024-03-05,Cancun,Laguna Nichupte,Grupal,20,1.0,Reino Unido,Aleman,897.28,18394.24,3.7,5.0,Tarjeta credito,Confirmada,G016,Alta,3,2024,cliente8640@yahoo.com
RES04262,2023-01-15,Cozumel,Tour Isla Cozumel,Grupal,7,1.0,Alemania,Español,897.02,6727.65,9.4,3.1,Tarjeta debito,Completada,G030,Baja,1,2023,cliente792@icloud.com
RES04345,2023-12-28,Cancun,Isla Mujeres,Grupal,15,4.0,Mexico,Ingles,837.28,14233.76,5.4,5.0,Tarjeta credito,Completada,G022,Alta,12,2023,cliente501@gmail.com
RES01332,2023-10-14,Uxmal,Ruta Puuc,Privado,2,0.0,Mexico,Frances,1556.07,3112.14,3.4,4.8,Tarjeta debito,Pendiente,G032,Media,10,2023,cliente7903@hotmail.com
RES02018,2021-10-11,Chichen Itza,Valladolid + Chichen Itza,Privado,3,1.0,Mexico,Ingles,1717.47,6011.15,7.6,3.3,Efectivo,Completada,G019,Media,10,2021,cliente6080@outlook.com
RES04543,2023-04-11,Cozumel,Snorkel El Cielo,Grupal,9,2.0,Reino Unido,Español,1414.02,14140.2,3.2,4.7,,Confirmada,G012,Alta,4,2023,usuario.dominio.com
RES02483,2021-02-21,Chichen Itza,Valladolid + Chichen Itza,Grupal,18,2.0,España,Ingles,947.9,18010.1,5.4,4.8,Tarjeta credito,Completada,G009,Baja,2,2021,cliente709@icloud.com
RES01359,2021-12-18,Chichen Itza,Valladolid + Chichen Itza,Grupal,5,0.0,Estados Unidos,Español,30000.0,7715.95,3.6,5.0,Tarjeta credito,Completada,,Alta,12,2021,cliente4191@yahoo.com
RES01330,2022-05-18,,Chichen Itza + Cenote Ik Kil,Privado,4,0.0,Estados Unidos,Español,1801.76,7207.04,6.6,,Efectivo,Completada,G039,Media,5,2022,cliente5175@outlook.com
RES05949,2023-10-07,Merida,Haciendas del Mayab,Grupal,18,3.0,Alemania,Ingles,660.54,12880.53,8.8,5.0,Efectivo,Completada,G040,Media,10,2023,cliente4965@outlook.com
RES02151,2021-08-17,Holbox,Punta Mosquito,Grupal,8,2.0,Holanda,Ingles,1229.62,11066.58,4.8,4.9,Tarjeta credito,Completada,G025,Alta,8,2021,cliente4464@icloud.com
RES04531,2021-04-12,Bacalar,Fuerte de San Felipe,Grupal,18,4.0,Alemania,Italiano,1101.12,22022.4,8.3,5.0,Tarjeta debito,Pendiente,G020,Alta,4,2021,cliente8282@yahoo.com
RES02123,2021-10-04,Cozumel,Buceo Arrecife Palancar,Grupal,16,0.0,Canada,Ingles,1114.61,17833.76,6.4,,Tarjeta credito,Completada,G021,Media,10,2021,cliente7825@hotmail.com
RES04674,2021-02-16,Playa del Carmen,Xel-Ha,Grupal,6,3.0,Mexico,Frances,710.76,5330.7,3.7,4.0,,Completada,G040,Baja,2,2021,cliente8131@yahoo.com
RES03982,2023-02-14,Tulum,Ruinas de Tulum,Privado,4,2.0,Mexico,Español,1137.6,5688.0,7.9,3.9,Efectivo,Pendiente,G040,Baja,2,2023,
RES01253,2021-11-10,Playa del Carmen,Xcaret,Privado,4,2.0,Estados Unidos,Frances,1401.84,7009.2,6.5,2.9,Tarjeta credito,Pendiente,G008,Media,11,2021,cliente6478@icloud.com
RES03279,2022-06-29,Bacalar,Fuerte de San Felipe,Privado,4,1.0,Brasil,Italiano,1336.97,6016.36,10.5,4.1,Efectivo,Confirmada,G038,Media,6,2022,cliente1028@yahoo.com
RES03375,2022-03-07,Cozumel,Snorkel El Cielo,Grupal,15,6.0,España,Español,1214.78,21866.04,8.0,3.6,Transferencia,Completada,G035,Alta,3,2022,cliente6055@gmail.com
RES02815,2021-05-03,Chichen Itza,Valladolid + Chichen Itza,Grupal,16,2.0,Mexico,Español,1155.62,19645.54,4.9,,Efectivo,Completada,G032,Media,5,2021,cliente438@outlook.com
RES04720,2022-04-14,Chichen Itza,Chichen Itza + Cenote Ik Kil,Grupal,5,2.0,Mexico,Ingles,1338.47,8030.82,7.5,,,Pendiente,G002,Alta,4,2022,cliente5488@icloud.com
RES01849,2022-11-06,Merida,Haciendas del Mayab,Grupal,20,1.0,Mexico,Español,743.79,15247.69,3.2,4.7,Tarjeta debito,Cancelada,,Media,11,2022,sinArroba.com
RES04859,2021-06-06,Bacalar,Laguna de los 7 Colores,Privado,3,0.0,Francia,Ingles,1269.25,3807.75,6.0,3.7,Tarjeta credito,Cancelada,G013,Media,6,2021,cliente5025@icloud.com
RES03038,2021-04-18,Merida,Centro Historico Merida,Privado,4,0.0,Canada,Frances,1248.09,4992.36,3.7,5.0,Efectivo,Completada,G040,Alta,4,2021,cliente7267@gmail.com
RES00389,2022-01-21,Akumal,Cenote Yalku,Grupal,13,1.0,Reino Unido,Ingles,725.47,9793.85,2.6,5.0,Transferencia,Completada,G030,Baja,1,2022,cliente7200@yahoo.com
RES00236,2023-04-02,Chichen Itza,Chichen Itza + Cenote Ik Kil,Grupal,15,2.0,Estados Unidos,Ingles,1537.6,24601.6,10.0,3.2,,Confirmada,G010,Alta,4,2023,us er@gmail.com
RES01078,19/12/2021,Bacalar,Laguna de los 7 Colores,Grupal,13,2.0,,Ingles,998.48,13978.72,8.5,3.9,Efectivo,Cancelada,G040,Alta,12,2021,cliente7728@gmail.com
RES01985,2023-11-14,Chichen Itza,Valladolid + Chichen Itza,Privado,2,0.0,Francia,Ingles,1903.71,3807.42,3.1,4.9,Efectivo,Completada,G020,Media,11,2023,cliente8664@outlook.com
RES04364,2023-02-27,Playa del Carmen,Xel-Ha,Privado,4,2.0,Italia,Español,,5886.0,7.4,4.3,Tarjeta credito,Completada,G007,Baja,2,2023,cliente5510@yahoo.com
RES03963,2021-06-03,Akumal,Cenote Yalku,Privado,1,0.0,Francia,Ingles,1238.93,1238.93,7.2,4.8,Efectivo,Cancelada,G027,Media,6,2021,cliente5784@hotmail.com
RES00771,2021-06-24,Cozumel,Snorkel El Cielo,Grupal,17,5.0,Francia,Español,1080.49,21069.56,9.0,4.7,Tarjeta credito,Completada,G029,Media,6,2021,cliente5984@gmail.com
RES02166,2023-04-05,Holbox,Punta Mosquito,Grupal,5,0.0,Mexico,Italiano,1289.61,6448.05,4.4,4.3,Efectivo,Cancelada,G007,Alta,4,2023,usuario.dominio.com
RES04534,2022-11-25,Uxmal,Ruta Puuc,Grupal,19,9.0,Mexico,Español,1033.27,24281.85,3.3,5.0,Efectivo,Completada,G029,Media,11,2022,cliente7300@gmail.com
RES00674,2021-04-22,Bacalar,Laguna de los 7 Colores,Privado,2,1.0,Belgica,Ingles,1711.88,4279.7,4.4,4.1,Transferencia,Completada,G003,Alta,4,2021,cliente2735@hotmail.com
RES00250,2021-09-03,Holbox,Tour Isla Holbox,Privado,4,1.0,Argentina,Ingles,1443.74,6496.83,5.9,5.0,Efectivo,Completada,G040,Baja,9,2021,cliente4587@outlook.com
RES01575,2023-10-09,Akumal,Snorkel Tortugas Akumal,Grupal,15,6.0,Mexico,Español,795.37,14316.66,4.3,2.8,TARJETA CREDITO,Completada,G017,Media,10,2023,cliente9742@yahoo.com
RES03420,2021-08-28,Merida,Izamal + Merida,Privado,4,1.0,Estados Unidos,Español,1364.39,6139.76,,3.6,Tarjeta debito,Completada,G011,Alta,8,2021,cliente4432@yahoo.com
RES02082,2021-09-28,Holbox,Avistamiento Tiburon Ballena,Grupal,19,6.0,Colombia,Ingles,857.63,18867.86,9.8,4.8,Efectivo,Completada,G024,Baja,9,2021,cliente7755@hotmail.com
RES01824,2023-04-07,Chichen Itza,Valladolid + Chichen Itza,Privado,3,0.0,Japon,Ingles,2217.33,6651.99,10.3,4.0,Efectivo,Completada,G020,Alta,4,2023,cliente2715@outlook.com
RES05585,2023-05-16,Playa del Carmen,Xel-Ha,Grupal,19,3.0,Mexico,Aleman,792.39,16243.99,3.6,1.0,Paypal,Completada,G004,Media,5,2023,cliente8442@hotmail.com
RES05775,2021-02-04,Bacalar,Fuerte de San Felipe,Grupal,8,2.0,,Español,707.13,6364.17,2.8,4.6,Tarjeta credito,Confirmada,G023,Baja,2,2021,cliente3045@outlook.com
RES04545,2021-03-09,Merida,Izamal + Merida,Grupal,8,4.0,Mexico,Español,806.63,8066.3,5.2,4.2,Efectivo,Cancelada,G008,Alta,3,2021,cliente4487@outlook.com
RES00717,2023-01-11,Cancun,Isla Mujeres,Grupal,9,1.0,,Aleman,688.25,6538.38,2.6,5.0,Efectivo,Completada,G040,Baja,1,2023,cliente2371@gmail.com
RES05379,2023-08-10,Akumal,Cenote Yalku,Grupal,12,,Mexico,Aleman,960.0,12000.0,4.6,4.7,Paypal,Confirmada,G010,Alta,8,2023,cliente2723@hotmail.com
RES05634,2022-05-02,Cozumel,Tour Isla Cozumel,Privado,2,0.0,Colombia,Español,1629.12,3258.24,4.1,2.9,Tarjeta credito,Pendiente,G026,Media,5,2022,@dominio.com
RES02049,2021-07-21,Merida,Haciendas del Mayab,Privado,4,,Italia,Ingles,1298.36,6491.8,6.8,3.9,Tarjeta credito,Cancelada,G012,Alta,7,2021,cliente9664@hotmail.com
RES05265,2023-05-06,Cancun,Isla Mujeres,Grupal,14,2.0,Estados Unidos,Español,733.13,10996.95,7.2,4.1,Tarjeta credito,Completada,G018,Media,5,2023,cliente419@hotmail.com
RES04179,2022-10-31,Cancun,Isla Mujeres,privado,1,0.0,Canada,Portugues,1143.37,1143.37,2.7,2.2,Tarjeta credito,Completada,G040,Media,10,2022,cliente1667@yahoo.com
RES04810,2022-06-05,Tulum,Sian Ka'an,Grupal,17,3.0,Mexico,Ingles,879.03,16262.06,7.6,4.3,Tarjeta debito,Completada,G013,Media,6,2022,cliente2480@gmail.com
RES02725,2023-03-13,Chichen Itza,Valladolid + Chichen Itza,Privado,3,0.0,Francia,Español,99999.0,5995.74,6.7,,Tarjeta debito,Confirmada,G011,Alta,3,2023,cliente3718@gmail.com
RES05455,2021-11-09,Cozumel,Tour Isla Cozumel,Grupal,19,2.0,Estados Unidos,Ingles,1199.26,23985.2,9.5,5.0,Paypal,Completada,G012,Media,11,2021,cliente7438@hotmail.com
RES01461,2022-01-14,Holbox,Punta Mosquito,Grupal,11,2.0,Mexico,Italiano,974.37,11692.44,9.4,3.8,Paypal,Completada,G037,Baja,1,2022,cliente6295@gmail.com
RES01669,2022-10-22,Bacalar,Fuerte de San Felipe,Privado,3,0.0,Estados Unidos,Ingles,1422.92,4268.76,3.0,4.0,Transferencia,Completada,G013,Media,10,2022,cliente308@gmail.com
RES02757,2024-02-26,Chichen Itza,Valladolid + Chichen Itza,Grupal,6,2.0,Estados Unidos,Español,953.29,6673.03,7.8,4.4,Efectivo,Completada,G037,Baja,2,2024,cliente3839@outlook.com
RES02001,2021-07-14,Bacalar,Laguna de los 7 Colores,Grupal,13,0.0,Mexico,Español,1008.01,13104.13,2.9,2.3,Tarjeta credito,Completada,G015,Alta,7,2021,cliente7160@outlook.com
RES04572,2022-09-07,Cozumel,Snorkel El Cielo,Grupal,14,3.0,Mexico,Ingles,992.95,15390.73,5.8,4.0,Tarjeta credito,Completada,G027,Baja,9,2022,cliente1558@outlook.com
RES04614,2022-09-12,Merida,Centro Historico Merida,Privado,1,0.0,Estados Unidos,Ingles,980.23,980.23,6.8,4.9,Efectivo,Confirmada,G001,Baja,9,2022,cliente4758@icloud.com
RES00405,2021-12-24,Playa del Carmen,Quinta Avenida + Cozumel,Grupal,18,2.0,España,Ingles,1002.1,19039.9,7.4,3.4,Tarjeta credito,Cancelada,G036,Alta,12,2021,cliente2772@gmail.com
RES00385,2023-08-28,Merida,Izamal + Merida,Grupal,7,3.0,Canada,Español,889.36,7559.56,,4.3,Tarjeta credito,Confirmada,G039,Alta,8,2023,cliente4530@hotmail.com
RES05420,2022-10-03,Uxmal,Ruta Puuc,Grupal,7,2.0,,Español,951.85,7614.8,8.6,5.0,Efectivo,Completada,G023,Media,10,2022,cliente7634@hotmail.com
RES02153,2022-03-31,Tulum,Sian Ka'an,Grupal,14,6.0,Suiza,Italiano,,18751.68,3.2,2.6,,Completada,G011,Alta,3,2022,cliente7661@hotmail.com
RES01634,2021-08-06,Tulum,Ruinas de Tulum,Grupal,17,8.0,Mexico,Español,1217.12,25559.52,4.0,3.8,Efectivo,Pendiente,G034,Alta,8,2021,cliente6956@icloud.com
RES05529,2022-01-03,Playa del Carmen,Quinta Avenida + Cozumel,Grupal,9,0.0,Belgica,Ingles,794.04,7146.36,5.7,5.0,Efectivo,Pendiente,G036,Baja,1,2022,cliente9572@icloud.com
RES04785,2023-04-07,Chichen Itza,Valladolid + Chichen Itza,Grupal,9,1.0,Brasil,Español,1473.42,13997.49,4.1,3.7,Efectivo,Cancelada,G008,Alta,4,2023,cliente2033@hotmail.com
RES03926,2022-02-22,Tulum,Sian Ka'an,Privado,1,0.0,Reino Unido,Ingles,1273.76,1273.76,2.5,4.9,Efectivo,Confirmada,G024,Baja,2,2022,cliente8936@hotmail.com
RES04159,2022-02-03,Merida,Centro Historico Merida,Grupal,6,0.0,Brasil,Portugues,596.63,3579.78,10.0,4.9,Tarjeta debito,Completada,G039,Baja,2,2022,cliente5181@gmail.com
RES04949,2022-03-15,Uxmal,Uxmal + Kabah,Grupal,19,3.0,Mexico,Español,1167.64,23936.62,5.2,5.0,Efectivo,Completada,G021,Alta,3,2022,cliente6704@hotmail.com
RES00224,2023-12-28,Akumal,Cenote Yalku,Grupal,7,3.0,Alemania,Español,1029.66,8752.11,8.1,4.8,Tarjeta credito,Completada,G013,Alta,12,2023,sinArroba.com
RES02194,2021-07-03,Playa del Carmen,Quinta Avenida + Cozumel,Grupal,13,4.0,,Frances,1092.85,16392.75,5.7,5.0,Transferencia,Completada,G036,Alta,7,2021,
RES03137,2022-08-05,Akumal,Cenote Yalku,Privado,1,0.0,Estados Unidos,Ingles,1399.47,1399.47,7.4,4.9,Efectivo,Completada,G037,Alta,8,2022,cliente231@gmail.com
RES04470,2021-02-11,Holbox,Tour Isla Holbox,Grupal,4,1.0,Reino Unido,Aleman,846.22,3807.99,4.9,5.0,Crypto,Completada,G023,Baja,2,2021,cliente2978@hotmail.com
RES01825,2022-08-06,Holbox,Avistamiento Tiburon Ballena,Grupal,18,2.0,Reino Unido,Ingles,1340.91,25477.29,3.5,4.8,Tarjeta credito,Confirmada,G037,Alta,8,2022,us er@gmail.com
RES05544,2022-07-18,Cozumel,Snorkel El Cielo,Grupal,17,2.0,,Italiano,1285.48,23138.64,3.7,2.9,Tarjeta debito,Completada,G037,Alta,7,2022,cliente9645@hotmail.com
RES05125,2024-01-06,Merida,Centro Historico Merida,PRIVADO,2,1.0,Mexico,Español,887.43,2218.57,10.3,5.0,Paypal,Completada,G037,Baja,1,2024,cliente2105@yahoo.com
RES04973,2022-02-04,Chichen Itza,Valladolid + Chichen Itza,Grupal,14,,Mexico,Español,1100.85,17063.17,9.2,4.1,Tarjeta credito,Completada,G021,Baja,2,2022,
RES00798,2022-05-18,Uxmal,Uxmal + Kabah,Privado,1,0.0,Estados Unidos,Español,1473.5,1473.5,7.5,4.7,Tarjeta credito,Pendiente,G032,Media,5,2022,cliente8916@outlook.com
RES02872,2022-11-07,Holbox,Tour Isla Holbox,Grupal,9,1.0,Estados Unidos,Español,1122.3,10661.85,4.6,,Tarjeta credito,Completada,G037,Media,11,2022,cliente6686@outlook.com
RES00010,2023-07-09,Uxmal,Uxmal + Kabah,Grupal,17,2.0,Mexico,Portugues,1189.95,21419.1,4.9,4.7,Tarjeta debito,Completada,G033,Alta,7,2023,cliente8267@gmail.com
RES01945,2023-01-15,Merida,Haciendas del Mayab,Grupal,7,3.0,Francia,Español,598.79,5089.72,5.1,5.0,Efectivo,Confirmada,G040,Baja,1,2023,cliente6442@icloud.com
RES01839,2023-04-14,Merida,Centro Historico Merida,Grupal,5,0.0,Estados Unidos,Español,844.13,4220.65,5.5,,Transferencia,Completada,G011,Alta,4,2023,cliente792@gmail.com
RES04805,2022-04-17,Chichen Itza,Chichen Itza + Cenote Ik Kil,Privado,4,1.0,Mexico,Español,2281.42,10266.39,6.9,4.7,Tarjeta debito,Cancelada,G005,Alta,4,2022,
RES00256,2021-04-21,Bacalar,Kayak Canales,Privado,2,0.0,Canada,Español,1660.8,3321.6,4.3,5.0,Efectivo,Pendiente,G005,Alta,4,2021,cliente7377@yahoo.com
RES04486,2022-04-29,Playa del Carmen,Xel-Ha,Privado,2,1.0,Estados Unidos,Ingles,,3845.5,5.0,4.8,Tarjeta credito,Completada,G040,Alta,4,2022,cliente8453@hotmail.com
RES05437,2024-02-12,Merida,Centro Historico Merida,Grupal,12,3.0,,Ingles,615.11,8303.99,3.9,5.0,Paypal,Completada,G029,Baja,2,2024,sinArroba.com
RES01582,2022-02-21,Tulum,Cenote Dos Ojos,Grupal,9,1.0,Suecia,Español,761.73,7236.44,3.5,3.7,Tarjeta credito,Pendiente,G025,Baja,2,2022,cliente2182@gmail.com
RES02957,2022-09-10,Cancun,Isla Mujeres,Grupal,4,0.0,Mexico,Frances,642.19,2568.76,9.8,4.3,Tarjeta credito,Completada,G033,Baja,9,2022,cliente2838@outlook.com
RES00925,2021-07-08,Bacalar,Laguna de los 7 Colores,Grupal,5,2.0,Brasil,Español,1065.57,6393.42,8.5,2.9,Efectivo,Completada,G032,Alta,7,2021,cliente8215@hotmail.com
RES05342,2021-03-02,Tulum,Cenote Gran Cenote,privado,1,0.0,Estados Unidos,Español,1672.13,1672.13,8.8,5.0,Tarjeta credito,Completada,G021,Alta,3,2021,cliente5315@outlook.com
RES02509,2023-04-18,Tulum,Sian Ka'an,Grupal,7,3.0,Mexico,Frances,1155.59,9822.51,3.6,4.4,Tarjeta credito,Completada,G010,Alta,4,2023,cliente8769@yahoo.com
RES05025,2023-06-09,Cozumel,Snorkel El Cielo,Grupal,18,0.0,Mexico,Frances,1129.02,20322.36,6.4,3.7,Efectivo,Completada,G032,Media,6,2023,cliente5375@outlook.com
RES05321,2021-11-11,Holbox,Punta Mosquito,Grupal,19,9.0,Holanda,Ingles,1122.65,26382.28,5.1,3.9,Tarjeta credito,Completada,G012,Media,11,2021,
RES03776,2022-01-22,Holbox,Punta Mosquito,Grupal,7,1.0,Colombia,Frances,923.26,6924.45,,4.0,Transferencia,Pendiente,G008,Baja,1,2022,cliente3537@yahoo.com
RES04836,2022-11-05,Playa del Carmen,Xel-Ha,Grupal,8,3.0,Mexico,Español,817.81,7769.19,8.7,6.5,Efectivo,Completada,G029,Media,11,2022,cliente6698@icloud.com
RES04137,2021-10-02,Tulum,Cenote Dos Ojos,Privado,4,2.0,Francia,Español,1343.52,6717.6,,5.0,Tarjeta credito,Pendiente,G020,Media,10,2021,cliente5014@yahoo.com
RES04965,2023-11-10,Playa del Carmen,Xcaret,Privado,3,0.0,Mexico,Frances,1214.29,3642.87,9.4,,Tarjeta debito,Completada,G015,Media,11,2023,cliente7206@gmail.com
RES02780,2022-02-11,Cancun,Snorkel Arrecife,Privado,3,0.0,Reino Unido,Español,946.24,2838.72,8.0,4.2,Tarjeta credito,Pendiente,G029,Baja,2,2022,cliente6158@outlook.com
RES00540,2021-06-05,Cozumel,Tour Isla Cozumel,Grupal,7,3.0,Francia,Español,1181.37,10041.64,5.9,5.0,Efectivo,Completada,G009,Media,6,2021,cliente3521@hotmail.com
RES02746,2021-08-24,Bacalar,Kayak Canales,Grupal,14,,Estados Unidos,Frances,1054.14,18447.45,6.9,3.8,Tarjeta debito,Pendiente,G029,Alta,8,2021,cliente9998@icloud.com
RES05426,2022-05-03,Tulum,Cenote Gran Cenote,Grupal,5,2.0,Mexico,Aleman,1009.12,6054.72,5.4,5.0,,Cancelada,G006,Media,5,2022,cliente5935@yahoo.com
RES05511,2023-07-14,Uxmal,Uxmal + Kabah,Grupal,12,6.0,,Ingles,,19085.25,2.9,2.7,Tarjeta debito,Confirmada,G008,Alta,7,2023,cliente8313@yahoo.com
RES01146,2021-05-09,Uxmal,Uxmal + Kabah,Grupal,5,1.0,Alemania,Ingles,1028.82,5658.51,8.0,,Efectivo,Completada,G010,Media,5,2021,cliente7155@yahoo.com
RES05128,2022-03-01,Holbox,Punta Mosquito,Grupal,13,3.0,España,Portugues,1343.12,-19475.24,10.4,3.8,Tarjeta credito,Completada,G033,Alta,3,2022,@dominio.com
RES04469,2024-02-12,Cancun,Zona Hotelera Tour,Privado,1,0.0,Mexico,Aleman,1013.53,1013.53,8.3,4.8,Tarjeta debito,Completada,G037,Baja,2,2024,cliente2266@icloud.com
RES00668,2023-06-12,Playa del Carmen,Quinta Avenida + Cozumel,Grupal,13,0.0,Mexico,Aleman,915.37,11899.81,,3.7,Tarjeta debito,Completada,G019,Media,6,2023,cliente6358@gmail.com
RES03020,2023-08-27,Tulum,Ruinas de Tulum,Grupal,11,3.0,Canada,Español,1174.11,14676.37,9.6,5.0,T. Credito,Completada,G011,Alta,8,2023,cliente9289@hotmail.com
RES00358,2022-05-21,Chichen Itza,Valladolid + Chichen Itza,Grupal,14,7.0,Estados Unidos,Aleman,1186.83,20769.52,9.8,4.1,Tarjeta debito,Completada,G003,Media,5,2022,cliente9845@yahoo.com
RES05064,2022-04-16,Bacalar,Kayak Canales,Privado,3,0.0,Mexico,Español,1503.3,4509.9,3.8,5.0,Efectivo,Confirmada,G028,Alta,4,2022,cliente3852@gmail.com
RES02832,2022-07-14,Chichen Itza,Chichen Itza + Cenote Ik Kil,Grupal,9,4.0,Mexico,Ingles,1440.04,15840.44,10.2,4.2,Efectivo,Completada,G027,Alta,7,2022,cliente2985@yahoo.com
RES02784,2022-06-13,Cozumel,Buceo Arrecife Palancar,Privado,2,1.0,Italia,Ingles,1781.84,4454.6,5.1,2.8,Efectivo,Completada,G003,Media,6,2022,cliente9275@hotmail.com
RES01354,2021-09-27,Akumal,Snorkel Tortugas Akumal,Grupal,19,9.0,Mexico,Ingles,704.98,16567.03,6.7,4.9,Paypal,Completada,,Baja,9,2021,cliente8105@hotmail.com
RES05132,2023-10-28,Cozumel,Buceo Arrecife Palancar,Privado,3,0.0,Estados Unidos,Ingles,1635.86,4907.58,7.6,3.2,Transferencia,Completada,G017,Media,10,2023,cliente895@yahoo.com
RES00471,2023-01-19,Cancun,Snorkel Arrecife,Grupal,16,0.0,Reino Unido,Español,691.4,11062.4,,5.0,Transferencia,Cancelada,G031,Baja,1,2023,cliente4407@icloud.com
RES02704,2022-10-16,Tulum,Ruinas de Tulum,Privado,3,0.0,Francia,Español,1467.35,4402.05,3.1,5.0,Tarjeta credito,Completada,G034,Media,10,2022,cliente3819@icloud.com
RES03331,2023-10-05,Cozumel,Tour Isla Cozumel,Grupal,15,5.0,Mexico,Español,1036.05,18130.88,7.8,3.8,Tarjeta debito,Completada,,Media,10,2023,cliente9458@outlook.com
RES03638,2021-03-20,Bacalar,Kayak Canales,Grupal,7,2.0,Mexico,Ingles,1119.98,8959.84,2.9,3.8,Crypto,Completada,G005,Alta,3,2021,cliente6802@icloud.com
RES01397,2022-01-07,Holbox,Tour Isla Holbox,Grupal,20,4.0,Mexico,,933.41,20535.02,9.6,1.9,Tarjeta credito,Cancelada,G038,Baja,1,2022,cliente4948@yahoo.com
RES03585,2021-05-04,Merida,Izamal + Merida,Privado,4,2.0,Japon,Español,1119.16,5595.8,4.1,5.0,Tarjeta debito,Cancelada,G024,Media,5,2021,cliente6502@hotmail.com
RES05414,2024-01-01,Playa del Carmen,Xcaret,Grupal,8,0.0,Estados Unidos,Español,701.13,5609.04,4.2,4.9,Transferencia,Completada,G005,Baja,1,2024,cliente5339@outlook.com
RES05263,2024-01-17,Merida,Izamal + Merida,Privado,3,1.0,,Español,975.11,3412.89,4.9,5.0,,Completada,G032,Baja,1,2024,cliente4500@yahoo.com
RES03377,2022-02-03,Uxmal,Ruta Puuc,Privado,4,2.0,Mexico,Español,1232.26,6161.3,5.9,4.1,Efectivo,Completada,G027,Baja,2,2022,cliente9648@icloud.com
RES01257,2023-09-11,Uxmal,Ruta Puuc,Privado,-1,0.0,Mexico,Español,1381.32,1381.32,6.9,5.0,Tarjeta debito,Confirmada,G010,Baja,9,2023,cliente380@gmail.com
RES03513,2022-04-09,Cancun,Isla Mujeres,Privado,2,1.0,Estados Unidos,,1379.94,3449.85,9.3,4.3,Tarjeta credito,Completada,G027,Alta,4,2022,cliente5153@yahoo.com
RES01251,2021-08-16,Cancun,Laguna Nichupte,Privado,1,0.0,Reino Unido,Frances,1466.88,1466.88,8.9,4.1,Tarjeta credito,Completada,G019,Alta,8,2021,cliente2441@hotmail.com
RES05349,2021-11-21,Cancun,Isla Mujeres,Grupal,6,0.0,Argentina,Frances,694.97,4169.82,6.0,5.0,Tarjeta debito,Completada,G010,Media,11,2021,cliente3244@gmail.com
RES05800,2021-01-16,Playa del Carmen,Quinta Avenida + Cozumel,Grupal,11,0.0,Reino Unido,,687.9,7566.9,3.4,2.6,Tarjeta credito,Completada,G021,Baja,1,2021,cliente3695@gmail.com
RES04299,2022-11-15,Chichen Itza,Chichen Itza + Cenote Ik Kil,Grupal,8,4.0,Estados Unidos,Español,1216.33,12163.3,2.5,5.0,Transferencia,Completada,G002,Media,11,2022,cliente9756@gmail.com
RES03285,2022-07-06,Holbox,Tour Isla Holbox,Grupal,20,6.0,Polonia,Español,1215.36,27953.28,7.3,4.8,,Completada,G036,Alta,7,2022,cliente398@hotmail.com
RES02934,2021-08-28,Bacalar,Laguna de los 7 Colores,Grupal,11,0.0,Canada,Español,1060.08,11660.88,,,Tarjeta debito,Completada,G023,Alta,8,2021,cliente4816@gmail.com
RES04176,2022-04-23,Akumal,Snorkel Tortugas Akumal,Grupal,19,8.0,Estados Unidos,Español,986.7,22694.1,7.8,3.2,Efectivo,Completada,G004,Alta,4,2022,cliente9209@outlook.com
RES05269,2022-09-24,Cozumel,Snorkel El Cielo,Privado,4,1.0,,Español,1506.34,6778.53,6.1,,Efectivo,Completada,G013,Baja,9,2022,cliente4831@yahoo.com
RES04911,2023-11-01,Merida,Izamal + Merida,Privado,3,1.0,Estados Unidos,Español,1128.12,3948.42,6.5,4.1,Tarjeta debito,Completada,G015,Media,11,2023,
RES01853,2022-12-08,Uxmal,Ruta Puuc,Grupal,15,0.0,Mexico,Español,1289.84,19347.6,3.0,4.3,Efectivo,Completada,G001,Alta,12,2022,cliente1117@hotmail.com
RES05647,2023-06-25,Cancun,Snorkel Arrecife,Privado,1,0.0,,Español,1092.99,1092.99,4.7,4.9,Transferencia,Completada,G016,Media,6,2023,cliente783@icloud.com
RES05881,2023-05-06,Holbox,Tour Isla Holbox,Privado,3,1.0,Argentina,Italiano,1616.98,5659.43,5.0,5.0,Tarjeta debito,Confirmada,G033,Media,5,2023,us er@gmail.com
RES02106,2023-04-01,Merida,Centro Historico Merida,Grupal,16,3.0,Mexico,Español,883.36,15458.8,3.5,3.7,Tarjeta credito,Confirmada,G026,Alta,4,2023,cliente6640@hotmail.com
RES00134,2022-04-23,Cancun,Isla Mujeres,Privado,3,1.0,Colombia,Español,1449.34,5072.69,7.1,5.0,Efectivo,Completada,G023,Alta,4,2022,cliente2577@gmail.com
RES05237,2022-07-16,Holbox,Punta Mosquito,Grupal,12,4.0,Estados Unidos,Español,1215.59,17018.26,9.6,3.0,Transferencia,Completada,G006,Alta,7,2022,cliente552@outlook.com
RES05030,2022-01-20,Holbox,Avistamiento Tiburon Ballena,Privado,4,1.0,Argentina,Aleman,1364.51,6140.3,5.3,5.0,Paypal,Completada,G005,Baja,1,2022,cliente9456@icloud.com
RES00929,2022-11-26,Playa del Carmen,Xcaret,Grupal,11,1.0,Alemania,Español,894.92,10291.58,8.4,4.9,Efectivo,Cancelada,G002,Media,11,2022,cliente9955@yahoo.com
RES00824,2022-02-06,Cancun,Laguna Nichupte,Grupal,4,1.0,Canada,Español,659.44,2967.48,3.2,4.8,Tarjeta debito,Completada,G033,Baja,2,2022,cliente5821@hotmail.com
RES05481,2023-02-19,Chichen Itza,Chichen Itza + Cenote Ik Kil,Privado,4,2.0,Mexico,Ingles,1680.63,8403.15,6.6,5.0,Tarjeta credito,Completada,G038,Baja,2,2023,cliente7874@icloud.com
RES01532,2021-01-31,Cozumel,Snorkel El Cielo,Grupal,5,0.0,Colombia,Italiano,25000.0,5087.7,10.2,5.0,Efectivo,Pendiente,G032,Baja,1,2021,cliente6123@hotmail.com
RES01215,2022-11-30,Merida,Centro Historico Merida,Privado,1,0.0,Japon,Español,1113.2,1113.2,5.5,,Tarjeta credito,Confirmada,,Media,11,2022,sinArroba.com
RES00505,2022-04-19,Bacalar,Laguna de los 7 Colores,Grupal,16,3.0,Mexico,Español,1128.16,19742.8,4.2,2.8,Efectivo,Confirmada,G040,Alta,4,2022,cliente9917@yahoo.com
RES04286,2022-02-01,Bacalar,Fuerte de San Felipe,Grupal,10,0.0,Mexico,Ingles,834.32,8343.2,2.6,4.1,Transferencia,Completada,G026,Baja,2,2022,cliente1075@icloud.com
RES01997,2023-03-07,Akumal,Snorkel Tortugas Akumal,Grupal,15,2.0,Mexico,Español,1053.08,16849.28,6.3,,Paypal,Completada,G017,Alta,3,2023,cliente7923@hotmail.com
RES03073,2022-09-25,Cancun,Zona Hotelera Tour,Privado,1,0.0,Mexico,Español,906.92,906.92,9.2,4.6,Transferencia,Cancelada,G007,Baja,9,2022,cliente8751@yahoo.com
RES01959,2022-03-21,Playa del Carmen,Xel-Ha,Grupal,14,5.0,Mexico,Español,951.8,15704.7,8.5,4.6,Efectivo,Completada,G018,Alta,3,2022,cliente3401@outlook.com
RES01385,2023-08-30,Chichen Itza,Chichen Itza + Cenote Ik Kil,Grupal,4,0.0,Mexico,Ingles,1529.41,6117.64,5.3,4.3,Efectivo,Confirmada,G031,Alta,8,2023,cliente9155@hotmail.com
RES00895,2022-04-19,Cancun,Isla Mujeres,Grupal,17,4.0,Mexico,Español,904.39,17183.41,8.0,4.3,Tarjeta debito,Completada,G022,Alta,4,2022,cliente4093@hotmail.com
RES04925,2021-02-19,Bacalar,Fuerte de San Felipe,Privado,4,2.0,Brasil,Ingles,1223.6,6118.0,,5.0,Tarjeta credito,Completada,G018,Baja,2,2021,cliente905@outlook.com
RES00456,2021-03-16,Akumal,Snorkel Tortugas Akumal,Privado,3,,Estados Unidos,Frances,1530.6,5357.1,5.2,5.0,Tarjeta debito,Completada,G009,Alta,3,2021,cliente8905@hotmail.com
RES05748,2021-07-29,Merida,Izamal + Merida,Grupal,10,1.0,Canada,,910.76,9562.98,9.8,3.9,Tarjeta debito,Completada,G032,Alta,7,2021,cliente9950@outlook.com
RES03710,2023-12-04,Merida,Centro Historico Merida,Grupal,6,2.0,Francia,Ingles,827.66,5793.62,3.4,,Tarjeta debito,Completada,G028,Alta,12,2023,cliente5754@outlook.com
RES05568,2024-02-18,Merida,Haciendas del Mayab,Grupal,10,1.0,Mexico,Ingles,584.79,6140.3,9.2,4.1,Efectivo,Completada,G037,Baja,2,2024,cliente6407@yahoo.com
RES04850,2022-09-06,Tulum,Sian Ka'an,Grupal,11,2.0,Belgica,Español,759.17,9110.04,4.0,4.0,Efectivo,Completada,G018,Baja,9,2022,cliente8267@yahoo.com
RES04749,2021-06-02,Playa del Carmen,Xel-Ha,Grupal,15,4.0,Estados Unidos,Frances,802.75,13646.75,9.5,5.0,Transferencia,Completada,G039,Media,6,2021,cliente2828@hotmail.com
RES04269,2022-04-03,Chichen Itza,Valladolid + Chichen Itza,Grupal,15,3.0,Mexico,Ingles,1367.89,22570.19,6.5,4.2,Crypto,Confirmada,G025,Alta,4,2022,cliente5687@outlook.com
RES03523,2024-01-25,Uxmal,Uxmal + Kabah,Grupal,5,1.0,Holanda,Ingles,806.56,4436.08,9.0,5.0,Tarjeta credito,Completada,G026,Baja,1,2024,cliente7672@icloud.com
RES04135,2023-03-28,Merida,Izamal + Merida,Grupal,10,3.0,Alemania,Ingles,774.52,-8906.98,9.4,5.0,Tarjeta debito,Completada,G026,Alta,3,2023,cliente9808@yahoo.com
RES03603,2023-10-12,Playa del Carmen,Xel-Ha,Grupal,5,1.0,España,Portugues,831.49,4573.19,7.7,5.0,Tarjeta debito,Completada,G034,Media,10,2023,cliente3045@icloud.com
RES00714,2023-07-10,Tulum,Cenote Gran Cenote,Grupal,10,3.0,Argentina,,1102.56,12679.44,9.2,5.0,Tarjeta credito,Cancelada,G006,Alta,7,2023,
RES04187,2021-11-04,Playa del Carmen,Xel-Ha,Privado,4,1.0,Mexico,Español,1377.58,6199.11,3.8,4.2,Tarjeta debito,Cancelada,G034,Media,11,2021,cliente1475@icloud.com
RES02215,2021-11-24,Playa del Carmen,Xcaret,Grupal,6,3.0,Canada,Español,787.51,5906.32,5.7,5.0,Efectivo,Completada,,Media,11,2021,cliente4834@hotmail.com
RES05302,2021-01-25,Bacalar,Laguna de los 7 Colores,Grupal,9,2.0,Mexico,Español,769.17,7691.7,9.5,2.8,Efectivo,Completada,G036,Baja,1,2021,cliente2846@outlook.com
RES02924,2022-03-22,Cancun,Snorkel Arrecife,Grupal,20,1.0,España,Portugues,848.68,17397.94,,3.9,,Completada,,Alta,3,2022,cliente5281@outlook.com
RES01811,2021-07-12,Akumal,Snorkel Tortugas Akumal,Privado,3,1.0,Alemania,Español,1487.07,5204.74,8.2,4.7,Transferencia,Completada,G001,Alta,7,2021,cliente3358@icloud.com
RES03487,2021-11-14,Tulum,Cenote Dos Ojos,Privado,4,2.0,Suiza,Español,1388.14,6940.7,3.4,4.2,,Completada,G012,Media,11,2021,cliente5979@icloud.com
RES03142,2022-09-14,Tulum,Cenote Gran Cenote,Grupal,5,1.0,Canada,Ingles,811.22,4461.71,7.0,3.9,Efectivo,Completada,G004,Baja,9,2022,cliente6293@outlook.com
RES01828,2023-05-07,Bacalar,Kayak Canales,Grupal,5,1.0,Colombia,Español,913.1,5022.05,10.1,2.7,Tarjeta debito,Cancelada,G003,Media,5,2023,cliente9144@outlook.com
RES01156,2023-07-30,Bacalar,Kayak Canales,Privado,2,0.0,Colombia,Español,1530.97,3061.94,4.3,3.6,Transferencia,Pendiente,G005,Alta,7,2023,
RES01325,2022-08-29,Chichen Itza,Chichen Itza + Cenote Ik Kil,Privado,4,1.0,Estados Unidos,Español,2253.85,10142.32,10.2,4.9,Tarjeta credito,Cancelada,G035,Alta,8,2022,cliente2226@hotmail.com
RES04313,2022-03-07,Holbox,Tour Isla Holbox,Privado,4,1.0,Alemania,Aleman,1912.47,8606.11,5.9,,Transferencia,Completada,G001,Alta,3,2022,cliente4645@gmail.com
RES00511,2023-11-13,Tulum,Cenote Dos Ojos,Privado,4,2.0,,Español,1342.71,6713.55,6.6,1.0,Efectivo,Completada,G030,Media,11,2023,us er@gmail.com
RES01681,2022-08-15,Cancun,Laguna Nichupte,Privado,-2,1.0,Estados Unidos,Aleman,1447.21,3618.03,8.3,3.6,Efectivo,Completada,G007,Alta,8,2022,cliente4388@yahoo.com
RES00500,2022-06-04,Holbox,Punta Mosquito,Grupal,18,4.0,Argentina,Italiano,1080.34,21606.8,10.1,3.7,Tarjeta debito,Completada,G037,Media,6,2022,cliente6134@outlook.com
RES05472,2023-07-06,Chichen Itza,Valladolid + Chichen Itza,Grupal,8,1.0,Francia,Ingles,1510.05,12835.42,10.4,2.3,Tarjeta credito,Pendiente,G027,Alta,7,2023,cliente7923@icloud.com
RES01857,2024-03-08,Tulum,Sian Ka'an,Grupal,17,5.0,,Español,1104.66,21540.87,3.5,3.6,Paypal,Completada,G011,Alta,3,2024,cliente249@gmail.com
RES01389,2023-04-15,Bacalar,Fuerte de San Felipe,Privado,2,1.0,Estados Unidos,Ingles,1630.28,4075.7,7.2,5.0,Efectivo,Completada,G029,Alta,4,2023,cliente7389@yahoo.com
RES03720,2022-11-22,Bacalar,Fuerte de San Felipe,Grupal,11,3.0,Italia,Frances,948.58,11857.25,3.5,4.0,Efectivo,Confirmada,G012,Media,11,2022,cliente3942@outlook.com
RES02387,2023-05-09,Chichen Itza,Chichen Itza + Cenote Ik Kil,Privado,3,0.0,Estados Unidos,Español,1964.41,5893.23,7.1,4.3,Efectivo,Completada,G040,Media,5,2023,cliente2264@hotmail.com
RES03237,2021-01-27,Chichen Itza,Valladolid + Chichen Itza,Grupal,5,1.0,Japon,Español,1114.21,6128.16,9.2,,Efectivo,Completada,,Baja,1,2021,cliente5109@yahoo.com
RES01541,2022-04-17,Cozumel,Snorkel El Cielo,Grupal,4,2.0,Estados Unidos,Ingles,,6686.25,8.9,1.8,Transferencia,Completada,G017,Alta,4,2022,cliente9202@icloud.com
RES01218,2023-08-04,Cancun,Snorkel Arrecife,Privado,3,0.0,Mexico,Ingles,1257.9,3773.7,8.9,,Tarjeta debito,Completada,G017,Alta,8,2023,cliente7668@hotmail.com
RES02682,2021-12-06,Holbox,Avistamiento Tiburon Ballena,Grupal,17,4.0,Francia,Español,1177.75,22377.25,8.5,4.9,Efectivo,Completada,G003,Alta,12,2021,cliente7271@icloud.com
RES02994,2022-06-21,Cancun,Laguna Nichupte,Privado,3,1.0,Estados Unidos,Ingles,1035.63,3624.71,5.1,4.3,Tarjeta debito,Completada,G039,Media,6,2022,cliente1451@hotmail.com
RES01192,2021-11-18,Holbox,Tour Isla Holbox,Privado,2,0.0,Estados Unidos,Español,1585.53,3171.06,3.8,4.1,Efectivo,Completada,G039,Media,11,2021,@dominio.com
RES05294,2023-08-05,Cancun,Zona Hotelera Tour,Grupal,4,1.0,Estados Unidos,Ingles,912.67,4107.01,6.7,3.6,Efectivo,Cancelada,G005,Alta,8,2023,cliente4086@hotmail.com
RES01543,2022-05-08,Akumal,Cenote Yalku,Grupal,10,2.0,Mexico,Español,821.15,9032.65,10.5,4.3,Tarjeta debito,Confirmada,G007,Media,5,2022,cliente8959@yahoo.com
RES03302,2022-01-06,Chichen Itza,Chichen Itza + Cenote Ik Kil,Grupal,19,2.0,Mexico,Portugues,1110.22,22204.4,10.2,5.0,Efectivo,Completada,G015,Baja,1,2022,cliente8734@gmail.com
RES03325,2024-01-12,Cozumel,Buceo Arrecife Palancar,Privado,2,0.0,Francia,Ingles,1520.16,3040.32,5.8,-1.0,Transferencia,Confirmada,G018,Baja,1,2024,cliente903@icloud.com
RES02540,2023-11-01,Uxmal,Uxmal + Kabah,Grupal,20,0.0,,Ingles,968.41,19368.2,9.2,5.0,,Completada,G016,Media,11,2023,cliente5586@gmail.com
RES00954,2023-01-11,Akumal,Snorkel Tortugas Akumal,Grupal,10,1.0,Colombia,Español,713.95,7496.48,3.5,4.9,Paypal,Pendiente,G004,Baja,1,2023,usuario.dominio.com
RES04847,2023-03-02,Cozumel,Tour Isla Cozumel,Grupal,7,2.0,Brasil,Español,1351.35,10810.8,8.6,3.3,Tarjeta credito,Pendiente,G020,Alta,3,2023,cliente1745@outlook.com
RES04331,2023-04-15,Merida,Haciendas del Mayab,Grupal,7,2.0,Colombia,Español,859.27,6874.16,9.5,4.8,Efectivo,Pendiente,G008,Alta,4,2023,cliente7846@yahoo.com
RES00733,2023-06-29,Uxmal,Uxmal + Kabah,Grupal,15,4.0,Reino Unido,Italiano,948.47,16123.99,10.0,3.3,Tarjeta credito,Completada,G015,Media,6,2023,
RES05135,2024-02-25,Akumal,Snorkel Tortugas Akumal,Privado,3,0.0,Argentina,Ingles,,3305.13,9.2,4.6,Tarjeta debito,Completada,G026,Baja,2,2024,cliente3933@icloud.com
RES01157,2024-01-16,Merida,Haciendas del Mayab,Privado,1,0.0,Reino Unido,Portugues,949.26,949.26,6.0,,Tarjeta credito,Completada,G009,Baja,1,2024,cliente5472@gmail.com
RES05592,2023-07-09,Akumal,Cenote Yalku,Privado,4,1.0,Argentina,Español,1536.71,6915.19,5.4,4.0,Transferencia,Confirmada,G039,Alta,7,2023,cliente8159@gmail.com
RES03295,2023/02/04,Merida,Izamal + Merida,Grupal,20,3.0,Estados Unidos,Español,619.03,13309.14,8.8,4.4,,Confirmada,G001,Baja,2,2023,cliente3968@hotmail.com
RES02983,2023-04-27,Chichen Itza,Valladolid + Chichen Itza,Grupal,6,1.0,Italia,Ingles,1564.35,10168.27,4.1,3.8,Tarjeta credito,Completada,G003,Alta,4,2023,cliente6018@outlook.com
RES05306,2022-04-20,Chichen Itza,Valladolid + Chichen Itza,Grupal,18,6.0,Mexico,,1560.84,32777.64,5.9,5.0,Transferencia,Confirmada,G020,Alta,4,2022,cliente3719@outlook.com
RES05162,2022-09-25,Akumal,Cenote Yalku,Grupal,11,0.0,Francia,Portugues,742.5,8167.5,3.2,5.0,Crypto,Pendiente,G007,Baja,9,2022,cliente5429@icloud.com
RES02157,2021-05-20,Playa del Carmen,Xcaret,Privado,2,1.0,Francia,Ingles,1226.22,3065.55,3.6,2.2,Efectivo,Completada,G024,Media,5,2021,cliente3042@yahoo.com
RES01063,2022-01-15,Cozumel,Buceo Arrecife Palancar,Privado,3,1.0,Canada,Español,1300.03,4550.1,,4.7,Transferencia,Completada,G036,Baja,1,2022,cliente6498@gmail.com
RES02617,2022-11-11,Holbox,Avistamiento Tiburon Ballena,Grupal,7,1.0,Canada,Español,997.36,7480.2,9.7,4.8,Paypal,Completada,G009,Media,11,2022,cliente8179@gmail.com
RES01168,2022-02-13,Chichen Itza,Chichen Itza + Cenote Ik Kil,Privado,3,1.0,Mexico,Español,1648.97,5771.4,4.5,2.6,Transferencia,Confirmada,G028,Baja,2,2022,cliente5081@yahoo.com
RES03223,2023-03-12,Cozumel,Tour Isla Cozumel,Privado,3,0.0,Canada,Español,1929.56,5788.68,6.3,3.9,Paypal,Completada,G013,Alta,3,2023,cliente7639@outlook.com
RES03637,2022-08-01,Chichen Itza,Chichen Itza + Cenote Ik Kil,Privado,2,0.0,Estados Unidos,Español,2328.66,4657.32,,5.0,Paypal,Confirmada,G036,Alta,8,2022,cliente1293@hotmail.com
RES02939,2022-02-25,Cancun,Zona Hotelera Tour,Privado,1,0.0,Mexico,Ingles,992.89,992.89,,3.9,Transferencia,Confirmada,G013,Baja,2,2022,cliente4927@gmail.com
RES04492,2023-07-20,Playa del Carmen,Quinta Avenida + Cozumel,Grupal,17,2.0,Estados Unidos,Portugues,965.75,17383.5,10.1,3.9,,Pendiente,G009,Alta,7,2023,cliente8098@icloud.com
RES03141,2022-07-07,Bacalar,Kayak Canales,Grupal,12,0.0,Estados Unidos,Ingles,,14236.92,5.3,2.8,Transferencia,Confirmada,G033,Alta,7,2022,cliente6231@gmail.com
RES04981,2021-11-02,Cancun,Zona Hotelera Tour,Privado,3,0.0,Italia,Español,1115.28,3345.84,5.7,5.0,,Completada,G036,Media,11,2021,cliente6887@outlook.com
RES00144,2021-04-27,Bacalar,Fuerte de San Felipe,Privado,2,0.0,Mexico,Ingles,1556.06,3112.12,6.7,5.0,Transferencia,Completada,G005,Alta,4,2021,cliente2498@yahoo.com
RES03578,2022-11-30,Holbox,Avistamiento Tiburon Ballena,Privado,2,1.0,España,Portugues,1680.86,4202.15,7.6,2.7,Tarjeta credito,Confirmada,G015,Media,11,2022,cliente1644@gmail.com
RES04947,2021-08-16,Chichen Itza,Chichen Itza + Cenote Ik Kil,Privado,3,0.0,Estados Unidos,Español,2225.13,6675.39,9.4,,Transferencia,Completada,,Alta,8,2021,cliente1612@outlook.com
RES02783,2022-10-05,Bacalar,Fuerte de San Felipe,Privado,2,1.0,Brasil,Español,1375.28,3438.2,4.5,4.2,Tarjeta credito,Pendiente,G005,Media,10,2022,cliente3100@icloud.com
RES00718,2021-12-26,Akumal,Cenote Yalku,Grupal,11,5.0,Alemania,Italiano,936.18,12638.43,7.4,4.2,,Pendiente,G007,Alta,12,2021,cliente5776@gmail.com
RES01820,2023-07-22,Uxmal,Uxmal + Kabah,Gruupal,6,0.0,Alemania,Español,1248.11,7488.66,2.6,5.0,Tarjeta debito,Confirmada,G005,Alta,7,2023,cliente2774@outlook.com
RES02503,2022-07-02,Tulum,Ruinas de Tulum,Grupal,14,2.0,Estados Unidos,,1152.25,17283.75,9.0,3.9,Tarjeta debito,Completada,G022,Alta,7,2022,cliente1944@hotmail.com
RES04361,2022-03-02,Chichen Itza,Chichen Itza + Cenote Ik Kil,Grupal,10,4.0,Estados Unidos,Español,1436.65,17239.8,9.8,3.6,Tarjeta debito,Confirmada,G018,Alta,3,2022,cliente638@outlook.com
RES04172,2024-02-09,Playa del Carmen,Quinta Avenida + Cozumel,Privado,4,2.0,Mexico,Español,1123.56,5617.8,10.2,5.0,Transferencia,Completada,G006,Baja,2,2024,cliente9610@gmail.com
RES00396,2021-04-22,Holbox,Punta Mosquito,Privado,3,1.0,Mexico,Español,1776.24,6216.84,8.8,5.0,Tarjeta debito,Completada,G001,Alta,4,2021,cliente961@yahoo.com
RES05836,2022-09-18,Akumal,Cenote Yalku,Grupal,13,1.0,Mexico,Español,690.72,9324.72,7.6,4.8,Tarjeta debito,Pendiente,G022,Baja,9,2022,cliente8474@yahoo.com
RES04493,2023-07-25,Cancun,Isla Mujeres,Privado,1,0.0,Reino Unido,Ingles,1268.01,1268.01,3.5,4.0,Efectivo,Completada,G040,Alta,7,2023,cliente8859@gmail.com
RES01366,2022-06-04,Chichen Itza,Valladolid + Chichen Itza,Grupal,12,4.0,Holanda,Ingles,1215.56,17017.84,4.4,4.9,Transferencia,Completada,G014,Media,6,2022,cliente7327@hotmail.com
RES05498,2021-04-04,Playa del Carmen,Xcaret,Grupal,7,1.0,Brasil,Español,964.23,7231.73,5.8,5.0,Tarjeta credito,Completada,G032,Alta,4,2021,cliente826@outlook.com
RES00596,2022-10-09,Uxmal,Uxmal + Kabah,Grupal,18,3.0,Italia,Italiano,1044.45,20366.78,5.8,2.0,Tarjeta credito,Pendiente,,Media,10,2022,cliente6358@icloud.com
RES03953,2021-12-11,Cancun,Zona Hotelera Tour,Grupal,4,1.0,Estados Unidos,Portugues,863.19,3884.36,7.2,4.0,Tarjeta credito,Cancelada,G036,Alta,12,2021,
RES05393,2021-11-12,Tulum,Ruinas de Tulum,Grupal,13,6.0,Alemania,Ingles,949.29,15188.64,8.7,4.2,Tarjeta debito,Completada,G022,Media,11,2021,cliente5882@yahoo.com
RES04969,2021-02-26,Holbox,Punta Mosquito,Privado,4,0.0,Estados Unidos,Italiano,1411.2,5644.8,8.6,4.8,Tarjeta credito,Completada,G023,Baja,2,2021,sinArroba.com
RES02915,2024-01-07,Playa del Carmen,Quinta Avenida + Cozumel,Grupal,9,3.0,Mexico,Italiano,720.94,7569.87,7.9,5.0,Efectivo,Cancelada,G037,Baja,1,2024,cliente3105@gmail.com
RES02327,2024-02-21,,Fuerte de San Felipe,Privado,4,1.0,Mexico,Ingles,1225.39,5514.26,10.1,5.0,Transferencia,Completada,G034,Baja,2,2024,cliente5427@outlook.com
RES03767,2023-09-27,Chichen Itza,Valladolid + Chichen Itza,Privado,2,,Estados Unidos,Ingles,1420.7,2841.4,2.8,5.0,Efectivo,Completada,G010,Baja,9,2023,cliente9983@gmail.com
RES03441,2021-07-07,Playa del Carmen,Quinta Avenida + Cozumel,Grupal,17,7.0,Mexico,Aleman,963.8,19757.9,5.8,4.0,Efectivo,Completada,G007,Alta,7,2021,cliente6837@hotmail.com
RES03852,2022-07-25,Bacalar,Fuerte de San Felipe,Grupal,9,0.0,Mexico,Español,1029.42,9264.78,7.7,4.7,Efectivo,Completada,G017,Alta,7,2022,
RES04133,2022-08-08,Cozumel,Buceo Arrecife Palancar,Privado,3,0.0,Mexico,Ingles,1869.32,5607.96,10.1,4.7,,Completada,G016,Alta,8,2022,cliente9925@outlook.com
RES05534,2023-07-03,Chichen Itza,Valladolid + Chichen Itza,Privado,3,1.0,Mexico,Ingles,2273.94,7958.79,7.7,1.7,Tarjeta credito,Completada,G006,Alta,7,2023,cliente6648@icloud.com
RES02144,2021-02-07,Chichen Itza,Valladolid + Chichen Itza,Privado,1,0.0,Francia,Español,1475.87,1475.87,8.6,3.7,Tarjeta debito,Completada,G018,Baja,2,2021,cliente1355@icloud.com
RES05565,2023-07-14,Bacalar,Fuerte de San Felipe,Grupal,19,3.0,Brasil,Frances,1047.39,21471.5,3.6,3.9,Tarjeta credito,Confirmada,G036,Alta,7,2023,cliente3920@yahoo.com
RES05074,05-24-2021,Akumal,Cenote Yalku,Grupal,13,0.0,Estados Unidos,Español,741.52,9639.76,8.6,,Paypal,Completada,G015,Media,5,2021,cliente6097@outlook.com
RES01572,2023-05-16,Bacalar,Laguna de los 7 Colores,Grupal,9,2.0,,Ingles,944.21,9442.1,8.6,4.2,Efectivo,Completada,G007,Media,5,2023,cliente7507@gmail.com
RES04080,2021-11-12,Cancun,Zona Hotelera Tour,Grupal,13,0.0,Estados Unidos,Ingles,748.06,9724.78,5.8,5.0,Tarjeta debito,Confirmada,G036,Media,11,2021,cliente4269@gmail.com
RES01123,2024-03-02,Merida,Centro Historico Merida,Privado,3,0.0,,Español,1356.66,4069.98,7.5,5.0,,Completada,G002,Alta,3,2024,cliente6497@icloud.com
RES02787,2021-05-07,Merida,Haciendas del Mayab,Privado,4,2.0,Estados Unidos,Español,998.83,4994.15,8.4,,Tarjeta credito,Completada,G008,Media,5,2021,cliente1294@gmail.com
RES02968,2021-02-10,Uxmal,Ruta Puuc,Privado,2,1.0,Suecia,Español,1174.31,2935.77,9.5,5.0,Tarjeta credito,Completada,G018,Baja,2,2021,cliente5082@yahoo.com
RES02505,2021-04-10,Akumal,Snorkel Tortugas Akumal,Grupal,9,0.0,Mexico,Español,929.07,8361.63,7.5,4.7,Tarjeta debito,Cancelada,G017,Alta,4,2021,@dominio.com
RES03466,2023-05-05,Cozumel,Buceo Arrecife Palancar,Grupal,16,0.0,Estados Unidos,Aleman,1036.95,16591.2,4.2,3.9,Efctivo,Completada,G007,Media,5,2023,cliente5439@hotmail.com
RES00676,2022-05-14,Cozumel,Tour Isla Cozumel,Privado,1,0.0,Estados Unidos,Español,1610.75,1610.75,2.6,5.0,Tarjeta credito,Completada,G034,Media,5,2022,cliente3063@outlook.com
RES02809,2023-11-06,Merida,Izamal + Merida,Grupal,9,4.0,Reino Unido,Italiano,744.66,8191.26,10.0,3.9,Tarjeta credito,Completada,G008,Media,11,2023,cliente892@hotmail.com
RES03349,2022-11-15,Holbox,Tour Isla Holbox,Privado,2,1.0,Estados Unidos,Aleman,1452.31,3630.77,6.3,,Efectivo,Cancelada,G008,Media,11,2022,cliente7686@hotmail.com
RES00729,2022-07-30,Uxmal,Uxmal + Kabah,Privado,3,0.0,,Ingles,1979.03,-5937.09,,,Efectivo,Completada,G040,Alta,7,2022,cliente2005@hotmail.com
RES00413,2023/05/02,Chichen Itza,Valladolid + Chichen Itza,Grupal,6,1.0,Estados Unidos,Frances,1162.18,7554.17,5.6,3.7,Transferencia,Completada,,Media,5,2023,cliente4656@hotmail.com
RES03147,2023-11-11,Playa del Carmen,Xcaret,Grupal,17,3.0,Canada,Italiano,917.27,16969.49,7.8,3.7,Tarjeta debito,Confirmada,G029,Media,11,2023,usuario@
RES01517,2022-05-19,Holbox,Punta Mosquito,Grupal,7,0.0,Estados Unidos,Italiano,1121.3,7849.1,9.8,2.4,Efectivo,Completada,G001,Media,5,2022,cliente9343@outlook.com
RES00826,2023-10-26,Holbox,Tour Isla Holbox,Privado,4,2.0,Mexico,Italiano,1721.58,8607.9,3.1,3.8,Tarjeta credito,Completada,,Media,10,2023,cliente4863@hotmail.com
RES03268,2021-10-17,Chichen Itza,Chichen Itza + Cenote Ik Kil,Privado,4,,Estados Unidos,Aleman,1777.34,7109.36,6.1,4.7,Tarjeta debito,Completada,G018,Media,10,2021,cliente5636@icloud.com
RES03975,2023-11-12,Bacalar,Laguna de los 7 Colores,Grupal,16,6.0,Alemania,Español,886.19,16837.61,6.4,4.4,Transferencia,Completada,G013,Media,11,2023,cliente6864@gmail.com
RES00617,2023-03-10,Holbox,Punta Mosquito,Grupal,18,8.0,Reino Unido,Español,1286.61,28305.42,,4.6,Efectivo,Completada,G040,Alta,3,2023,cliente7638@icloud.com
RES00115,2022-11-05,Uxmal,Ruta Puuc,Grupal,9,3.0,Alemania,Ingles,1085.45,11397.23,5.7,3.9,Efectivo,Pendiente,G030,Media,11,2022,
RES00418,2021-08-27,Cozumel,Buceo Arrecife Palancar,Grupal,8,1.0,Suecia,Ingles,1241.38,10551.73,7.9,5.0,Tarjeta credito,Completada,G035,Alta,8,2021,cliente1454@hotmail.com
RES03070,2022-12-31,Bacalar,Laguna de los 7 Colores,Grupal,4,2.0,,Portugues,1082.83,5414.15,7.4,2.6,Tarjeta debito,Completada,,Alta,12,2022,cliente8356@yahoo.com
RES01626,2023-12-08,Uxmal,Uxmal + Kabah,Grupal,12,2.0,Mexico,Español,,15313.09,4.3,2.6,Transferencia,Completada,G017,Alta,12,2023,@dominio.com
RES05980,2021-12-03,Bacalar,Laguna de los 7 Colores,Grupal,13,2.0,Argentina,Ingles,1147.82,16069.48,5.2,5.0,Tarjeta debito,Completada,G020,Alta,12,2021,cliente1677@yahoo.com
RES04186,2021-01-15,Uxmal,Ruta Puuc,Privado,3,1.0,Estados Unidos,Portugues,1298.73,4545.56,10.1,,Tarjeta credito,Confirmada,G029,Baja,1,2021,cliente1152@icloud.com
RES02897,2023-02-10,Playa del Carmen,Quinta Avenida + Cozumel,Grupal,12,4.0,Estados Unidos,Portugues,791.06,11074.84,5.7,4.0,Tarjeta credito,Cancelada,G001,Baja,2,2023,cliente1376@hotmail.com
RES05637,2022-03-18,Uxmal,Uxmal + Kabah,Grupal,13,5.0,Canada,Español,1210.04,18755.62,6.4,3.7,Paypal,Completada,G011,Alta,3,2022,cliente5527@outlook.com
RES02083,2022-10-04,Cancun,Laguna Nichupte,Privado,4,2.0,Argentina,Ingles,1150.51,5752.55,8.7,,Efectivo,Pendiente,G018,Media,10,2022,cliente1624@yahoo.com
RES00754,2023-06-04,Tulum,Ruinas de Tulum,Grupal,16,8.0,Estados Unidos,Frances,994.61,19892.2,3.9,4.2,Transferencia,Completada,G008,Media,6,2023,cliente7502@icloud.com
RES02547,2024-01-22,Akumal,Snorkel Tortugas Akumal,Privado,3,1.0,Estados Unidos,Español,1053.64,3687.74,8.9,3.7,Tarjeta credito,Completada,,Baja,1,2024,cliente1214@yahoo.com
RES03970,2021-11-09,Tulum,Sian Ka'an,Grupal,8,2.0,Mexico,Ingles,944.26,8498.34,5.0,5.0,Tarjeta debito,Confirmada,G014,Media,11,2021,cliente7524@outlook.com
RES03374,2023-08-06,Bacalar,Fuerte de San Felipe,Privado,2,,Suecia,Ingles,1546.11,3092.22,4.0,5.0,Tarjeta credito,Completada,G009,Alta,8,2023,cliente5719@gmail.com
RES04108,2021-06-24,Playa del Carmen,Xel-Ha,Privado,3,0.0,Canada,Español,1350.92,4052.76,3.4,5.0,Tarjeta debito,Completada,G015,Media,6,2021,cliente908@hotmail.com
RES02445,2021-08-27,Holbox,Tour Isla Holbox,Grupal,17,3.0,Polonia,Ingles,1233.75,22824.38,8.3,4.4,Tarjeta debito,Completada,G014,Alta,8,2021,cliente4275@gmail.com
RES04381,2022-03-04,Cancun,Snorkel Arrecife,Privado,3,1.0,Australia,,1267.44,4436.04,6.8,4.7,Tarjeta credito,Completada,G008,Alta,3,2022,cliente7119@outlook.com
RES01067,2021-10-13,Merida,Izamal + Merida,Grupal,9,4.0,Argentina,Frances,701.76,7719.36,7.6,5.0,Transferencia,Confirmada,G016,Media,10,2021,cliente7365@yahoo.com
RES03914,2023-01-09,Akumal,Snorkel Tortugas Akumal,Grupal,10,5.0,Argentina,Aleman,712.57,8907.12,,4.9,Tarjeta debito,Completada,G034,Baja,1,2023,cliente9052@yahoo.com
RES05288,2021-06-10,Cozumel,Tour Isla Cozumel,Grupal,8,4.0,Francia,Ingles,1071.59,10715.9,7.5,4.8,Tarjeta credito,Completada,G038,Media,6,2021,cliente687@icloud.com
RES05388,2021-05-11,Merida,Centro Historico Merida,Grupal,14,,Mexico,Ingles,756.57,10970.27,10.1,3.8,Efectivo,Completada,G004,Media,5,2021,cliente571@yahoo.com
RES03499,2021-04-05,Holbox,Punta Mosquito,Grupal,13,2.0,Mexico,Aleman,1296.1,18145.4,3.2,3.9,Tarjeta credito,Completada,G015,Alta,4,2021,cliente7649@icloud.com
RES02739,2021-11-17,Uxmal,Ruta Puuc,Grupal,4,1.0,Canada,Español,984.32,4429.44,4.2,4.1,Paypal,Completada,G028,Media,11,2021,cliente487@hotmail.com
RES05053,2022-12-04,Cancun,Zona Hotelera Tour,Grupal,17,3.0,Canada,Ingles,894.51,16548.44,5.3,5.0,Tarjeta credito,Completada,G030,Alta,12,2022,cliente7662@outlook.com
RES04001,2023-05-17,Uxmal,Ruta Puuc,Privado,4,2.0,Mexico,Español,1419.17,7095.85,9.8,5.0,Tarjeta credito,Completada,G039,Media,5,2023,@dominio.com
RES01569,2024-01-26,Chichen Itza,Chichen Itza + Cenote Ik Kil,Grupal,6,1.0,Holanda,Aleman,1041.89,6772.29,5.1,3.7,Efectivo,Cancelada,G020,Baja,1,2024,cliente9706@hotmail.com
RES02428,2021-07-22,Akumal,Cenote Yalku,privado,4,0.0,Mexico,Ingles,1390.89,5563.56,8.5,4.8,Tarjeta credito,Completada,G038,Alta,7,2021,cliente5209@yahoo.com
RES03747,2023-06-04,Cancun,Snorkel Arrecife,Privado,4,2.0,España,Ingles,1067.27,5336.35,8.4,4.6,Tarjeta debito,Confirmada,G012,Media,6,2023,cliente1422@icloud.com
RES05596,2021-02-01,Bacalar,Kayak Canales,Grupal,13,3.0,Estados Unidos,Ingles,759.95,11019.28,2.9,5.0,Tarjeta debito,Completada,G038,Baja,2,2021,cliente1433@hotmail.com
RES01688,2023-07-06,Holbox,Punta Mosquito,Grupal,6,0.0,Suecia,Español,1255.13,7530.78,9.0,4.7,,Completada,,Alta,7,2023,cliente9960@yahoo.com
RES00852,2023-05-07,Uxmal,Ruta Puuc,Grupal,11,5.0,Estados Unidos,Español,1025.01,13837.64,5.1,5.0,Tarjeta debito,Completada,G016,Media,5,2023,cliente7305@hotmail.com
RES03547,2021-11-29,Holbox,Avistamiento Tiburon Ballena,Privado,4,1.0,Mexico,Español,1592.87,7167.91,,2.4,Tarjeta debito,Completada,G037,Media,11,2021,cliente354@yahoo.com
RES00896,2021-07-26,Tulum,Sian Ka'an,Grupal,15,0.0,Alemania,Español,1070.78,16061.7,8.1,4.2,Efectivo,Completada,G013,Alta,7,2021,usuario@
RES04593,2022-04-08,Uxmal,Uxmal + Kabah,Grupal,20,10.0,Alemania,Italiano,1176.3,29407.5,,1.0,Tarjeta debito,Confirmada,G001,Alta,4,2022,cliente7251@outlook.com
RES00336,2021-01-18,Uxmal,Uxmal + Kabah,Grupal,6,0.0,Francia,Español,783.77,4702.62,5.9,4.8,Tarjeta credito,Completada,G007,Baja,1,2021,cliente6666@icloud.com
RES02840,2021-07-05,Akumal,Cenote Yalku,Grupal,12,0.0,Francia,Aleman,1054.57,12654.84,3.6,3.7,Tarjeta debito,Pendiente,G033,Alta,7,2021,us er@gmail.com
RES03088,2021-02-24,Holbox,Punta Mosquito,Grupal,11,2.0,Mexico,Español,827.95,9935.4,6.5,5.0,Efectivo,Completada,G013,Baja,2,2021,cliente9285@hotmail.com
RES04612,2023-08-11,Playa del Carmen,Quinta Avenida + Cozumel,Grupal,19,4.0,Estados Unidos,Español,,21106.89,6.9,5.0,Tarjeta credito,Completada,G032,Alta,8,2023,cliente9534@gmail.com
RES01349,2023-02-28,Holbox,Punta Mosquito,Privado,3,,Mexico,Español,1235.09,3705.27,4.5,3.7,Tarjeta credito,Completada,G035,Baja,2,2023,cliente3080@gmail.com
RES01016,2024-01-22,Holbox,Avistamiento Tiburon Ballena,Grupal,19,3.0,Colombia,Español,867.53,17784.36,7.1,4.9,Tarjeta credito,Cancelada,G003,Baja,1,2024,cliente4052@gmail.com
RES02817,2024-02-18,Tulum,Ruinas de Tulum,Grupal,10,3.0,Polonia,Español,857.2,9857.8,2.8,4.3,Tarjeta debito,Completada,G038,Baja,2,2024,cliente176@icloud.com
RES01632,2023-01-07,Bacalar,Laguna de los 7 Colores,Grupal,7,,Alemania,Español,781.56,6252.48,7.9,4.7,Tarjeta credito,Completada,G018,Baja,1,2023,cliente8360@icloud.com
RES02490,2021-10-09,Merida,Centro Historico Merida,Privado,2,0.0,Estados Unidos,Español,1027.52,2055.04,10.3,,Efectivo,Cancelada,G012,Media,10,2021,cliente1035@yahoo.com
RES03731,2023-08-21,Merida,Izamal + Merida,Privado,3,0.0,Canada,,1368.17,4104.51,5.7,5.0,Tarjeta debito,Completada,G010,Alta,8,2023,cliente2722@hotmail.com
RES03252,2022-09-06,Merida,Haciendas del Mayab,Privado,4,2.0,,Español,944.54,4722.7,8.8,5.0,Tarjeta debito,Pendiente,G021,Baja,9,2022,@dominio.com
RES05590,2022-07-14,Bacalar,Laguna de los 7 Colores,Grupal,12,2.0,Mexico,Ingles,1183.27,15382.51,2.7,3.4,Efectivo,Confirmada,G003,Alta,7,2022,cliente3195@gmail.com
RES02071,2024-02-05,Tulum,Cenote Gran Cenote,Grupal,5,1.0,Canada,Español,824.22,4533.21,7.1,,Transferencia,Completada,G021,Baja,2,2024,cliente1452@outlook.com
RES04453,2021-02-18,Akumal,Snorkel Tortugas Akumal,Grupal,15,7.0,Mexico,Ingles,629.17,11639.64,6.1,5.0,Tarjeta credito,Confirmada,G027,Baja,2,2021,cliente7748@gmail.com
RES05898,2022-12-21,Merida,Izamal + Merida,Privado,2,1.0,Mexico,Ingles,1193.12,2982.8,,3.6,Efectivo,Completada,G020,Alta,12,2022,us er@gmail.com
RES05409,2021-11-03,Cancun,Isla Mujeres,Privado,4,1.0,Alemania,Ingles,,4908.91,9.4,3.8,Paypal,Confirmada,G035,Media,11,2021,cliente2142@icloud.com
RES01636,2021-12-26,Holbox,Tour Isla Holbox,Privado,3,1.0,Mexico,Ingles,1996.99,6989.47,9.4,4.0,,Completada,G037,Alta,12,2021,cliente1359@gmail.com
RES04647,2021-02-16,Chichen Itza,Valladolid + Chichen Itza,Privado,4,2.0,Colombia,Ingles,1619.12,8095.6,9.1,4.8,Transferencia,Completada,G034,Baja,2,2021,@dominio.com
RES02480,2021-06-23,Cancun,Isla Mujeres,Grupal,20,0.0,Mexico,Español,754.65,15093.0,6.5,3.7,Transferencia,Pendiente,G017,Media,6,2021,cliente8787@icloud.com
RES02266,2022-10-17,Cancun,Laguna Nichupte,Grupal,4,1.0,Italia,Español,819.42,3687.39,3.1,3.9,Tarjeta credito,Completada,G006,Media,10,2022,cliente9127@gmail.com
RES02960,2024-03-14,Bacalar,Laguna de los 7 Colores,Grupal,5,2.0,Estados Unidos,,1022.15,6132.9,10.1,2.1,Tarjeta credito,Confirmada,G020,Alta,3,2024,cliente6851@yahoo.com
RES05324,2023-12-27,Merida,Izamal + Merida,Privado,2,,Brasil,Español,1169.75,2924.38,3.1,4.1,Tarjeta credito,Pendiente,G005,Alta,12,2023,cliente9471@gmail.com
RES05708,2021-12-13,Cancun,Snorkel Arrecife,Grupal,6,1.0,Mexico,,883.06,5739.89,2.6,5.0,Transferencia,Completada,G010,Alta,12,2021,cliente3194@yahoo.com
RES03060,2022-09-11,Playa del Carmen,Xel-Ha,Grupal,16,0.0,Suecia,Frances,740.57,11849.12,3.2,3.6,Tarjeta credito,Completada,G038,Baja,9,2022,cliente206@gmail.com
RES05054,2022-06-28,Playa del Carmen,Quinta Avenida + Cozumel,Grupal,8,3.0,Mexico,Español,887.43,8430.58,10.4,4.2,Efectivo,Completada,G039,Media,6,2022,cliente1518@hotmail.com
RES02142,2023-06-18,Akumal,Snorkel Tortugas Akumal,Grupal,17,3.0,Mexico,Ingles,790.2,14618.7,7.7,4.1,efectivo,Completada,G010,Media,6,2023,cliente8982@hotmail.com
RES05105,2023-06-03,Chichen Itza,Valladolid + Chichen Itza,Privado,4,1.0,Canada,Español,1838.09,8271.4,9.6,4.9,Tarjeta credito,Completada,G006,Media,6,2023,cliente5797@icloud.com
RES03119,2022-10-18,Uxmal,Ruta Puuc,Grupal,6,2.0,Australia,Español,1045.83,7320.81,7.2,5.0,Efectivo,Completada,G007,Media,10,2022,cliente2898@yahoo.com
RES05189,2022-03-12,Playa del Carmen,Xel-Ha,Grupal,14,,Italia,,1012.37,15185.55,5.1,4.7,Tarjeta credito,Completada,,Alta,3,2022,cliente7587@gmail.com
RES05666,2021-04-07,Bacalar,Fuerte de San Felipe,Grupal,17,0.0,Canada,Ingles,1089.1,18514.7,3.5,5.0,Tarjeta credito,Completada,G020,Alta,4,2021,cliente4477@yahoo.com
RES04046,2021-11-06,Bacalar,Laguna de los 7 Colores,Privado,2,0.0,Suecia,Aleman,1277.55,2555.1,3.1,5.0,Tarjeta credito,Completada,G036,Media,11,2021,cliente1658@icloud.com
RES03357,2022-05-16,Bacalar,Fuerte de San Felipe,Grupal,7,2.0,Francia,Español,906.67,7253.36,10.4,4.8,Efectivo,Completada,G004,Media,5,2022,cliente6461@gmail.com
RES02745,2021-05-07,Holbox,Punta Mosquito,Grupal,7,2.0,Estados Unidos,Ingles,1011.32,8090.56,8.3,,Tarjeta debito,Completada,G001,Media,5,2021,
RES05093,2022-01-27,Playa del Carmen,Xcaret,Privado,4,1.0,Francia,Aleman,1148.07,5166.31,6.4,3.8,Tarjeta debito,Confirmada,G032,Baja,1,2022,cliente1621@outlook.com
RES03507,2023-03-19,Tulum,Cenote Gran Cenote,Grupal,7,3.0,Mexico,Español,1219.31,10364.14,10.4,5.0,Paypal,Completada,G008,Alta,3,2023,cliente7785@hotmail.com
RES01680,2023-07-07,Akumal,Snorkel Tortugas Akumal,Privado,3,0.0,Mexico,Ingles,1421.8,4265.4,5.6,3.8,Transferencia,Completada,G007,Alta,7,2023,cliente2970@outlook.com
RES04250,2022-10-18,Bacalar,Kayak Canales,Grupal,15,7.0,Mexico,Aleman,838.39,15510.22,4.3,1.0,Tarjeta credito,Pendiente,G015,Media,10,2022,cliente2603@outlook.com
RES03148,2024-01-20,Playa del Carmen,Xcaret,Grupal,15,,Mexico,Ingles,,12101.22,4.8,4.2,Crypto,Completada,G037,Baja,1,2024,sinArroba.com
RES02295,2022-09-20,Merida,Izamal + Merida,Grupal,19,3.0,Francia,Ingles,561.18,11504.19,6.8,4.4,Tarjeta credito,Completada,G006,Baja,9,2022,cliente3554@gmail.com
RES00581,2022-04-24,Chichen Itza,Chichen Itza + Cenote Ik Kil,Grupal,20,6.0,Estados Unidos,Español,1447.57,33294.11,5.7,3.4,Tarjeta credito,Confirmada,G026,Alta,4,2022,us er@gmail.com
RES01471,2022-11-23,Cozumel,Snorkel El Cielo,Grupal,14,6.0,Australia,,1120.4,19046.8,8.6,1.9,Tarjeta credito,Confirmada,G010,Media,11,2022,cliente9950@gmail.com
RES04800,2022-08-04,Akumal,Cenote Yalku,Grupal,11,0.0,Mexico,Ingles,969.47,10664.17,4.6,2.8,Tarjeta debito,Completada,G034,Alta,8,2022,cliente4318@gmail.com
RES04071,2021-01-06,Playa del Carmen,Quinta Avenida + Cozumel,Grupal,16,8.0,Mexico,Español,787.29,15745.8,3.6,4.2,Efectivo,Confirmada,G038,Baja,1,2021,cliente5490@outlook.com
RES05309,2021-09-14,Uxmal,Ruta Puuc,Privado,4,2.0,Reino Unido,Frances,1383.4,6917.0,8.3,4.3,Tarjeta debito,Completada,G018,Baja,9,2021,cliente6209@outlook.com
RES03344,2021-01-25,Holbox,Avistamiento Tiburon Ballena,Privado,1,0.0,Brasil,Portugues,1283.73,1283.73,2.7,3.9,Efectivo,Completada,,Baja,1,2021,cliente2592@yahoo.com
RES04993,2023-01-26,Tulum,Cenote Dos Ojos,Grupal,8,4.0,Canada,Español,806.96,8069.6,4.5,4.6,Transferencia,Cancelada,G019,Baja,1,2023,cliente5330@gmail.com
RES04584,2022-09-03,Cozumel,Buceo Arrecife Palancar,Grupal,18,2.0,Estados Unidos,Español,1026.49,19503.31,,5.0,Tarjeta credito,Completada,G008,Baja,9,2022,cliente5018@outlook.com
RES03673,2023-04-13,Playa del Carmen,Xcaret,Grupal,18,1.0,Estados Unidos,Español,1027.13,19001.91,2.7,5.0,Transferencia,Completada,G022,Alta,4,2023,cliente4712@hotmail.com
RES00560,2022-03-25,Cozumel,Snorkel El Cielo,Grupal,7,2.0,Estados Unidos,Ingles,1230.8,9846.4,,,Efectivo,Completada,G019,Alta,3,2022,cliente7052@gmail.com
RES05238,2022-07-02,Playa del Carmen,Xcaret,Privado,4,2.0,Mexico,Italiano,1617.66,8088.3,4.4,3.1,Tarjeta credito,Completada,G005,Alta,7,2022,cliente3351@hotmail.com
RES05216,2022-12-12,Tulum,Ruinas de Tulum,Privado,3,0.0,Francia,Español,1856.11,5568.33,3.2,2.8,Efectivo,Cancelada,G009,Alta,12,2022,cliente5129@gmail.com
RES02850,2022-04-18,Playa del Carmen,Quinta Avenida + Cozumel,Grupal,15,3.0,España,Español,1118.56,18456.24,5.1,4.1,Tarjeta debito,Completada,G035,Alta,4,2022,cliente3460@outlook.com
RES00513,2024-03-25,Chichen Itza,Chichen Itza + Cenote Ik Kil,Grupal,4,1.0,Reino Unido,Español,1414.08,6363.36,6.9,4.7,Transferencia,Pendiente,G022,Alta,3,2024,usuario.dominio.com
RES04730,2023-05-17,Tulum,Ruinas de Tulum,Grupal,6,1.0,Italia,Ingles,966.72,6283.68,9.5,4.6,Efectivo,Completada,G031,Media,5,2023,cliente3342@outlook.com
RES01082,2023-03-26,Chichen Itza,Chichen Itza + Cenote Ik Kil,Grupal,18,9.0,Italia,Italiano,1330.47,29935.58,3.5,4.1,Tarjeta debito,Completada,G025,Alta,3,2023,cliente5680@outlook.com
RES01665,2021-05-18,Uxmal,Ruta Puuc,Grupal,18,8.0,España,Ingles,969.88,21337.36,5.5,5.0,Tarjeta debito,Confirmada,G035,Media,5,2021,cliente6766@hotmail.com
RES01013,2024-01-07,Playa del Carmen,Quinta Avenida + Cozumel,Grupal,13,1.0,Holanda,Ingles,747.89,10096.51,,5.0,Tarjeta debito,Cancelada,G017,Baja,1,2024,
RES01932,2022-07-28,Playa del Carmen,Xel-Ha,Privado,4,2.0,Mexico,Español,1597.52,7987.6,6.9,5.0,Paypal,Cancelada,G005,Alta,7,2022,cliente4934@gmail.com
RES01151,2021-07-23,Bacalar,Kayak Canales,Grupal,11,4.0,Argentina,Español,1104.34,14356.42,5.1,,Tarjeta debito,Completada,G015,Alta,7,2021,cliente7130@yahoo.com
RES02839,2023-10-28,Holbox,Tour Isla Holbox,Grupal,6,1.0,Mexico,Español,1055.31,6859.51,7.9,2.6,Transferencia,Cancelada,G016,Media,10,2023,cliente4424@icloud.com
RES00117,2022-11-01,Cozumel,Buceo Arrecife Palancar,Grupal,14,6.0,España,Español,1199.54,20392.18,9.1,4.4,Tarjeta credito,Cancelada,G009,Media,11,2022,cliente8834@gmail.com
RES00741,2021-07-14,Cancun,Zona Hotelera Tour,Grupal,-19,1.0,Estados Unidos,Español,,17715.94,4.0,4.8,Tarjeta debito,Completada,G029,Alta,7,2021,cliente3949@outlook.com
RES05799,2022-12-09,Chichen Itza,Valladolid + Chichen Itza,Privado,4,0.0,Suecia,Ingles,2329.86,9319.44,4.8,3.8,,Completada,G019,Alta,12,2022,us er@gmail.com
RES05178,2023-06-10,Cancun,Laguna Nichupte,Grupal,14,7.0,Australia,Español,796.56,13939.8,8.8,3.9,Efctivo,Completada,G036,Media,6,2023,cliente2469@gmail.com
RES03676,2024-01-27,Uxmal,Uxmal + Kabah,Privado,1,0.0,Alemania,Ingles,1291.02,1291.02,10.4,3.7,Transferencia,Confirmada,G009,Baja,1,2024,cliente7039@outlook.com
RES00831,2022-12-21,Cozumel,Snorkel El Cielo,Grupal,12,4.0,Alemania,Portugues,1287.32,18022.48,7.9,,Tarjeta debito,Pendiente,G022,Alta,12,2022,cliente2478@outlook.com
RES00120,2023-10-06,Chichen Itza,Valladolid + Chichen Itza,Privado,2,0.0,Mexico,Español,1722.17,3444.34,6.3,1.0,Efectivo,Completada,G003,Media,10,2023,cliente8434@gmail.com
RES04753,2022-11-08,Merida,Centro Historico Merida,Grupal,13,5.0,Francia,Español,653.49,10129.09,3.6,5.0,Efectivo,Completada,G035,Media,11,2022,cliente7386@icloud.com
RES05765,2023-05-06,Akumal,Snorkel Tortugas Akumal,Privado,2,0.0,Argentina,Español,1220.03,150000.0,6.0,3.2,Transferencia,Completada,G026,Media,5,2023,cliente5532@icloud.com
RES05717,2022-12-12,Akumal,Cenote Yalku,Privado,3,1.0,Mexico,,1392.82,4874.87,3.1,4.0,Tarjeta debito,Cancelada,G033,Alta,12,2022,@dominio.com
RES05969,2021-12-31,Playa del Carmen,Xcaret,Grupal,15,6.0,Estados Unidos,Frances,1111.88,20013.84,9.5,4.9,Efectivo,Completada,G032,Alta,12,2021,
RES00636,2023-07-30,Akumal,Snorkel Tortugas Akumal,Grupal,12,5.0,Estados Unidos,Ingles,952.69,13814.01,2.7,,Paypal,Pendiente,G022,Alta,7,2023,cliente226@icloud.com
RES04466,2023-05-14,Akumal,Cenote Yalku,Grupal,20,5.0,Mexico,Aleman,770.94,17346.15,5.0,4.2,Tarjeta credito,Completada,G024,Media,5,2023,
RES04365,2024-02-02,Uxmal,Ruta Puuc,Grupal,15,2.0,Mexico,Ingles,913.49,14615.84,3.8,4.8,Tarjeta debito,Completada,G011,Baja,2,2024,cliente355@hotmail.com
RES04143,2022-12-16,Bacalar,Fuerte de San Felipe,Privado,1,0.0,Mexico,Español,1523.32,1523.32,5.3,4.2,Tarjeta debito,Completada,G038,Alta,12,2022,cliente4093@icloud.com
RES00992,2024-01-10,Playa del Carmen,Xel-Ha,Grupal,16,3.0,Mexico,Español,684.46,11978.05,3.6,2.2,Tarjeta credito,Completada,G006,Baja,1,2024,cliente6701@hotmail.com
RES00877,2022-01-23,Akumal,Cenote Yalku,Grupal,17,4.0,Suecia,Portugues,744.61,14147.59,8.6,3.7,Tarjeta credito,Completada,,Baja,1,2022,cliente1115@icloud.com
RES04870,2021-05-23,Merida,Centro Historico Merida,Grupal,15,5.0,Estados Unidos,Italiano,767.56,13432.3,2.6,4.1,Tarjeta debito,Completada,G023,Media,5,2021,
RES05316,2021-10-31,Cancun,Isla Mujeres,Grupal,5,1.0,Mexico,Español,816.2,4489.1,2.6,4.6,Tarjeta debito,Confirmada,G026,Media,10,2021,cliente8276@gmail.com
RES05223,2021-12-03,Merida,Izamal + Merida,Privado,4,1.0,Estados Unidos,Español,1251.42,5631.39,,3.8,Efectivo,Completada,G025,Alta,12,2021,cliente5190@hotmail.com
RES00005,2022-11-19,Cozumel,Snorkel El Cielo,Grupal,18,2.0,Brasil,Ingles,1038.14,19724.66,6.1,2.4,Efectivo,Completada,,Media,11,2022,cliente3855@yahoo.com
RES03052,2023-01-07,Cozumel,Tour Isla Cozumel,Grupal,5,2.0,Italia,Español,937.98,5627.88,6.5,4.9,Efectivo,Completada,G010,Baja,1,2023,cliente7804@hotmail.com
RES03125,2022-02-04,Tulum,Cenote Dos Ojos,Grupal,19,5.0,Estados Unidos,Español,755.86,16250.99,5.4,,Tarjeta credito,Completada,G016,Baja,2,2022,cliente6852@hotmail.com
RES02661,2023-04-18,Cozumel,Tour Isla Cozumel,Grupal,5,2.0,Estados Unidos,Español,1361.56,8169.36,7.6,2.8,Tarjeta credito,Completada,G028,Alta,4,2023,cliente6095@icloud.com
RES02492,2021-03-28,Tulum,Sian Ka'an,Privado,4,,Brasil,Español,1639.87,6559.48,7.8,4.8,,Completada,G017,Alta,3,2021,cliente3989@yahoo.com
RES05174,2021-04-06,Cancun,Snorkel Arrecife,Grupal,5,0.0,Estados Unidos,Español,889.6,4448.0,8.7,5.0,Efectivo,Completada,G010,Alta,4,2021,cliente1763@yahoo.com
RES03855,2022-10-25,Chichen Itza,Valladolid + Chichen Itza,Grupal,11,1.0,Alemania,Italiano,1148.82,13211.43,6.7,5.0,,Completada,G007,Media,10,2022,cliente6852@icloud.com
RES04934,2024-03-10,Merida,Izamal + Merida,Grupal,18,0.0,Mexico,Español,789.68,14214.24,7.6,4.9,Tarjeta debito,Completada,G038,Alta,3,2024,cliente1861@yahoo.com
RES04778,2023-12-13,Merida,Centro Historico Merida,Grupal,16,8.0,Mexico,Español,882.9,17658.0,8.4,,Tarjeta credito,Cancelada,G018,Alta,12,2023,cliente9927@icloud.com
RES01716,2021-03-02,Playa del Carmen,Quinta Avenida + Cozumel,Grupal,11,4.0,Estados Unidos,Español,979.75,12736.75,4.0,5.0,Paypal,Cancelada,G002,Alta,3,2021,cliente5976@yahoo.com
RES01149,2021-07-31,Merida,Haciendas del Mayab,Privado,3,1.0,Estados Unidos,Ingles,1203.17,4211.1,9.6,5.0,Efectivo,Completada,G037,Alta,7,2021,cliente8527@icloud.com
RES03262,2024-01-10,Bacalar,Laguna de los 7 Colores,Grupal,11,2.0,Japon,Ingles,768.57,9222.84,7.8,,Efectivo,Completada,G020,Baja,1,2024,cliente8096@yahoo.com
RES00575,2023-10-31,Uxmal,Uxmal + Kabah,Grupal,14,5.0,Mexico,Aleman,1081.48,17844.42,4.1,2.7,Tarjeta credito,Completada,G017,Media,10,2023,@dominio.com
RES03770,2022-02-17,Playa del Carmen,Quinta Avenida + Cozumel,Grupal,9,1.0,Alemania,Italiano,674.6,6408.7,10.1,4.1,,Completada,G020,Baja,2,2022,cliente5143@hotmail.com
RES03737,2022-10-14,Playa del Carmen,Quinta Avenida + Cozumel,Privado,3,1.0,Francia,Español,1288.55,4509.93,8.6,4.9,Tarjeta credito,Completada,G037,Media,10,2022,cliente4464@yahoo.com
RES04147,2021-03-28,Tulum,Ruinas de Tulum,Grupal,8,4.0,,,1090.87,10908.7,3.2,4.8,Paypal,Completada,G008,Alta,3,2021,
RES00854,2021-04-25,Chichen Itza,Chichen Itza + Cenote Ik Kil,Grupal,20,4.0,Mexico,Ingles,1364.96,30029.12,3.2,2.8,Tarjeta credito,Cancelada,G010,Alta,4,2021,cliente662@icloud.com
RES01983,2024-01-04,Cancun,Zona Hotelera Tour,Grupal,20,3.0,Brasil,Italiano,626.3,13465.45,3.2,2.9,Tarjeta debito,Cancelada,G006,Baja,1,2024,cliente8838@yahoo.com
RES02775,2022-09-29,Merida,Haciendas del Mayab,Privado,4,2.0,Estados Unidos,Español,914.81,4574.05,8.9,3.7,Tarjeta debito,Cancelada,G008,Baja,9,2022,cliente9490@icloud.com
RES04930,2022-04-26,Tulum,Cenote Dos Ojos,Privado,2,1.0,Mexico,Ingles,1806.4,4516.0,8.0,5.0,Tarjeta debito,Completada,G024,Alta,4,2022,cliente2252@icloud.com
RES05212,2022-05-05,Chichen Itza,Valladolid + Chichen Itza,Privado,1,0.0,Estados Unidos,Español,1974.32,1974.32,3.5,4.1,Transferencia,Cancelada,G029,Media,5,2022,cliente7109@yahoo.com
RES01167,2022-04-28,Merida,Centro Historico Merida,Privado,4,1.0,Estados Unidos,Ingles,1342.66,6041.97,,5.0,Efectivo,Completada,G001,Alta,4,2022,
RES00972,2023-03-07,Cozumel,Tour Isla Cozumel,Privado,2,0.0,Francia,Ingles,2065.73,4131.46,9.7,4.7,Paypal,Completada,G037,Alta,3,2023,cliente4617@gmail.com
RES02702,2022-04-20,Cozumel,Tour Isla Cozumel,Grupal,8,0.0,Argentina,Ingles,1407.31,11258.48,9.2,4.9,Tarjeta credito,Completada,G036,Alta,4,2022,cliente7170@icloud.com
RES04496,2022-02-15,Cancun,Laguna Nichupte,Privado,3,0.0,Canada,,889.84,2669.52,3.5,5.0,Efectivo,Completada,G008,Baja,2,2022,cliente7776@yahoo.com
RES03848,2022-08-07,Cancun,Laguna Nichupte,Grupal,20,8.0,Estados Unidos,Español,965.85,23180.4,8.4,1.0,Efectivo,Completada,G002,Alta,8,2022,cliente1033@icloud.com
RES02369,2021-10-31,Cancun,Isla Mujeres,Grupal,8,3.0,Colombia,Ingles,793.45,7537.78,9.6,,Tarjeta credito,Completada,G033,Media,10,2021,cliente6487@outlook.com
RES04116,2023-02-22,Akumal,Snorkel Tortugas Akumal,Grupal,20,4.0,Alemania,Italiano,683.76,15042.72,6.4,4.7,Tarjeta credito,Cancelada,G025,Baja,2,2023,
RES04781,2023-03-04,Chichen Itza,Valladolid + Chichen Itza,Grupal,16,6.0,Alemania,Ingles,1500.34,28506.46,5.7,5.0,Efectivo,Completada,G011,Alta,3,2023,cliente1095@gmail.com
RES04132,2024-03-24,Chichen Itza,Valladolid + Chichen Itza,Grupal,20,0.0,Canada,Español,1382.59,27651.8,4.1,4.3,Tarjeta credito,Completada,G007,Alta,3,2024,cliente3694@hotmail.com
RES02951,2022-09-13,Playa del Carmen,Xcaret,privad,1,0.0,Alemania,Español,1011.87,1011.87,10.1,3.6,Tarjeta credito,Completada,G030,Baja,9,2022,cliente4157@outlook.com
RES05626,2023-05-23,Tulum,Ruinas de Tulum,Grupal,4,0.0,Estados Unidos,Ingles,909.1,3636.4,5.4,4.3,Tarjeta credito,Cancelada,G037,Media,5,2023,cliente9725@yahoo.com
RES00525,2023-04-13,Playa del Carmen,Xel-Ha,Grupal,10,1.0,Mexico,Portugues,1036.27,10880.83,4.2,8.0,Tarjeta credito,Completada,G004,Alta,4,2023,cliente2447@yahoo.com
RES02456,2022-05-29,Chichen Itza,Chichen Itza + Cenote Ik Kil,Grupal,11,5.0,Francia,Frances,1176.71,15885.59,3.4,4.6,Transferencia,Pendiente,G004,Media,5,2022,cliente8660@gmail.com
RES05017,2023-01-08,Cancun,Isla Mujeres,Privado,3,1.0,Brasil,Ingles,1003.6,3512.6,5.4,4.0,Transferencia,Completada,G016,Baja,1,2023,cliente2065@outlook.com
RES01842,2023-08-17,,Izamal + Merida,Privado,2,1.0,Alemania,Ingles,1254.59,3136.47,4.1,3.8,Tarjeta credito,Cancelada,G024,Alta,8,2023,cliente616@hotmail.com
RES00538,2023-05-22,Chichen Itza,Valladolid + Chichen Itza,Grupal,6,2.0,Reino Unido,,1209.8,8468.6,5.6,4.9,Efectivo,Completada,G032,Media,5,2023,
RES02807,2023-12-04,Holbox,Punta Mosquito,Privado,4,0.0,Canada,Ingles,1792.91,7171.64,5.7,3.7,Tarjeta debito,Completada,G004,Alta,12,2023,cliente1382@outlook.com
RES05597,2021-11-08,Playa del Carmen,Xcaret,Privado,1,0.0,Canada,Español,1228.58,1228.58,6.3,4.2,Efectivo,Pendiente,G026,Media,11,2021,cliente9014@hotmail.com
RES04342,2023-05-05,Tulum,Ruinas de Tulum,Grupal,5,1.0,Estados Unidos,Aleman,946.4,5205.2,5.9,5.0,Tarjeta debito,Completada,G020,Media,5,2023,
RES03176,2021-12-15,Cancun,Zona Hotelera Tour,Privado,3,0.0,Estados Unidos,Ingles,1285.2,3855.6,3.9,5.0,,Cancelada,G011,Alta,12,2021,cliente1071@hotmail.com
RES00785,2023-11-01,Chichen Itza,Valladolid + Chichen Itza,Grupal,5,1.0,Mexico,Ingles,1303.36,7168.48,3.9,5.0,Tarjeta credito,Cancelada,G034,Media,11,2023,cliente2053@icloud.com
RES04058,2021-02-25,Bacalar,Kayak Canales,Privado,2,1.0,,Ingles,1241.63,3104.08,9.0,1.0,Tarjeta credito,Completada,G017,Baja,2,2021,cliente1697@yahoo.com
RES01410,2022-03-23,Tulum,Sian Ka'an,Grupal,20,9.0,Mexico,Español,1181.63,28949.94,4.9,5.0,Paypal,Completada,G014,Alta,3,2022,usuario@
RES02538,2021-09-04,Cancun,Snorkel Arrecife,Privado,3,1.0,Mexico,Ingles,1017.59,3561.57,3.8,4.0,Tarjeta credito,Completada,G036,Baja,9,2021,cliente8703@yahoo.com
RES00155,2022-12-05,Holbox,Avistamiento Tiburon Ballena,Privado,4,0.0,Canada,Español,2024.28,8097.12,10.5,4.4,Tarjeta credito,Completada,G001,Alta,12,2022,cliente3646@yahoo.com
RES03010,2021-06-10,Akumal,Cenote Yalku,Privado,3,1.0,Mexico,Ingles,1127.5,3946.25,5.7,,,Completada,G020,Media,6,2021,cliente140@gmail.com
RES01687,2022-04-22,Chichen Itza,Valladolid + Chichen Itza,Grupal,12,4.0,Argentina,Español,1525.03,21350.42,7.6,4.1,Tarjeta credito,Confirmada,G035,Alta,4,2022,
RES02902,2022-05-02,Playa del Carmen,Quinta Avenida + Cozumel,Grupal,20,4.0,Mexico,Italiano,889.23,19563.06,5.6,4.4,Transferencia,Cancelada,G040,Media,5,2022,cliente3659@yahoo.com
RES05979,2023-08-27,Chichen Itza,Chichen Itza + Cenote Ik Kil,Grupal,7,0.0,Estados Unidos,Español,1527.86,10695.02,7.0,5.0,Tarjeta credito,Completada,G002,Alta,8,2023,cliente7879@hotmail.com
RES04722,2023-10-22,Tulum,Cenote Gran Cenote,Grupal,13,4.0,Estados Unidos,Italiano,938.53,14077.95,5.7,3.0,Tarjeta debito,Completada,G009,Media,10,2023,cliente8353@icloud.com
RES03864,2022-01-13,Cancun,Laguna Nichupte,Privado,2,0.0,Mexico,Portugues,933.79,1867.58,7.4,4.6,tarjeta credito,Confirmada,G032,Baja,1,2022,sinArroba.com
RES02734,2023-12-07,Bacalar,Kayak Canales,Grupal,17,6.0,Canada,Español,1141.93,22838.6,5.6,4.3,Tarjeta debito,Completada,G037,Alta,12,2023,cliente723@hotmail.com
RES01896,2021-11-07,Chichen Itza,Chichen Itza + Cenote Ik Kil,Grupal,14,6.0,Estados Unidos,Ingles,1125.28,19129.76,9.8,4.9,Paypal,Confirmada,G032,Media,11,2021,cliente1673@yahoo.com
RES05443,2024-02-03,Cancun,Laguna Nichupte,Privado,1,0.0,Estados Unidos,Ingles,1023.21,1023.21,10.3,5.0,Transferencia,Confirmada,G003,Baja,2,2024,cliente3569@yahoo.com
RES00570,2022-04-07,Holbox,Avistamiento Tiburon Ballena,Privado,4,2.0,Reino Unido,Español,1927.87,9639.35,,3.8,Tarjeta credito,Cancelada,G001,Alta,4,2022,cliente2195@yahoo.com
RES01817,2023-07-12,Akumal,Cenote Yalku,Grupal,14,0.0,Estados Unidos,Ingles,885.46,12396.44,,5.0,Tarjeta credito,Completada,G040,Alta,7,2023,cliente3097@hotmail.com
RES02066,2022-09-16,Chichen Itza,Chichen Itza + Cenote Ik Kil,Grupal,13,1.0,Australia,Ingles,1051.25,14191.88,7.0,5.0,Tarjeta credito,Completada,G033,Baja,9,2022,
RES00128,2021-10-24,Cozumel,Snorkel El Cielo,Privado,1,0.0,Mexico,Español,1540.96,1540.96,7.2,5.0,Efectivo,Completada,G027,Media,10,2021,cliente9019@icloud.com
RES03395,2023-08-14,Cozumel,Tour Isla Cozumel,Grupal,7,2.0,Brasil,Español,1393.34,11146.72,8.2,,Paypal,Pendiente,G025,Alta,8,2023,@dominio.com
RES03328,2021-10-28,Playa del Carmen,Xcaret,Grupal,12,3.0,España,Ingles,890.8,12025.8,3.4,5.0,Efectivo,Completada,G011,Media,10,2021,cliente2053@yahoo.com
RES04411,2021-10-17,Chichen Itza,Chichen Itza + Cenote Ik Kil,Grupal,7,2.0,Colombia,Frances,1132.93,9063.44,9.0,5.0,Tarjeta credito,Completada,,Media,10,2021,cliente806@gmail.com
RES02976,2021-02-13,Cancun,Snorkel Arrecife,Grupal,6,2.0,Argentina,Frances,621.45,4350.15,7.8,3.7,Tarjeta credito,Completada,G034,Baja,2,2021,cliente1922@hotmail.com
RES00981,2021-02-24,Akumal,Snorkel Tortugas Akumal,Grupal,4,1.0,Argentina,Ingles,674.67,3036.01,7.9,4.7,,Pendiente,G011,Baja,2,2021,cliente4315@yahoo.com
RES02301,2022-04-03,Cancun,Zona Hotelera Tour,Grupal,9,3.0,,Aleman,922.56,9686.88,8.7,4.3,Transferencia,Completada,G014,Alta,4,2022,cliente5032@gmail.com
RES00191,2021-10-16,Cozumel,Buceo Arrecife Palancar,Privado,4,0.0,Mexico,Español,1562.36,6249.44,5.1,3.8,Efectivo,Pendiente,G005,Media,10,2021,cliente103@yahoo.com
RES01140,2022-02-14,Playa del Carmen,Xcaret,Privado,4,2.0,Australia,Español,1006.48,5032.4,6.2,5.0,Efectivo,Confirmada,G030,Baja,2,2022,cliente5721@hotmail.com
RES05089,2021-08-03,Uxmal,Uxmal + Kabah,Privado,3,0.0,Reino Unido,Ingles,1697.01,5091.03,5.3,4.7,Efectivo,Completada,G004,Alta,8,2021,cliente9073@yahoo.com
RES00700,2023-03-16,Playa del Carmen,Xel-Ha,Privado,4,1.0,Brasil,Portugues,1602.12,7209.54,3.3,4.2,,Cancelada,G023,Alta,3,2023,cliente8834@yahoo.com
RES05766,2023-02-18,Chichen Itza,Valladolid + Chichen Itza,Privado,3,0.0,Mexico,Español,1511.63,4534.89,3.3,,Tarjeta debito,Pendiente,G020,Baja,2,2023,cliente4123@hotmail.com
RES00607,2023-08-14,Playa del Carmen,Quinta Avenida + Cozumel,Grupal,13,2.0,Mexico,Español,939.3,13150.2,7.4,3.7,Tarjeta credito,Confirmada,G014,Alta,8,2023,cliente6469@hotmail.com
RES04277,2023-06-11,Cozumel,Buceo Arrecife Palancar,Grupal,4,0.0,España,Ingles,1100.02,4400.08,5.4,4.0,Efectivo,Completada,G025,Media,6,2023,cliente2211@icloud.com
RES00302,2021-11-11,Bacalar,Laguna de los 7 Colores,Privado,2,0.0,Holanda,Español,1437.74,2875.48,10.0,4.7,Crypto,Completada,G019,Media,11,2021,cliente7315@yahoo.com
RES03421,2022-06-18,Uxmal,Ruta Puuc,Grupal,20,5.0,Canada,Italiano,963.95,21688.88,4.6,3.0,Efectivo,Completada,G010,Media,6,2022,
RES05813,2022-05-10,Bacalar,Laguna de los 7 Colores,privado,3,1.0,Mexico,Español,1276.61,4468.13,10.4,4.7,Paypal,Pendiente,G035,Media,5,2022,cliente2605@gmail.com
RES01061,2021-01-09,Bacalar,Fuerte de San Felipe,Privado,1,0.0,Canada,Italiano,1215.2,1215.2,2.6,,Efectivo,Completada,G037,Baja,1,2021,cliente2525@yahoo.com
RES02566,2021-09-27,Bacalar,Laguna de los 7 Colores,Privado,4,2.0,Argentina,Ingles,1170.03,5850.15,10.1,0.2,Tarjeta credito,Completada,G040,Baja,9,2021,cliente8805@hotmail.com
RES01708,2022-05-19,Playa del Carmen,Xel-Ha,Privado,1,0.0,Mexico,Ingles,1206.19,1206.19,7.5,3.9,Tarjeta credito,Cancelada,G013,Media,5,2022,cliente6812@icloud.com
RES01070,2022-01-06,Cozumel,Snorkel El Cielo,Grupal,15,5.0,Italia,Ingles,942.15,16487.62,8.6,4.0,Tarjeta credito,Completada,G031,Baja,1,2022,cliente7903@hotmail.com
RES02525,2023-01-31,Merida,Haciendas del Mayab,Grupal,20,8.0,Australia,Frances,595.59,14294.16,7.0,4.8,Efectivo,Completada,G025,Baja,1,2023,cliente9809@yahoo.com
RES02206,2021-12-23,Playa del Carmen,Xel-Ha,Privado,1,0.0,Estados Unidos,Español,1422.47,1422.47,5.8,4.9,Transferencia,Completada,G016,Alta,12,2021,cliente5587@gmail.com
RES01244,2022-09-11,Playa del Carmen,Quinta Avenida + Cozumel,Privado,2,1.0,España,Español,,2605.1,5.9,5.0,Tarjeta credito,Cancelada,G013,Baja,9,2022,cliente2766@hotmail.com
RES00017,2022-08-07,Merida,Centro Historico Merida,Grupal,8,0.0,Estados Unidos,Ingles,815.32,6522.56,6.1,3.8,Efectivo,Completada,G031,Alta,8,2022,cliente4658@yahoo.com
RES03121,2022-01-03,Tulum,Cenote Gran Cenote,Privado,3,0.0,Japon,Español,1272.12,3816.36,5.8,3.6,Tarjeta credito,Completada,G005,Baja,1,2022,cliente5045@icloud.com
RES04989,2024-01-28,Akumal,Cenote Yalku,Grupal,11,0.0,Mexico,Ingles,647.75,7125.25,3.3,5.0,Transferencia,Completada,G010,Baja,1,2024,cliente255@gmail.com
RES04643,2021-03-07,Merida,Izamal + Merida,Privado,4,1.0,Mexico,Ingles,1245.43,5604.44,9.6,5.0,Efectivo,Completada,G032,Alta,3,2021,cliente6427@outlook.com
RES04755,2023-08-14,Merida,Izamal + Merida,Grupal,8,3.0,España,Español,779.0,7400.5,9.9,3.8,Tarjeta credito,Pendiente,G039,Alta,8,2023,cliente4976@yahoo.com
RES00816,2021-02-20,Cancun,Snorkel Arrecife,Privado,4,1.0,Mexico,Ingles,980.21,4410.94,8.5,3.7,Tarjeta debito,Pendiente,G012,Baja,2,2021,cliente7943@icloud.com
RES03068,2022-05-03,Akumal,Cenote Yalku,Grupal,16,1.0,Brasil,Ingles,801.41,13223.26,2.7,4.0,Tarjeta debito,Confirmada,G037,Media,5,2022,cliente8120@hotmail.com
RES05771,2024-03-18,Tulum,Sian Ka'an,Grupal,14,7.0,Mexico,Español,1165.37,20393.97,3.7,3.8,Tarjeta credito,Completada,G025,Alta,3,2024,cliente4048@gmail.com
RES05601,2023-11-25,Cancun,Laguna Nichupte,Privado,4,0.0,Canada,Italiano,1105.63,4422.52,8.2,5.0,Tarjeta debito,Completada,G009,Media,11,2023,cliente6243@gmail.com
RES00960,2022-09-12,Tulum,Cenote Dos Ojos,Privado,4,1.0,Estados Unidos,Aleman,1183.91,5327.6,2.7,3.1,Crypto,Completada,G038,Baja,9,2022,cliente4612@hotmail.com
RES04894,2024-03-31,Bacalar,Laguna de los 7 Colores,Privado,3,1.0,Mexico,Español,1515.17,5303.1,3.9,3.8,Paypal,Cancelada,,Alta,3,2024,cliente9329@outlook.com
RES00226,2023-12-10,Holbox,Avistamiento Tiburon Ballena,Grupal,16,0.0,Alemania,Italiano,1280.79,20492.64,9.2,3.7,Tarjeta credito,Completada,,Alta,12,2023,cliente2898@icloud.com
RES03355,2023-06-04,,Laguna de los 7 Colores,Grupal,16,6.0,Francia,Frances,904.73,17189.87,8.6,3.9,Tarjeta debito,Cancelada,G002,Media,6,2023,cliente7855@hotmail.com
RES02486,2022-01-24,Uxmal,Uxmal + Kabah,Grupal,13,0.0,Estados Unidos,Español,855.94,11127.22,3.0,4.6,Tarjeta debito,Completada,G010,Baja,1,2022,
RES00563,2023-06-05,Playa del Carmen,Xcaret,Grupal,5,2.0,Estados Unidos,Español,874.62,5247.72,9.8,4.7,Tarjeta debito,Completada,G027,Media,6,2023,cliente1420@gmail.com
RES03437,2021-04-16,Merida,Centro Historico Merida,Grupal,14,5.0,Estados Unidos,,788.93,13017.34,9.0,4.8,Efectivo,Completada,G005,Alta,4,2021,cliente5862@yahoo.com
RES01694,20/10/2022,Holbox,Avistamiento Tiburon Ballena,Grupal,4,0.0,Mexico,Español,1001.27,4005.08,7.5,2.2,Efectivo,Completada,G003,Media,10,2022,cliente8675@gmail.com
RES01046,2022-03-15,Uxmal,Ruta Puuc,Grupal,19,4.0,Italia,Ingles,1269.82,26666.22,9.1,3.9,Transferencia,Completada,G006,Alta,3,2022,cliente1525@hotmail.com
RES03447,2022-11-11,Akumal,Snorkel Tortugas Akumal,Privado,3,1.0,Mexico,Español,1126.82,3943.87,,4.6,,Completada,G012,Media,11,2022,
RES04566,2022-02-25,Akumal,Snorkel Tortugas Akumal,Grupal,19,5.0,Mexico,Español,736.44,15833.46,6.1,5.0,,Completada,G019,Baja,2,2022,cliente7102@yahoo.com
RES00955,2023-09-15,Holbox,Avistamiento Tiburon Ballena,Privado,2,0.0,Estados Unidos,Ingles,1270.81,2541.62,5.4,4.7,Tarjeta debito,Completada,,Baja,9,2023,cliente5364@gmail.com
RES03179,2023-09-11,Cancun,Zona Hotelera Tour,Grupal,8,1.0,Canada,Frances,664.21,5645.78,8.3,5.0,Efectivo,Completada,,Baja,9,2023,cliente6952@hotmail.com
RES02736,2023-11-08,Tulum,Ruinas de Tulum,Grupal,19,5.0,Francia,Ingles,991.78,21323.27,6.7,1.0,Efectivo,Completada,G024,Media,11,2023,cliente2534@yahoo.com
RES05924,2022-04-28,Akumal,Snorkel Tortugas Akumal,Privado,1,0.0,Estados Unidos,Ingles,1361.82,1361.82,5.0,5.0,TARJETA CREDITO,Cancelada,G015,Alta,4,2022,cliente9457@icloud.com
RES04736,2022-05-05,Uxmal,Uxmal + Kabah,Grupal,18,5.0,España,Ingles,1037.05,21259.52,5.4,5.0,,Completada,G007,Media,5,2022,cliente3739@hotmail.com
RES05816,2022-06-25,Uxmal,Ruta Puuc,Grupal,9,3.0,España,Ingles,947.17,9945.28,5.2,4.2,Paypal,Completada,G017,Media,6,2022,@dominio.com
RES01219,2022-09-21,Playa del Carmen,Quinta Avenida + Cozumel,Grupal,18,5.0,Mexico,Español,746.29,15298.94,,3.8,Efectivo,Completada,G040,Baja,9,2022,cliente6435@gmail.com
RES05255,2021-04-03,Cozumel,Snorkel El Cielo,Grupal,7,1.0,Estados Unidos,Ingles,1300.78,9755.85,9.1,4.7,Efectivo,Completada,G019,Alta,4,2021,
RES05512,2022-12-18,Uxmal,Uxmal + Kabah,Privado,2,1.0,Mexico,Aleman,1667.9,4169.75,7.3,5.0,Transferencia,Completada,G010,Alta,12,2022,cliente5746@yahoo.com
RES01528,2022-08-30,Cozumel,Buceo Arrecife Palancar,Privado,4,2.0,Estados Unidos,Español,45000.0,9257.1,8.3,2.2,Efectivo,Completada,G031,Alta,8,2022,cliente5900@gmail.com
RES03988,2021-11-29,Cozumel,Tour Isla Cozumel,Privado,1,0.0,,Español,1596.53,1596.53,3.4,4.2,Efectivo,Completada,G025,Media,11,2021,cliente9349@outlook.com
RES05960,2022-09-27,Playa del Carmen,Xcaret,Grupal,14,3.0,Estados Unidos,Español,671.7,10411.35,10.5,,Tarjeta debito,Confirmada,G013,Baja,9,2022,cliente9782@yahoo.com
RES01301,2023-03-20,Cozumel,Tour Isla Cozumel,Grupal,8,,Mexico,Ingles,1256.48,11936.56,6.8,3.2,Tarjeta credito,Completada,G002,Alta,3,2023,cliente8081@icloud.com
RES05909,2022-07-09,Bacalar,Laguna de los 7 Colores,Grupal,4,0.0,Francia,Italiano,1043.5,150000.0,10.1,-1.0,Efectivo,Completada,G004,Alta,7,2022,cliente5155@gmail.com
RES05700,2023-03-13,Tulum,Ruinas de Tulum,Grupal,8,3.0,,Ingles,1068.47,10150.47,,3.8,Efectivo,Completada,G021,Alta,3,2023,cliente4266@yahoo.com
RES00161,2023-01-10,Uxmal,Ruta Puuc,Grupal,13,4.0,,Español,785.09,11776.35,6.1,3.7,Efectivo,Completada,G005,Baja,1,2023,cliente7869@hotmail.com
RES04068,2024-02-17,Bacalar,Kayak Canales,Grupal,15,0.0,Italia,Español,830.93,12463.95,3.0,5.0,Tarjeta debito,Completada,G038,Baja,2,2024,sinArroba.com
RES00957,2021-04-15,Uxmal,Uxmal + Kabah,Grupal,6,0.0,Mexico,Español,1296.51,7779.06,3.2,5.0,Tarjeta debito,Completada,G002,Alta,4,2021,cliente9436@yahoo.com
RES03792,2023-08-13,Chichen Itza,Valladolid + Chichen Itza,Grupal,9,1.0,Francia,Español,1439.67,13676.87,3.0,3.7,Efectivo,Completada,G027,Alta,8,2023,cliente9325@hotmail.com
RES03235,2021-01-23,Holbox,Punta Mosquito,Grupal,17,2.0,Canada,Español,876.64,15779.52,,4.1,Tarjeta debito,Pendiente,G017,Baja,1,2021,cliente1245@gmail.com
RES02870,2022-03-02,Cancun,Isla Mujeres,Grupal,9,4.0,Canada,Aleman,909.89,10008.79,3.9,4.6,Transferencia,Completada,G034,Alta,3,2022,cliente2222@outlook.com
RES03778,2023-02-13,Cancun,Laguna Nichupte,Grupal,18,9.0,Mexico,Español,648.55,14592.37,9.4,4.8,Tarjeta credito,Completada,G013,Baja,2,2023,cliente3100@yahoo.com
RES04434,2023-08-01,Chichen Itza,Valladolid + Chichen Itza,Grupal,14,3.0,Reino Unido,Ingles,1545.86,23960.83,4.6,3.9,Paypal,Pendiente,G020,Alta,8,2023,cliente7470@icloud.com
RES04974,2022-12-28,Uxmal,Uxmal + Kabah,Privado,2,1.0,Estados Unidos,Aleman,,4338.55,3.6,3.9,Efectivo,Completada,G008,Alta,12,2022,cliente6844@gmail.com
RES02962,2023-11-30,Holbox,Tour Isla Holbox,Grupal,10,0.0,Reino Unido,Español,991.55,9915.5,4.9,4.9,Efectivo,Pendiente,G003,Media,11,2023,cliente6250@icloud.com
RES02201,2024-01-25,Akumal,Snorkel Tortugas Akumal,Grupal,5,2.0,Mexico,Ingles,738.23,4429.38,6.0,4.1,Tarjeta credito,Confirmada,G013,Baja,1,2024,cliente4071@yahoo.com
RES00099,2021-09-11,Tulum,Ruinas de Tulum,Grupal,5,2.0,Francia,Español,793.14,4758.84,4.1,4.6,Tarjeta credito,Confirmada,G030,Baja,9,2021,cliente1246@icloud.com
RES05874,2022-01-04,Holbox,Punta Mosquito,Privado,2,0.0,Estados Unidos,Italiano,1262.91,2525.82,9.7,3.9,Tarjeta debito,Completada,G035,Baja,1,2022,cliente4614@hotmail.com
RES02558,2021-08-19,Cozumel,Buceo Arrecife Palancar,Privado,4,0.0,Estados Unidos,Español,2086.23,8344.92,5.4,5.0,Transferencia,Cancelada,G011,Alta,8,2021,@dominio.com
RES03184,2023-09-23,Chichen Itza,Chichen Itza + Cenote Ik Kil,Grupal,6,2.0,Alemania,Español,1070.47,7493.29,4.3,4.4,Tarjeta debito,Cancelada,G033,Baja,9,2023,cliente6561@yahoo.com
RES00254,2023-04-19,Tulum,Sian Ka'an,Grupal,18,5.0,Francia,Español,1168.9,23962.45,4.6,4.3,,Confirmada,G028,Alta,4,2023,
RES03924,2022-05-08,Cancun,Isla Mujeres,Grupal,12,5.0,Mexico,Ingles,821.94,11918.13,10.0,4.4,Tarjeta credito,Pendiente,G004,Media,5,2022,cliente8719@outlook.com
RES04200,2021-06-28,Akumal,Snorkel Tortugas Akumal,Privado,4,1.0,Mexico,Ingles,1249.38,5622.21,48.0,1.8,Transferencia,Cancelada,G008,Media,6,2021,cliente5312@gmail.com
RES01446,2021-11-24,Uxmal,Ruta Puuc,Grupal,7,3.0,,Español,1072.73,9118.2,7.8,4.7,Efectivo,Completada,G027,Media,11,2021,cliente2465@gmail.com
RES05540,2021-12-05,Uxmal,Uxmal + Kabah,Grupal,17,,Italia,,1285.71,22499.92,3.4,3.7,Paypal,Completada,G039,Alta,12,2021,cliente8904@gmail.com
RES01649,2022-06-20,Holbox,Punta Mosquito,Privado,1,0.0,Francia,Aleman,1716.79,1716.79,5.9,4.4,Tarjeta credito,Completada,G001,Media,6,2022,cliente8857@gmail.com
RES04683,2024-01-03,Holbox,Avistamiento Tiburon Ballena,Privado,2,1.0,Mexico,Español,1297.15,3242.88,8.0,5.0,TARJETA CREDITO,Confirmada,G030,Baja,1,2024,cliente4113@icloud.com
RES04724,2023-08-27,Chichen Itza,Valladolid + Chichen Itza,Grupal,13,6.0,Estados Unidos,Portugues,1524.51,24392.16,10.4,2.3,tarjeta credito,Completada,G033,Alta,8,2023,cliente6077@yahoo.com
RES03992,2022-11-21,Akumal,Snorkel Tortugas Akumal,Grupal,8,2.0,Estados Unidos,Español,772.37,6951.33,9.3,5.0,Efectivo,Completada,G002,Media,11,2022,cliente4434@hotmail.com
RES01697,2024-02-04,Playa del Carmen,Xel-Ha,Grupal,9,2.0,Canada,,754.63,7546.3,5.4,4.7,,Confirmada,G022,Baja,2,2024,cliente5855@yahoo.com
RES03192,2022-07-02,Uxmal,Ruta Puuc,Grupal,16,2.0,Italia,Español,1268.13,500000.0,3.8,5.0,Efectivo,Completada,G038,Alta,7,2022,cliente8003@outlook.com
RES04500,2022-11-06,Playa del Carmen,Xcaret,Grupal,5,2.0,Mexico,Ingles,883.78,5302.68,6.3,3.9,Tarjeta debito,Completada,G007,Media,11,2022,cliente9981@icloud.com
RES01155,2022-07-17,Holbox,Punta Mosquito,Grupal,16,1.0,Mexico,Ingles,1226.12,20230.98,,4.2,Transferencia,Completada,G017,Alta,7,2022,cliente2183@yahoo.com
RES02256,2023-12-13,Playa del Carmen,Quinta Avenida + Cozumel,Grupal,19,7.0,Reino Unido,Español,981.88,22092.3,3.3,2.9,Efectivo,Pendiente,G039,Alta,12,2023,cliente7499@yahoo.com
RES01683,2021-07-20,Cancun,Snorkel Arrecife,Grupal,10,4.0,Suecia,Italiano,901.76,10821.12,4.4,5.0,Tarjeta debito,Completada,,Alta,7,2021,cliente3458@icloud.com
RES03171,2023-03-25,Uxmal,Ruta Puuc,Grupal,18,5.0,Italia,Español,1249.27,25610.03,5.9,5.0,,Pendiente,G024,Alta,3,2023,cliente4416@gmail.com
RES02057,2022-12-30,Cozumel,Tour Isla Cozumel,Privado,3,1.0,Francia,Frances,2087.72,7307.02,9.9,3.2,Efectivo,Completada,G003,Alta,12,2022,cliente719@icloud.com
RES04091,2023-01-11,Akumal,Snorkel Tortugas Akumal,Grupal,8,3.0,Canada,Español,633.25,6015.88,5.4,3.9,Efectivo,Pendiente,,Baja,1,2023,cliente1536@outlook.com
RES05930,2022-09-06,Cozumel,Tour Isla Cozumel,Grupal,11,4.0,Mexico,Español,988.61,12851.93,4.9,5.0,Crypto,Completada,G012,Baja,9,2022,cliente2067@icloud.com
RES03109,2022-10-11,Cozumel,Tour Isla Cozumel,Privado,1,0.0,Mexico,Ingles,1532.84,1532.84,7.4,4.9,Efectivo,Confirmada,G010,Media,10,2022,cliente725@gmail.com
RES04549,2022-05-12,Holbox,Punta Mosquito,Grupal,16,4.0,Francia,Frances,1040.63,18731.34,7.1,3.6,Tarjeta debito,Completada,G013,Media,5,2022,usuario.dominio.com
RES03724,2023-04-17,Bacalar,Kayak Canales,Grupal,7,2.0,Argentina,Español,1043.08,8344.64,10.2,5.0,Transferencia,Completada,G019,Alta,4,2023,cliente7228@yahoo.com
RES05424,2023-02-28,Uxmal,Uxmal + Kabah,Grupal,18,,Suecia,Español,891.57,19168.76,2.7,4.9,Tarjeta credito,Completada,G034,Baja,2,2023,@dominio.com
RES02050,2022-05-22,Cancun,Snorkel Arrecife,Privado,4,2.0,Colombia,Español,1148.79,5743.95,2.6,5.0,Efectivo,Confirmada,G038,Media,5,2022,cliente3036@gmail.com
RES04977,2021-05-29,Akumal,Snorkel Tortugas Akumal,Grupal,12,1.0,Estados Unidos,Español,833.85,10423.12,5.5,5.0,Efectivo,Completada,G014,Media,5,2021,cliente817@gmail.com
RES03644,2023-01-14,Chichen Itza,Chichen Itza + Cenote Ik Kil,Grupal,14,5.0,Mexico,Ingles,1014.21,16734.47,9.1,3.1,Tarjeta credito,Pendiente,G001,Baja,1,2023,cliente5818@icloud.com
RES05955,2023-04-11,Chichen Itza,Chichen Itza + Cenote Ik Kil,Grupal,10,4.0,Polonia,Ingles,1334.84,16018.08,,1.7,Tarjeta debito,Completada,G018,Alta,4,2023,cliente4943@gmail.com
RES00624,2023-08-24,Uxmal,Ruta Puuc,Privado,2,0.0,Mexico,Español,1834.43,3668.86,3.4,3.9,Tarjeta debito,Completada,G026,Alta,8,2023,cliente9319@gmail.com
RES00263,2022-04-11,Chichen Itza,Chichen Itza + Cenote Ik Kil,Privado,1,0.0,Alemania,Portugues,2173.11,2173.11,4.9,4.2,Efectivo,Completada,G035,Alta,4,2022,us er@gmail.com
RES05731,2022-04-06,Chichen Itza,Chichen Itza + Cenote Ik Kil,Grupal,14,3.0,Francia,Frances,1489.09,23080.9,7.0,2.9,Efectivo,Completada,G001,Alta,4,2022,cliente6874@yahoo.com
RES03370,2022-02-05,Merida,Izamal + Merida,Privado,4,0.0,Estados Unidos,Español,847.26,3389.04,6.4,4.1,Transferencia,Completada,G039,Baja,2,2022,cliente1717@outlook.com
RES04062,2022-12-15,Uxmal,Uxmal + Kabah,Grupal,15,7.0,Mexico,Español,1160.06,21461.11,6.3,5.0,,Cancelada,G028,Alta,12,2022,cliente7461@icloud.com
RES05535,2022-09-19,Tulum,Cenote Dos Ojos,Grupal,16,,Brasil,Italiano,873.9,15730.2,4.7,5.0,Efectivo,Pendiente,G010,Baja,9,2022,@dominio.com
RES01803,2021-12-22,Playa del Carmen,Xel-Ha,Grupal,10,0.0,Mexico,Italiano,978.87,9788.7,5.5,3.9,Tarjeta credito,Completada,G040,Alta,12,2021,cliente7629@outlook.com
RES04737,2023-10-14,Tulum,Ruinas de Tulum,Grupal,14,3.0,Francia,Ingles,1034.06,16027.93,10.3,5.0,Efectivo,Pendiente,G029,Media,10,2023,cliente6104@yahoo.com
RES04727,2023-02-08,Chichen Itza,Chichen Itza + Cenote Ik Kil,Grupal,13,5.0,Mexico,Ingles,990.21,15348.26,9.1,4.9,Tarjeta debito,Confirmada,G038,Baja,2,2023,cliente9082@gmail.com
RES02386,2023-10-30,Merida,Haciendas del Mayab,Grupal,5,0.0,,,708.55,3542.75,6.5,4.1,Tarjeta credito,Completada,G020,Media,10,2023,cliente3473@gmail.com
RES05760,2023-06-09,Bacalar,Fuerte de San Felipe,GRUPAL,13,0.0,Brasil,Frances,920.04,11960.52,6.4,2.7,Efectivo,Completada,G003,Media,6,2023,cliente5137@outlook.com
RES01960,2023-09-07,Bacalar,Kayak Canales,Privado,3,0.0,Mexico,Frances,1195.23,3585.69,2.6,3.8,Efctivo,Completada,G022,Baja,9,2023,cliente3935@gmail.com
RES02977,2023-06-03,Chichen Itza,Valladolid + Chichen Itza,Grupal,11,2.0,Mexico,Español,1221.37,14656.44,6.0,4.8,Transferencia,Completada,G024,Media,6,2023,cliente9527@icloud.com
RES00489,2024-02-11,Holbox,Tour Isla Holbox,Privado,2,0.0,Brasil,Ingles,1403.55,2807.1,5.4,4.8,Tarjeta credito,Completada,G040,Baja,2,2024,cliente2267@hotmail.com
RES01844,2021-01-27,Cozumel,Buceo Arrecife Palancar,Grupal,9,3.0,Estados Unidos,Ingles,979.66,10286.43,5.8,5.0,Tarjeta credito,Confirmada,G019,Baja,1,2021,cliente6391@gmail.com
RES01735,2024-03-20,Akumal,Cenote Yalku,Privado,1,0.0,Mexico,Español,1414.41,1414.41,3.1,4.7,Efectivo,Completada,G035,Alta,3,2024,cliente8055@hotmail.com
RES02912,2022-12-26,Uxmal,Uxmal + Kabah,Privado,3,0.0,Japon,Frances,1761.21,5283.63,4.6,3.9,Efectivo,Completada,G020,Alta,12,2022,cliente5928@outlook.com
RES03220,2023-08-14,Tulum,Sian Ka'an,Grupal,11,4.0,Mexico,,1221.53,15879.89,10.3,4.7,Tarjeta debito,Completada,G040,Alta,8,2023,cliente9561@icloud.com
RES00147,2022-04-13,Cozumel,Snorkel El Cielo,Grupal,18,6.0,Canada,Frances,1394.74,29289.54,7.2,1.1,Transferencia,Confirmada,G034,Alta,4,2022,cliente7013@outlook.com
RES05631,2022-03-07,Uxmal,Uxmal + Kabah,Grupal,20,7.0,Mexico,Español,1234.48,29010.28,6.4,4.1,Tarjeta debito,Completada,G039,Alta,3,2022,cliente2960@hotmail.com
RES01987,2021-04-11,Chichen Itza,Chichen Itza + Cenote Ik Kil,Grupal,14,2.0,Estados Unidos,Ingles,1409.86,21147.9,7.6,4.8,Tarjeta credito,Pendiente,,Alta,4,2021,cliente6441@hotmail.com
RES01370,2023-10-21,Uxmal,Uxmal + Kabah,Grupal,16,7.0,Mexico,Ingles,959.75,18715.12,7.8,4.1,Efectivo,Cancelada,G031,Media,10,2023,cliente1629@gmail.com
RES02812,2021-05-24,Holbox,Punta Mosquito,Grupal,12,2.0,Estados Unidos,Español,1066.8,13868.4,10.3,4.8,Paypal,Pendiente,G003,Media,5,2021,cliente2534@gmail.com
RES00660,2023-11-17,Merida,Izamal + Merida,Privado,4,0.0,Mexico,Ingles,1066.87,4267.48,5.9,5.0,Transferencia,Cancelada,G008,Media,11,2023,cliente5998@icloud.com
RES01795,2023-07-04,Holbox,Tour Isla Holbox,Privado,3,0.0,Mexico,Ingles,1939.08,5817.24,9.6,3.3,Paypal,Cancelada,G009,Alta,7,2023,cliente7615@outlook.com
RES02512,2023-06-14,Cozumel,Snorkel El Cielo,Privado,3,0.0,Argentina,Español,1628.51,4885.53,5.5,3.6,Tarjeta debito,Completada,G007,Media,6,2023,cliente5764@gmail.com
RES03398,2022-02-01,Playa del Carmen,Xel-Ha,Grupal,18,4.0,Francia,Ingles,771.69,15433.8,3.1,4.0,Crypto,Completada,G034,Baja,2,2022,cliente1343@hotmail.com
RES04283,2021-10-12,Playa del Carmen,Xel-Ha,Grupal,9,1.0,Mexico,Ingles,790.16,7506.52,9.9,4.9,Efectivo,Completada,G011,Media,10,2021,cliente4617@icloud.com
RES01148,2021-12-03,Holbox,Tour Isla Holbox,Privado,2,0.0,Italia,Español,2013.66,4027.32,7.5,,Tarjeta debito,Completada,,Alta,12,2021,cliente6959@icloud.com
RES03273,2023-10-10,Playa del Carmen,Xcaret,Grupal,9,2.0,Canada,Italiano,886.1,8861.0,5.1,,Efectivo,Completada,G030,Media,10,2023,cliente2146@hotmail.com
RES00609,2023-02-24,Cancun,Isla Mujeres,Privado,2,0.0,Francia,Frances,988.24,1976.48,8.4,3.7,Efectivo,Completada,G026,Baja,2,2023,cliente1054@yahoo.com
RES03583,2021-06-07,Cozumel,Tour Isla Cozumel,Grupal,4,1.0,Canada,Español,1056.55,4754.47,9.1,5.0,Tarjeta credito,Cancelada,G008,Media,6,2021,cliente3115@yahoo.com
RES01931,2021-06-07,Playa del Carmen,Quinta Avenida + Cozumel,Privado,3,1.0,Francia,Ingles,1250.04,4375.14,4.4,3.0,Efectivo,Pendiente,G011,Media,6,2021,cliente6228@hotmail.com
RES00198,2022-09-28,Bacalar,Fuerte de San Felipe,Privado,2,0.0,Estados Unidos,Ingles,1197.93,2395.86,5.5,,Tarjeta debito,Completada,G010,Baja,9,2022,cliente1448@hotmail.com
RES02932,2023-09-27,Tulum,Cenote Dos Ojos,Grupal,7,0.0,Argentina,Español,868.85,6081.95,4.2,5.0,Tarjeta credito,Completada,G019,Baja,9,2023,cliente4070@yahoo.com
RES02328,2023-12-29,Uxmal,Ruta Puuc,Privado,3,0.0,Mexico,Ingles,1803.92,5411.76,5.4,5.0,Efectivo,Completada,G023,Alta,12,2023,cliente9214@icloud.com
RES04390,2024-01-17,Playa del Carmen,Quinta Avenida + Cozumel,Privado,2,0.0,Canada,Ingles,1054.34,2108.68,9.8,,Tarjeta debito,Completada,G024,Baja,1,2024,cliente5084@hotmail.com
RES00767,2022-02-20,Cozumel,Snorkel El Cielo,Privado,4,1.0,,Español,1467.81,6605.14,5.5,3.9,Tarjeta credito,Completada,G009,Baja,2,2022,cliente5667@outlook.com
RES04497,2022-12-22,Cancun,Snorkel Arrecife,Privado,4,0.0,Estados Unidos,Español,1434.78,5739.12,8.4,4.7,Efectivo,Completada,G017,Alta,12,2022,cliente8303@gmail.com
RES04219,2023-11-16,Playa del Carmen,Xcaret,Privado,4,0.0,Mexico,Aleman,,4712.08,5.7,,Transferencia,Completada,G001,Media,11,2023,cliente9367@outlook.com
RES03256,2023-12-03,Cancun,Zona Hotelera Tour,Grupal,15,4.0,,Español,829.78,500000.0,8.2,5.0,Tarjeta credito,Cancelada,G003,Alta,12,2023,cliente2781@hotmail.com
RES00203,2023-06-18,Chichen Itza,Chichen Itza + Cenote Ik Kil,Grupal,19,0.0,Mexico,Ingles,1245.9,23672.1,8.4,4.8,Transferencia,Completada,G008,Media,6,2023,cliente9823@yahoo.com
RES03511,2021-02-22,Chichen Itza,Valladolid + Chichen Itza,Grupal,8,2.0,Holanda,Ingles,1092.97,9836.73,2.6,5.0,Tarjeta debito,Completada,G034,Baja,2,2021,cliente2768@gmail.com
RES04932,2021-08-07,Cozumel,Snorkel El Cielo,Privado,1,0.0,Suiza,Ingles,2147.81,2147.81,4.3,4.6,Efectivo,Completada,G015,Alta,8,2021,cliente2692@yahoo.com
RES05536,2022-06-27,Cancun,Laguna Nichupte,Grupal,8,3.0,Canada,Italiano,713.72,6780.34,5.7,5.0,Tarjeta credito,Completada,G014,Media,6,2022,cliente9158@gmail.com
RES01734,2023-02-19,Tulum,Cenote Gran Cenote,Grupal,6,2.0,Mexico,Español,760.35,5322.45,10.5,4.8,Tarjeta credito,Completada,G004,Baja,2,2023,us er@gmail.com
RES05792,2021-12-11,Cancun,Isla Mujeres,Grupal,19,7.0,Colombia,Ingles,972.32,21877.2,9.3,5.0,Paypal,Cancelada,G027,Alta,12,2021,cliente1062@yahoo.com
RES02778,2022-01-24,Tulum,Ruinas de Tulum,Privado,1,0.0,Mexico,,1147.94,1147.94,9.8,4.8,Tarjeta debito,Completada,G020,Baja,1,2022,cliente7651@outlook.com
RES01708,2022-05-19,Playa del Carmen,Xel-Ha,Privado,1,0.0,Mexico,Ingles,1206.19,1206.19,7.5,3.9,Tarjeta credito,Cancelada,G013,Media,5,2022,sinArroba.com
RES05173,2023-03-12,Cozumel,Tour Isla Cozumel,Grupal,7,2.0,Mexico,Español,1271.32,10170.56,9.5,5.0,Transferencia,Completada,G009,Alta,3,2023,cliente5073@outlook.com
RES05250,2021-02-18,Merida,Izamal + Merida,Grupal,9,0.0,Mexico,Ingles,652.78,5875.02,3.9,4.2,Efectivo,Completada,G020,Baja,2,2021,cliente8079@gmail.com
RES05758,2023-05-09,Holbox,Punta Mosquito,Privado,3,1.0,Estados Unidos,Ingles,1654.83,5791.9,8.1,,Transferencia,Pendiente,G039,Media,5,2023,cliente8786@yahoo.com
RES03475,2022-02-20,Cozumel,Tour Isla Cozumel,Grupal,11,5.0,,Español,861.1,11624.85,8.8,4.3,Efectivo,Confirmada,G019,Baja,2,2022,cliente5956@icloud.com
RES00855,2022-08-05,Bacalar,Fuerte de San Felipe,Grupal,5,2.0,,Ingles,994.43,5966.58,,,Transferencia,Cancelada,G012,Alta,8,2022,cliente6339@hotmail.com
RES05686,2022-11-07,Tulum,Sian Ka'an,Privado,4,0.0,Brasil,Español,1315.22,5260.88,7.2,3.4,Tarjeta debito,Completada,G025,Media,11,2022,cliente3273@gmail.com
RES04738,2022-10-03,Cozumel,Tour Isla Cozumel,Grupal,18,6.0,Reino Unido,Español,1109.54,23300.34,7.3,4.1,Crypto,Cancelada,G021,Media,10,2022,cliente7536@outlook.com
RES04098,2021-05-29,Chichen Itza,Valladolid + Chichen Itza,Grupal,4,2.0,Estados Unidos,Ingles,1121.08,5605.4,4.0,5.0,Transferencia,Completada,G023,Media,5,2021,cliente228@gmail.com
RES02161,2023-01-30,Cozumel,Buceo Arrecife Palancar,Grupal,13,4.0,Brasil,Español,876.38,13145.7,,3.0,Tarjeta credito,Completada,G024,Baja,1,2023,cliente2147@gmail.com
RES00699,2023-04-09,Cancun,Zona Hotelera Tour,Privado,1,0.0,Estados Unidos,Español,1349.46,1349.46,72.0,3.9,Tarjeta credito,Completada,G011,Alta,4,2023,cliente7817@hotmail.com
RES05977,2023-06-12,Chichen Itza,Valladolid + Chichen Itza,Privado,4,1.0,Canada,Español,1708.59,7688.65,3.0,,Efectivo,Cancelada,G015,Media,6,2023,us er@gmail.com
RES03000,2021-06-25,Holbox,Punta Mosquito,Privado,1,0.0,Estados Unidos,Español,1621.88,1621.88,6.2,4.3,Transferencia,Completada,G019,Media,6,2021,cliente5573@hotmail.com
RES03697,2023-07-04,Chichen Itza,Valladolid + Chichen Itza,Privado,1,0.0,Estados Unidos,Español,2138.93,2138.93,6.3,4.0,Tarjeta credito,Pendiente,G030,Alta,7,2023,cliente4366@outlook.com
RES01637,2023-11-30,Cozumel,Snorkel El Cielo,Grupal,15,7.0,Estados Unidos,Portugues,1070.73,19808.51,2.7,4.1,Tarjeta credito,Cancelada,G030,Media,11,2023,cliente1008@yahoo.com
RES03458,2021-03-25,Akumal,Snorkel Tortugas Akumal,Privado,2,1.0,Colombia,Español,,3664.67,8.7,4.8,Tarjeta debito,Completada,G020,Alta,3,2021,cliente4686@icloud.com
RES03582,2023-08-27,Cancun,Isla Mujeres,Grupal,6,1.0,Francia,,955.82,6212.83,5.5,3.2,Paypal,Confirmada,G005,Alta,8,2023,cliente1506@outlook.com
RES01292,2023-02-12,Bacalar,Kayak Canales,Grupal,4,1.0,Canada,Ingles,798.25,3592.12,9.2,5.0,Efectivo,Completada,,Baja,2,2023,cliente5154@icloud.com
RES04660,2022-09-07,Tulum,Sian Ka'an,Grupal,11,3.0,Mexico,Español,872.39,10904.88,8.4,2.8,Transferencia,Completada,G029,Baja,9,2022,cliente1564@icloud.com
RES05617,2023-09-20,Holbox,Avistamiento Tiburon Ballena,Privado,4,1.0,Mexico,Español,1247.29,5612.81,2.8,,Efectivo,Completada,G030,Baja,9,2023,cliente814@icloud.com
RES01854,2021-04-12,Akumal,Snorkel Tortugas Akumal,Privado,4,2.0,Mexico,Ingles,1435.25,7176.25,9.3,3.4,Tarjeta credito,Cancelada,G016,Alta,4,2021,cliente5047@outlook.com
RES05233,2022-07-16,Akumal,Cenote Yalku,Grupal,16,5.0,Argentina,Español,884.84,16369.54,7.9,5.0,Transferencia,Completada,G020,Alta,7,2022,cliente3421@outlook.com
RES03764,2021-12-23,Playa del Carmen,Xel-Ha,Privado,2,1.0,Estados Unidos,Frances,1461.9,3654.75,9.3,5.0,Transferencia,Cancelada,G022,Alta,12,2021,
RES03305,2022-11-01,Tulum,Ruinas de Tulum,Grupal,16,4.0,Reino Unido,Ingles,935.08,16831.44,3.9,4.0,Efectivo,Pendiente,G004,Media,11,2022,cliente6648@yahoo.com
RES05937,2023-06-28,Cancun,Isla Mujeres,Privado,1,0.0,Australia,Ingles,1129.55,1129.55,4.0,4.1,Efectivo,Cancelada,G015,Media,6,2023,cliente7972@hotmail.com
RES05728,2023-06-17,Playa del Carmen,Xcaret,Grupal,5,0.0,Italia,Español,842.82,4214.1,4.2,5.0,Transferencia,Completada,G025,Media,6,2023,cliente4775@gmail.com
RES03744,2021-11-02,Holbox,Avistamiento Tiburon Ballena,Grupal,4,,Polonia,Aleman,1081.09,4324.36,4.5,,Efectivo,Completada,G032,Media,11,2021,cliente3885@yahoo.com
RES03446,2024-02-24,Chichen Itza,Chichen Itza + Cenote Ik Kil,Grupal,7,3.0,Brasil,Ingles,1003.21,8527.28,2.9,5.0,Tarjeta debito,Completada,G012,Baja,2,2024,cliente8851@outlook.com
RES01999,2021/03/04,Bacalar,Laguna de los 7 Colores,Grupal,19,7.0,Suecia,Frances,1157.69,26048.03,8.4,4.9,Efectivo,Confirmada,G036,Alta,3,2021,cliente4712@outlook.com
RES00664,2022-10-03,Holbox,Avistamiento Tiburon Ballena,PRIVADO,3,1.0,,Ingles,1499.71,5248.99,,4.0,Tarjeta credito,Completada,G037,Media,10,2022,cliente8446@gmail.com
RES04780,2022-01-06,Akumal,Cenote Yalku,Grupal,14,4.0,Canada,Español,640.72,10251.52,,5.0,Efectivo,Completada,G038,Baja,1,2022,cliente8114@outlook.com
RES05354,2021-10-09,Tulum,Cenote Gran Cenote,Privado,2,1.0,Reino Unido,Aleman,1410.04,3525.1,4.3,4.1,Efectivo,Completada,G030,Media,10,2021,cliente2041@icloud.com
RES03749,2022-05-27,Akumal,Snorkel Tortugas Akumal,Grupal,6,0.0,Brasil,Español,813.83,4882.98,5.8,5.0,Efectivo,Completada,G032,Media,5,2022,@dominio.com
RES04414,2023-08-14,Chichen Itza,Chichen Itza + Cenote Ik Kil,Grupal,11,4.0,Canada,Español,1550.5,20156.5,8.4,,Tarjeta debito,Confirmada,G013,Alta,8,2023,sinArroba.com
RES04745,2024-01-27,Merida,Haciendas del Mayab,Privado,4,0.0,Holanda,Ingles,856.18,3424.72,2.7,4.6,Transferencia,Completada,G033,Baja,1,2024,cliente9410@yahoo.com
RES05531,2022-11-02,Cancun,Isla Mujeres,Privado,1,0.0,Francia,Frances,1220.03,1220.03,3.8,1.3,Tarjeta credito,Completada,G038,Media,11,2022,cliente4260@icloud.com
RES05576,2023-09-28,Cozumel,Buceo Arrecife Palancar,Grupal,-5,0.0,España,Español,977.13,4885.65,7.0,3.7,Paypal,Cancelada,G026,Baja,9,2023,cliente1367@gmail.com
RES00710,2023-04-04,Uxmal,Ruta Puuc,Privado,1,,Mexico,Español,1821.76,1821.76,7.1,5.0,Tarjeta credito,Completada,G011,Alta,4,2023,cliente3346@gmail.com
RES01283,2021-08-19,Cancun,Laguna Nichupte,Grupal,9,1.0,Mexico,Frances,874.86,8311.17,9.4,3.3,Paypal,Completada,G026,Alta,8,2021,cliente883@yahoo.com
RES05865,2023-11-16,Merida,Centro Historico Merida,Grupal,18,9.0,Colombia,Español,743.51,16728.97,8.4,1.8,Efectivo,Completada,,Media,11,2023,cliente5901@outlook.com
RES05069,2023-02-13,Tulum,Sian Ka'an,Privado,4,1.0,Mexico,Español,1243.26,5594.67,9.6,1.7,Transferencia,Completada,G027,Baja,2,2023,cliente5400@outlook.com
RES02676,2023-01-25,Cancun,Isla Mujeres,Grupal,9,3.0,Mexico,Español,632.09,6636.95,6.8,4.9,Efectivo,Completada,G028,Baja,1,2023,cliente395@hotmail.com
RES04030,08-16-2023,Bacalar,Laguna de los 7 Colores,Grupal,12,4.0,Mexico,Español,1039.12,14547.68,5.6,4.8,Tarjeta credito,Completada,G010,Alta,8,2023,cliente6649@outlook.com
RES01307,2021-09-28,Cancun,Laguna Nichupte,Grupal,9,,Suiza,Italiano,678.35,6105.15,4.6,5.0,Transferencia,Confirmada,G026,Baja,9,2021,@dominio.com
RES05497,2021-06-16,Akumal,Snorkel Tortugas Akumal,Grupal,20,2.0,Mexico,Español,,16920.75,9.7,4.9,Crypto,Completada,,Media,6,2021,cliente7998@hotmail.com
RES05505,2022-04-03,Akumal,Snorkel Tortugas Akumal,Privado,1,0.0,Canada,Ingles,1533.71,1533.71,3.7,5.0,Efectivo,Completada,G013,Alta,4,2022,cliente5825@hotmail.com
RES02238,2023-04-20,Playa del Carmen,Xel-Ha,Grupal,16,7.0,Mexico,Español,1082.89,21116.36,3.5,2.8,Efectivo,Confirmada,G017,Alta,4,2023,cliente5611@icloud.com
RES03303,2021-08-23,Holbox,Tour Isla Holbox,Privado,4,,Canada,Español,1793.2,7172.8,10.3,4.9,Efectivo,Confirmada,G019,Alta,8,2021,cliente8657@yahoo.com
RES05593,2024-01-15,Bacalar,Laguna de los 7 Colores,Privado,3,1.0,Estados Unidos,Español,,4130.1,3.4,2.0,Efectivo,Completada,G031,Baja,1,2024,cliente1329@hotmail.com
RES02039,2022-04-03,Bacalar,Kayak Canales,Grupal,18,3.0,Canada,Frances,1029.23,20069.99,6.0,,Tarjeta credito,Completada,G026,Alta,4,2022,cliente1742@icloud.com
RES01530,2022-02-05,Akumal,Snorkel Tortugas Akumal,Grupal,20,4.0,Francia,Ingles,717.96,15795.12,8.1,2.2,Transferencia,Completada,G021,Baja,2,2022,cliente8636@outlook.com
RES01664,2024-01-03,Cancun,Laguna Nichupte,Grupal,4,0.0,Estados Unidos,Ingles,617.27,2469.08,4.8,5.0,Efectivo,Cancelada,G012,Baja,1,2024,cliente3546@icloud.com
RES05451,2022-05-03,Cozumel,Snorkel El Cielo,Grupal,4,0.0,Francia,Español,1082.76,4331.04,9.5,4.6,Tarjeta debito,Completada,G026,Media,5,2022,cliente8633@outlook.com
RES05962,2021-09-10,Playa del Carmen,Xel-Ha,Privado,1,0.0,Canada,Español,1078.23,1078.23,7.8,4.8,Tarjeta debito,Cancelada,G033,Baja,9,2021,cliente3435@yahoo.com
RES05984,2021-09-24,Bacalar,Fuerte de San Felipe,Privado,1,0.0,,Español,1237.84,1237.84,5.6,3.8,Transferencia,Completada,G004,Baja,9,2021,cliente4463@icloud.com
RES03628,2023-03-23,Uxmal,Uxmal + Kabah,Grupal,6,2.0,Mexico,Ingles,1183.28,8282.96,7.7,3.9,T. Credito,Confirmada,G015,Alta,3,2023,cliente4621@yahoo.com
RES05740,2023-04-24,Cozumel,Tour Isla Cozumel,Privado,3,0.0,Brasil,Ingles,1956.42,5869.26,3.2,4.6,T. Credito,Confirmada,G004,Alta,4,2023,cliente5662@outlook.com
RES05148,2021-09-23,Uxmal,Ruta Puuc,Grupal,19,7.0,Brasil,Español,795.07,17889.08,8.5,4.9,Tarjeta credito,Cancelada,G035,Baja,9,2021,cliente5324@hotmail.com
RES04892,2023-12-25,Holbox,Avistamiento Tiburon Ballena,Privado,2,0.0,Estados Unidos,Ingles,1799.8,3599.6,9.2,2.9,Transferencia,Completada,G024,Alta,12,2023,cliente7190@yahoo.com
RES02694,2023-01-15,Cancun,Isla Mujeres,Privado,2,0.0,Estados Unidos,Español,1025.19,2050.38,3.7,5.0,,Completada,G023,Baja,1,2023,cliente1555@hotmail.com
RES03061,2021-09-13,Cancun,Laguna Nichupte,Grupal,16,6.0,Argentina,Italiano,650.08,12351.52,2.7,5.0,Paypal,Completada,G014,Baja,9,2021,cliente4732@icloud.com
RES01598,2021-10-24,Bacalar,Kayak Canales,Grupal,15,7.0,Mexico,Frances,964.02,-17834.37,2.8,5.0,Crypto,Completada,G022,Media,10,2021,cliente9713@outlook.com
RES02730,2021-07-22,Bacalar,Laguna de los 7 Colores,Privado,1,0.0,Francia,Ingles,1645.92,1645.92,4.0,5.0,Transferencia,Pendiente,G023,Alta,7,2021,cliente9344@icloud.com
RES02626,2021-02-14,Tulum,Sian Ka'an,Privado,3,,España,Ingles,1217.15,3651.45,9.0,4.0,Paypal,Pendiente,G007,Baja,2,2021,usuario.dominio.com
RES03158,2021-09-29,Chichen Itza,Valladolid + Chichen Itza,Grupal,13,5.0,Mexico,Ingles,,14645.49,10.3,4.0,,Cancelada,G006,Baja,9,2021,cliente1226@outlook.com
RES03315,2023-06-27,Cozumel,Tour Isla Cozumel,Grupal,14,2.0,Estados Unidos,Ingles,1120.75,16811.25,5.2,5.0,Tarjeta credito,Completada,G040,Media,6,2023,cliente695@gmail.com
RES01723,2021-03-03,Bacalar,Kayak Canales,Privado,3,0.0,Argentina,Ingles,1574.11,4722.33,8.6,4.1,Tarjeta credito,Completada,G010,Alta,3,2021,cliente112@yahoo.com
RES05280,2023-07-14,Playa del Carmen,Quinta Avenida + Cozumel,Grupal,5,0.0,Alemania,Español,1040.47,5202.35,10.2,4.9,Paypal,Completada,,Alta,7,2023,cliente2955@icloud.com
RES01060,2022-04-29,Tulum,Cenote Gran Cenote,Privado,3,0.0,Italia,Ingles,1769.41,5308.23,2.8,2.3,Transferencia,Completada,G039,Alta,4,2022,cliente9752@outlook.com
RES04637,2021-02-23,Cancun,Zona Hotelera Tour,Grupal,4,0.0,Mexico,Portugues,636.95,2547.8,8.0,4.3,Paypal,Confirmada,G036,Baja,2,2021,cliente2428@yahoo.com
RES03243,2022-07-14,Merida,Haciendas del Mayab,Grupal,16,6.0,Mexico,Ingles,862.56,16388.64,3.6,4.1,Tarjeta debito,Cancelada,G022,Alta,7,2022,cliente4701@icloud.com
RES01679,2023-06-05,Cozumel,Snorkel El Cielo,Privado,1,0.0,Colombia,Español,1622.36,1622.36,6.5,5.0,Tarjeta credito,Completada,G016,Media,6,2023,cliente8826@gmail.com
RES01758,2022-02-23,Tulum,Ruinas de Tulum,Privado,1,0.0,Mexico,,1189.0,1189.0,2.9,3.2,Tarjeta debito,Completada,G038,Baja,2,2022,cliente7748@outlook.com
RES04192,2021-02-16,Merida,Centro Historico Merida,Grupal,13,6.0,Estados Unidos,Español,574.61,9193.76,2.6,4.0,Tarjeta credito,Cancelada,G028,Baja,2,2021,cliente5376@outlook.com
RES05117,2021-01-19,Playa del Carmen,Quinta Avenida + Cozumel,Privado,4,2.0,Brasil,Frances,1148.93,5744.65,5.7,4.2,Efectivo,Completada,G017,Baja,1,2021,cliente4584@icloud.com
RES00564,2021-01-27,Tulum,Ruinas de Tulum,Grupal,19,4.0,Mexico,Ingles,770.34,16177.14,6.7,,,Completada,,Baja,1,2021,cliente916@hotmail.com
RES02791,2024-03-31,Bacalar,Kayak Canales,Grupal,9,1.0,Mexico,Español,1055.78,10029.91,5.0,3.2,Tarjeta credito,Completada,G025,Alta,3,2024,cliente7284@yahoo.com
RES00864,2024-02-20,Playa del Carmen,Xcaret,Privado,2,1.0,Brasil,Ingles,1146.38,2865.95,8.3,3.6,Transferencia,Completada,G008,Baja,2,2024,cliente9968@hotmail.com
RES01485,2021-03-02,Bacalar,Fuerte de San Felipe,Grupal,11,2.0,Estados Unidos,Frances,1146.71,13760.52,7.1,2.7,Tarjeta credito,Confirmada,G017,Alta,3,2021,cliente1013@outlook.com
RES05135,2024-02-25,Akumal,Snorkel Tortugas Akumal,Privado,3,0.0,Argentina,Ingles,,3305.13,9.2,4.6,Tarjeta debito,Completada,G026,Baja,2,2024,cliente2882@outlook.com
RES00207,2023-01-09,Merida,Haciendas del Mayab,Grupal,17,1.0,Colombia,Español,,10447.85,6.0,4.1,Tarjeta debito,Completada,G032,Baja,1,2023,cliente5213@outlook.com
RES04489,2023-07-23,Playa del Carmen,Xcaret,Grupal,12,1.0,Estados Unidos,Español,954.78,11934.75,3.8,4.3,Efectivo,Cancelada,G016,Alta,7,2023,cliente8494@outlook.com
RES00871,2021-07-16,Uxmal,Uxmal + Kabah,Privado,1,0.0,Holanda,Español,1725.85,1725.85,2.7,1.0,Efectivo,Confirmada,G025,Alta,7,2021,cliente8282@hotmail.com
RES04494,2021-05-25,Tulum,Cenote Dos Ojos,Privado,4,0.0,Mexico,Ingles,1536.44,6145.76,4.3,4.4,Crypto,Pendiente,G019,Media,5,2021,cliente8854@outlook.com
RES00503,2023-12-15,Bacalar,Laguna de los 7 Colores,Grupal,20,0.0,Estados Unidos,Español,1186.01,23720.2,4.6,4.9,Tarjeta debito,Completada,G034,Alta,12,2023,cliente7891@hotmail.com
RES01029,2023-12-29,Playa del Carmen,Xcaret,Grupal,8,2.0,Francia,Español,989.12,8902.08,5.5,3.9,Tarjeta debito,Confirmada,G009,Alta,12,2023,cliente9625@outlook.com
RES03841,2021-08-05,Cancun,Laguna Nichupte,Grupal,6,0.0,Mexico,Portugues,901.03,5406.18,9.6,3.9,Tarjeta debito,Completada,G039,Alta,8,2021,sinArroba.com
RES02691,2021-11-03,Akumal,Cenote Yalku,Privado,1,0.0,Japon,Portugues,1275.66,1275.66,10.4,5.0,Tarjeta debito,Completada,G016,Media,11,2021,@dominio.com
RES05582,2023-01-10,Holbox,Avistamiento Tiburon Ballena,Privado,3,1.0,Mexico,Aleman,1414.72,4951.52,3.8,3.7,Tarjeta credito,Confirmada,G031,Baja,1,2023,cliente2732@outlook.com
RES05057,2024-03-28,Holbox,Tour Isla Holbox,Grupal,19,3.0,Estados Unidos,Español,1189.27,24380.03,,5.0,Tarjeta credito,Pendiente,G005,Alta,3,2024,cliente2532@gmail.com
RES01571,2021-09-29,Holbox,Avistamiento Tiburon Ballena,Grupal,8,1.0,Mexico,Frances,894.37,7602.15,3.6,5.0,,Completada,G031,Baja,9,2021,
RES02774,2022-06-19,Merida,Haciendas del Mayab,Privado,3,1.0,Francia,Ingles,1127.97,3947.89,7.5,,Tarjeta debito,Confirmada,,Media,6,2022,cliente2218@icloud.com
RES02732,2022-05-16,Uxmal,Ruta Puuc,Privado,4,0.0,Brasil,Ingles,1566.92,6267.68,4.5,3.1,Tarjeta debito,Completada,G023,Media,5,2022,cliente9527@outlook.com
RES00805,2023-05-04,Chichen Itza,Chichen Itza + Cenote Ik Kil,Grupal,11,1.0,Estados Unidos,Español,1277.05,14686.07,5.1,4.2,Tarjeta debito,Completada,G034,Media,5,2023,cliente6507@gmail.com
RES05848,2023-05-14,Cancun,Zona Hotelera Tour,Grupal,19,1.0,Mexico,Español,813.32,15859.74,8.1,5.0,Tarjeta credito,Cancelada,G030,Media,5,2023,cliente7311@gmail.com
RES03646,2023-06-09,Akumal,Snorkel Tortugas Akumal,Grupal,9,1.0,Estados Unidos,Portugues,768.86,7304.17,6.1,5.0,Tarjeta credito,Completada,G008,Media,6,2023,@dominio.com
RES02455,2022-11-06,Holbox,Tour Isla Holbox,Grupal,6,2.0,Mexico,Ingles,978.2,6847.4,2.6,5.0,T. Credito,Confirmada,G023,Media,11,2022,@dominio.com
RES04599,2022-08-12,Chichen Itza,Valladolid + Chichen Itza,Privado,2,0.0,Canada,Español,2338.29,4676.58,4.6,8.0,Tarjeta credito,Pendiente,G013,Alta,8,2022,cliente4918@gmail.com
RES03105,2022-01-21,Tulum,Ruinas de Tulum,Grupal,15,1.0,Estados Unidos,Aleman,774.78,12009.09,6.4,5.0,Efectivo,Completada,G009,Baja,1,2022,cliente4021@yahoo.com
RES04876,2022-09-25,Merida,Centro Historico Merida,Grupal,12,1.0,Canada,,591.8,7397.5,3.2,4.7,Tarjeta credito,Completada,G040,Baja,9,2022,cliente3330@gmail.com
RES00201,2023-04-11,Holbox,Punta Mosquito,Grupal,9,3.0,Estados Unidos,Ingles,1161.8,12198.9,3.8,4.0,Tarjeta credito,Completada,G035,Alta,4,2023,cliente1346@gmail.com
RES03100,2024-01-13,Uxmal,Uxmal + Kabah,Privado,3,0.0,Estados Unidos,Español,1244.03,3732.09,8.9,1.7,,Completada,G012,Baja,1,2024,cliente8157@icloud.com
RES02279,2023-07-18,Akumal,Cenote Yalku,Grupal,7,0.0,,Español,982.99,6880.93,8.8,,Efectivo,Completada,G019,Alta,7,2023,cliente3598@icloud.com
RES03562,2021-03-07,Uxmal,Ruta Puuc,Privado,4,1.0,Estados Unidos,Español,1883.57,8476.07,4.0,3.6,Tarjeta debito,Completada,G012,Alta,3,2021,cliente8878@icloud.com
RES05893,2021-09-23,Uxmal,Ruta Puuc,Grupal,6,0.0,Canada,Español,923.23,5539.38,2.7,3.4,Transferencia,Completada,G039,Baja,9,2021,cliente3302@outlook.com
RES04475,2023-09-05,Playa del Carmen,Quinta Avenida + Cozumel,Grupal,10,4.0,Mexico,Italiano,676.41,8116.92,10.2,5.0,Tarjeta debito,Completada,G029,Baja,9,2023,cliente356@hotmail.com
RES04515,2023-12-23,Tulum,Cenote Dos Ojos,Privado,3,1.0,Reino Unido,Español,,6216.53,4.3,5.0,Tarjeta credito,Confirmada,G013,Alta,12,2023,cliente3133@hotmail.com
RES05795,2023-10-29,Holbox,Avistamiento Tiburon Ballena,Privado,4,1.0,Mexico,,1664.35,7489.57,9.5,4.1,Efectivo,Completada,G023,Media,10,2023,
RES00392,2021-09-29,Chichen Itza,Chichen Itza + Cenote Ik Kil,Grupal,15,4.0,Reino Unido,Ingles,954.84,16232.28,6.7,4.0,Efectivo,Completada,G016,Baja,9,2021,sinArroba.com
RES05619,2021-11-01,Holbox,Avistamiento Tiburon Ballena,Privado,1,0.0,Mexico,Aleman,1634.76,1634.76,4.7,5.0,Efectivo,Cancelada,G020,Media,11,2021,cliente5954@yahoo.com
RES05259,2024-02-09,Bacalar,Fuerte de San Felipe,Privado,2,1.0,Estados Unidos,Español,1143.93,2859.83,,4.9,Efectivo,Completada,G026,Baja,2,2024,cliente4846@gmail.com
RES01496,2022-10-30,Bacalar,Fuerte de San Felipe,Privado,1,0.0,Canada,Español,1463.94,1463.94,8.8,5.0,Efectivo,Completada,G032,Media,10,2022,cliente3674@gmail.com
RES02696,2021-01-01,Cancun,Snorkel Arrecife,Grupal,10,0.0,Argentina,Español,638.48,6384.8,6.5,4.7,Crypto,Confirmada,G033,Baja,1,2021,cliente9294@gmail.com
RES02028,2021-06-08,Cancun,Snorkel Arrecife,Privado,4,1.0,Estados Unidos,Ingles,1186.0,5337.0,8.9,5.0,Efectivo,Confirmada,,Media,6,2021,cliente1129@gmail.com
RES05249,2022-09-29,Bacalar,Kayak Canales,Grupal,16,2.0,Argentina,Ingles,782.44,13301.48,2.9,3.0,Tarjeta credito,Completada,G002,Baja,9,2022,cliente2115@gmail.com
RES05464,2023-07-27,Cancun,Zona Hotelera Tour,Grupal,4,0.0,Estados Unidos,Español,922.67,3690.68,4.0,1.0,Efectivo,Completada,G021,Alta,7,2023,sinArroba.com
RES02569,2021-12-12,Tulum,Ruinas de Tulum,Privado,1,0.0,Polonia,Portugues,1776.21,1776.21,3.0,4.2,Tarjeta credito,Completada,G014,Alta,12,2021,cliente1356@gmail.com
RES00065,2021-01-20,Cancun,Isla Mujeres,Grupal,15,3.0,Estados Unidos,Español,590.86,9749.19,10.0,4.9,Efectivo,Completada,G016,Baja,1,2021,cliente8243@yahoo.com
RES03885,2022-02-02,Merida,Izamal + Merida,Grupal,9,2.0,Italia,Ingles,589.76,5897.6,3.0,5.0,Transferencia,Confirmada,G032,Baja,2,2022,cliente9523@yahoo.com
RES02063,2022-10-08,Uxmal,Ruta Puuc,Privado,1,0.0,Mexico,Aleman,1586.52,1586.52,7.9,3.9,Tarjeta debito,Completada,G001,Media,10,2022,cliente244@hotmail.com
RES05277,2023-03-01,Bacalar,Kayak Canales,Grupal,20,5.0,Argentina,Español,1136.23,25565.17,10.2,2.9,Transferencia,Completada,G033,Alta,3,2023,cliente276@hotmail.com
RES00493,2023-09-28,Bacalar,Kayak Canales,Privado,2,1.0,Canada,Español,1146.53,2866.32,6.0,3.7,Tarjeta debito,Completada,G012,Baja,9,2023,cliente5841@hotmail.com
RES00380,2022-03-29,Bacalar,Fuerte de San Felipe,Grupal,19,0.0,Colombia,Español,1107.16,21036.04,3.3,4.9,Tarjeta debito,Cancelada,G038,Alta,3,2022,cliente725@gmail.com
RES04860,2022-06-28,Bacalar,Fuerte de San Felipe,Grupal,13,1.0,Brasil,Español,,11791.44,3.8,4.7,Crypto,Completada,G031,Media,6,2022,cliente366@icloud.com
RES03994,2021-04-23,Holbox,Punta Mosquito,Privado,2,1.0,Mexico,Ingles,1918.29,4795.73,5.3,6.5,Efectivo,Completada,G004,Alta,4,2021,cliente4092@icloud.com
RES04888,2024-01-27,Uxmal,Uxmal + Kabah,Grupal,4,1.0,,Ingles,865.78,3896.01,8.5,,Tarjeta debito,Completada,G019,Baja,1,2024,cliente6287@hotmail.com
RES01077,2023-11-17,Bacalar,Kayak Canales,Grupal,20,1.0,Alemania,Ingles,854.27,17512.53,8.4,3.1,Tarjeta debito,Completada,G022,Media,11,2023,cliente4310@gmail.com
RES00879,2022-04-14,Merida,Izamal + Merida,Grupal,9,,Estados Unidos,Español,840.03,7980.28,7.6,4.0,Transferencia,Completada,G024,Alta,4,2022,cliente4532@gmail.com
RES00338,2021-08-27,Chichen Itza,Chichen Itza + Cenote Ik Kil,Grupal,15,1.0,,Español,1567.35,24293.92,7.0,4.7,Tarjeta debito,Completada,,Alta,8,2021,cliente7047@gmail.com
RES01017,2021-11-28,Chichen Itza,Valladolid + Chichen Itza,Grupal,4,1.0,,Español,1157.39,5208.26,8.7,4.1,Tarjeta credito,Confirmada,G014,Media,11,2021,cliente4597@gmail.com
RES01276,2022-05-24,Cozumel,Tour Isla Cozumel,Grupal,7,3.0,Canada,Español,1175.97,9995.75,5.7,5.0,Efectivo,Completada,G017,Media,5,2022,cliente8220@icloud.com
RES03799,2024-02-20,Uxmal,Ruta Puuc,Grupal,10,2.0,Canada,Italiano,785.9,8644.9,4.8,4.2,Tarjeta credito,Pendiente,G013,Baja,2,2024,cliente9882@icloud.com
RES04552,2022-03-12,Chichen Itza,Valladolid + Chichen Itza,Grupal,16,3.0,Alemania,Español,1352.4,23667.0,9.9,4.6,Transferencia,Completada,G035,Alta,3,2022,cliente6567@gmail.com
RES03343,2021-01-29,Chichen Itza,Chichen Itza + Cenote Ik Kil,Gruupal,-7,0.0,Estados Unidos,Frances,1004.63,7032.41,4.0,4.3,Tarjeta debito,Confirmada,,Baja,1,2021,cliente4009@icloud.com
RES04912,2022-11-29,Cancun,Laguna Nichupte,Privado,1,0.0,Canada,Español,1059.67,1059.67,6.3,3.2,T. Credito,Completada,G034,Media,11,2022,cliente7316@yahoo.com
RES00996,2024-02-15,Holbox,Punta Mosquito,Grupal,10,5.0,Alemania,Portugues,876.86,10960.75,9.0,3.8,Transferencia,Confirmada,G019,Baja,2,2024,
RES01982,2024-01-15,Cozumel,Snorkel El Cielo,Privado,4,1.0,Canada,Español,1319.78,5939.01,9.9,1.2,Crypto,Completada,G013,Baja,1,2024,cliente8899@outlook.com
RES04298,2023-06-26,Bacalar,Fuerte de San Felipe,Grupal,11,0.0,Suecia,Ingles,,9590.57,4.1,4.7,Tarjeta credito,Completada,G017,Media,6,2023,cliente8644@gmail.com
RES00162,2022-05-21,Cancun,Zona Hotelera Tour,Grupal,18,2.0,,Ingles,764.6,14527.4,200.0,5.0,Transferencia,Completada,G006,Media,5,2022,cliente4651@gmail.com
RES05676,2021-07-05,Bacalar,Kayak Canales,Grupal,4,1.0,Colombia,Ingles,1179.0,5305.5,8.1,5.0,Tarjeta debito,Completada,,Alta,7,2021,cliente4872@hotmail.com
RES04799,2021-04-18,Playa del Carmen,Xcaret,Privado,2,0.0,Canada,Ingles,1682.21,3364.42,9.6,5.0,Crypto,Completada,G032,Alta,4,2021,cliente5211@hotmail.com
RES01501,2021-10-27,Cancun,Laguna Nichupte,Privado,4,0.0,Estados Unidos,Portugues,1189.62,4758.48,5.2,5.0,Paypal,Completada,G006,Media,10,2021,cliente8690@yahoo.com
RES03844,2023-05-14,,Snorkel Arrecife,Grupal,20,8.0,,Ingles,806.24,19349.76,6.0,4.0,Efectivo,Completada,G012,Media,5,2023,cliente8442@hotmail.com
RES05226,2023-11-17,Cozumel,Tour Isla Cozumel,Grupal,7,2.0,Francia,Ingles,1192.68,9541.44,4.2,4.8,Tarjeta credito,Completada,G025,Media,11,2023,cliente9539@icloud.com
RES02614,2022-12-31,Tulum,Sian Ka'an,Grupal,12,4.0,Estados Unidos,Ingles,1089.11,15247.54,5.8,4.0,Efectivo,Completada,G032,Alta,12,2022,cliente5060@icloud.com
RES03462,2021-02-24,Cancun,Laguna Nichupte,Grupal,6,2.0,Mexico,Español,,4479.79,9.8,4.7,Efectivo,Completada,G023,Baja,2,2021,cliente8767@icloud.com
RES01022,2023-08-11,Uxmal,Uxmal + Kabah,Grupal,5,2.0,Estados Unidos,Aleman,1130.06,6780.36,,3.2,Paypal,Confirmada,G014,Alta,8,2023,
RES03074,2023-10-15,Akumal,Snorkel Tortugas Akumal,Grupal,17,0.0,Estados Unidos,Español,808.79,13749.43,8.5,,Efectivo,Completada,G033,Media,10,2023,cliente7068@yahoo.com
RES03944,2022-07-03,Cancun,Laguna Nichupte,Grupal,12,3.0,Brasil,Frances,898.2,12125.7,3.1,5.0,Tarjeta credito,Confirmada,G025,Alta,7,2022,usuario.dominio.com
RES01586,2024-01-06,Chichen Itza,Chichen Itza + Cenote Ik Kil,Privado,4,,Reino Unido,Ingles,1678.42,8392.1,2.8,5.0,,Confirmada,G011,Baja,1,2024,cliente7452@hotmail.com
RES01956,2022-08-26,Cozumel,Tour Isla Cozumel,Gruupal,16,8.0,Mexico,Español,1296.64,25932.8,2.6,4.6,Tarjeta debito,Cancelada,G016,Alta,8,2022,cliente6281@yahoo.com
RES03153,2022-12-28,Cancun,Zona Hotelera Tour,Grupal,14,1.0,Estados Unidos,Aleman,925.38,13418.01,,5.0,Efectivo,Completada,G006,Alta,12,2022,cliente5233@icloud.com
RES00035,2021-08-30,Holbox,Avistamiento Tiburon Ballena,Grupal,12,4.0,Mexico,Español,1185.87,16602.18,,4.1,Efectivo,Cancelada,G030,Alta,8,2021,cliente8490@yahoo.com
RES04015,2023-06-16,Bacalar,Kayak Canales,Grupal,20,6.0,Mexico,Ingles,846.67,19473.41,5.4,5.0,Tarjeta debito,Completada,G007,Media,6,2023,cliente917@yahoo.com
RES00776,2023-10-04,Cozumel,Tour Isla Cozumel,Privado,4,2.0,Argentina,Ingles,1795.94,8979.7,10.1,4.8,Tarjeta debito,Completada,G023,Media,10,2023,cliente7401@yahoo.com
RES02557,2023-11-04,Uxmal,Ruta Puuc,Grupal,10,3.0,Brasil,Ingles,1055.95,12143.43,10.2,5.0,Efectivo,Completada,G037,Media,11,2023,cliente9383@hotmail.com
RES01479,2023-04-01,Bacalar,Kayak Canales,Grupal,5,1.0,,Español,1091.32,6002.26,72.0,5.0,Tarjeta debito,Cancelada,G035,Alta,4,2023,cliente5408@hotmail.com
RES05487,2021-09-26,Bacalar,Laguna de los 7 Colores,Grupal,19,2.0,Mexico,Español,841.09,16821.8,7.1,4.1,Tarjeta credito,Completada,G009,Baja,9,2021,
RES01364,2022-06-05,Cancun,Snorkel Arrecife,Grupal,12,3.0,Canada,Español,690.35,9319.73,9.3,5.0,Tarjeta credito,Cancelada,G034,Media,6,2022,cliente427@gmail.com
RES02613,2024-01-31,Akumal,Snorkel Tortugas Akumal,Grupal,12,5.0,Alemania,Aleman,649.89,200000.0,6.3,4.7,,Completada,G018,Baja,1,2024,cliente3461@outlook.com
RES02825,2022-07-31,Holbox,Tour Isla Holbox,Privado,4,1.0,Estados Unidos,Español,1927.65,8674.43,7.9,4.8,Tarjeta debito,Completada,G009,Alta,7,2022,cliente3679@outlook.com
RES02042,2024-02-23,Merida,Centro Historico Merida,Privado,4,2.0,,Frances,916.14,4580.7,7.2,5.0,Tarjeta credito,Completada,G003,Baja,2,2024,cliente3986@yahoo.com
RES00242,2022-01-14,Cozumel,Buceo Arrecife Palancar,Grupal,9,1.0,Mexico,Portugues,901.23,8561.68,8.3,5.0,Tarjeta debito,Completada,G015,Baja,1,2022,cliente279@gmail.com
RES02062,2023-11-23,Chichen Itza,Valladolid + Chichen Itza,Grupal,7,1.0,Canada,Español,1315.19,9863.93,2.6,1.9,Tarjeta credito,Completada,G039,Media,11,2023,cliente132@outlook.com
RES02364,2023-06-20,Akumal,Snorkel Tortugas Akumal,Grupal,7,0.0,Estados Unidos,Italiano,757.29,-5301.03,10.4,4.7,Transferencia,Completada,G006,Media,6,2023,cliente4880@gmail.com
RES00601,2021-05-21,Cozumel,Buceo Arrecife Palancar,Grupal,6,3.0,Mexico,Aleman,1056.8,7926.0,5.0,5.0,Tarjeta credito,Confirmada,G013,Media,5,2021,cliente1519@hotmail.com
RES02436,2022-01-20,Merida,Haciendas del Mayab,Grupal,18,8.0,Mexico,Ingles,620.23,13645.06,10.4,4.7,Efectivo,Completada,G013,Baja,1,2022,cliente1984@icloud.com
RES05394,2023-09-17,Tulum,Cenote Gran Cenote,Grupal,4,1.0,Japon,Español,868.9,3910.05,8.2,1.8,Transferencia,Pendiente,G040,Baja,9,2023,cliente2827@yahoo.com
RES02889,2021-05-19,Merida,Centro Historico Merida,Privado,1,0.0,Estados Unidos,Ingles,1024.98,1024.98,8.0,4.3,Crypto,Completada,G038,Media,5,2021,cliente954@gmail.com
RES00647,2021-06-06,Playa del Carmen,Xel-Ha,Privado,2,,Japon,Ingles,1175.57,2938.92,8.0,4.8,Transferencia,Confirmada,G018,Media,6,2021,cliente7992@yahoo.com
RES03891,2021-11-09,Akumal,Snorkel Tortugas Akumal,Privado,2,0.0,Mexico,Español,1214.44,2428.88,5.5,5.0,Transferencia,Completada,G022,Media,11,2021,cliente5631@outlook.com
RES03557,2021-05-19,Playa del Carmen,Xcaret,Grupal,11,4.0,Canada,Ingles,919.16,11949.08,10.1,2.7,Tarjeta credito,Cancelada,G018,Media,5,2021,cliente4875@hotmail.com
RES03203,2022-08-05,Tulum,Cenote Dos Ojos,Privado,4,1.0,Argentina,Ingles,,8235.99,5.5,5.0,Efectivo,Pendiente,G038,Alta,8,2022,cliente6576@icloud.com
RES01529,2022-08-04,Akumal,Snorkel Tortugas Akumal,Grupal,20,4.0,Alemania,Italiano,1032.22,22708.84,,5.0,Efectivo,Completada,G028,Alta,8,2022,cliente7775@yahoo.com
RES01268,2021-08-22,Holbox,Punta Mosquito,Grupal,12,2.0,Australia,Español,1192.39,15501.07,3.2,5.0,tarjeta credito,Cancelada,G038,Alta,8,2021,cliente3265@hotmail.com
RES01900,2023-11-08,Tulum,Cenote Gran Cenote,Privado,3,1.0,Mexico,Ingles,1481.38,5184.83,6.2,4.6,Efectivo,Completada,G033,Media,11,2023,cliente7750@hotmail.com
RES04659,2022-03-17,Tulum,Ruinas de Tulum,Grupal,12,2.0,Polonia,Ingles,1138.94,14806.22,2.9,4.1,Efectivo,Completada,G028,Alta,3,2022,cliente6943@yahoo.com
RES03006,2022-02-17,Akumal,Snorkel Tortugas Akumal,Privado,4,,Estados Unidos,Español,996.75,3987.0,8.8,4.0,Tarjeta credito,Completada,G037,Baja,2,2022,cliente9566@hotmail.com
RES02735,2023-01-02,Bacalar,Fuerte de San Felipe,Grupal,8,4.0,Mexico,Portugues,752.63,7526.3,3.4,,Tarjeta debito,Confirmada,G029,Baja,1,2023,cliente8443@icloud.com
RES00190,2024-03-08,Bacalar,Kayak Canales,Grupal,20,3.0,España,Español,1068.6,22974.9,9.8,4.1,Efectivo,Confirmada,,Alta,3,2024,cliente4600@hotmail.com
RES01807,2023-04-18,Bacalar,Laguna de los 7 Colores,Grupal,7,3.0,Mexico,Ingles,1102.62,9372.27,4.8,4.2,Tarjeta debito,Completada,G003,Alta,4,2023,cliente9131@outlook.com
RES00976,2023-09-16,Cozumel,Buceo Arrecife Palancar,Grupal,15,0.0,Estados Unidos,Frances,952.15,14282.25,8.5,4.7,Tarjeta credito,Completada,G013,Baja,9,2023,cliente7074@hotmail.com
RES02748,2022-02-23,Bacalar,Laguna de los 7 Colores,Privado,4,2.0,Estados Unidos,Aleman,,5570.75,6.9,5.0,Tarjeta debito,Completada,G003,Baja,2,2022,cliente6601@outlook.com
RES02048,2023-08-14,Cancun,Zona Hotelera Tour,Privado,3,0.0,Canada,Español,1285.13,3855.39,8.3,3.4,Efectivo,Completada,G016,Alta,8,2023,cliente1354@yahoo.com
RES02559,2021-02-03,Cozumel,Snorkel El Cielo,Grupal,10,4.0,Mexico,Español,861.09,10333.08,6.9,5.0,Tarjeta credito,Completada,G031,Baja,2,2021,cliente9780@yahoo.com
RES01083,2023-08-20,Cozumel,Buceo Arrecife Palancar,Grupal,8,2.0,Japon,Español,1365.06,12285.54,7.8,5.0,Efectivo,Completada,G009,Alta,8,2023,cliente8007@outlook.com
RES00475,2023-04-24,Cozumel,Snorkel El Cielo,Privado,2,0.0,Mexico,Ingles,1870.95,3741.9,8.1,4.8,Tarjeta debito,Completada,G003,Alta,4,2023,cliente6964@gmail.com
RES02905,2022-12-27,Playa del Carmen,Quinta Avenida + Cozumel,Grupal,15,6.0,Mexico,Español,946.5,17037.0,7.7,5.0,Tarjeta credito,Completada,G028,Alta,12,2022,cliente3592@hotmail.com
RES04844,2021-08-14,Merida,Izamal + Merida,Grupal,5,2.0,Estados Unidos,Español,860.47,5162.82,5.8,1.9,Tarjeta credito,Completada,G031,Alta,8,2021,cliente5448@yahoo.com
RES04118,2021-02-14,Holbox,Tour Isla Holbox,Grupal,7,2.0,Mexico,Frances,911.81,7294.48,5.8,1.4,Tarjeta credito,Completada,G036,Baja,2,2021,cliente6571@gmail.com
RES03386,2021-05-18,Bacalar,Kayak Canales,Privado,1,0.0,Japon,Español,1446.46,1446.46,3.5,3.6,Tarjeta credito,Completada,G024,Media,5,2021,cliente9434@outlook.com
RES04556,2023-12-28,Uxmal,Uxmal + Kabah,Grupal,10,1.0,Francia,Ingles,1254.95,13176.98,7.8,4.9,Transferencia,Completada,G017,Alta,12,2023,cliente6002@gmail.com
RES01185,2021-06-29,Tulum,Sian Ka'an,Grupal,11,5.0,Reino Unido,Ingles,,12801.24,5.8,4.7,Transferencia,Completada,G040,Media,6,2021,cliente5358@gmail.com
RES05052,2023-04-16,Bacalar,Fuerte de San Felipe,Grupal,20,9.0,Mexico,Español,1047.64,25667.18,5.5,4.1,Efectivo,Completada,G018,Alta,4,2023,cliente1942@gmail.com
RES05312,2022-07-02,Playa del Carmen,Xcaret,Privado,2,0.0,Estados Unidos,Español,1605.0,3210.0,5.5,5.0,Tarjeta credito,Confirmada,G001,Alta,7,2022,cliente1638@hotmail.com
RES02434,2022-10-05,Playa del Carmen,Quinta Avenida + Cozumel,Grupal,16,6.0,Estados Unidos,Frances,851.04,16169.76,9.9,4.2,,Completada,G023,Media,10,2022,cliente507@gmail.com
RES05612,2023-01-10,Uxmal,Uxmal + Kabah,Privado,4,2.0,Reino Unido,Ingles,1206.45,6032.25,3.9,,Tarjeta credito,Completada,G013,Baja,1,2023,@dominio.com
RES02392,2022-02-21,Cancun,Laguna Nichupte,Grupal,15,,Mexico,Español,595.06,200000.0,2.7,5.0,Tarjeta credito,Pendiente,G010,Baja,2,2022,cliente1536@outlook.com
RES00770,2021-06-21,Cozumel,Tour Isla Cozumel,Grupal,17,5.0,Italia,Italiano,1058.65,20643.68,6.8,4.2,Transferencia,Completada,G006,Media,6,2021,cliente7196@yahoo.com
RES01686,2023-01-25,Playa del Carmen,Quinta Avenida + Cozumel,Grupal,9,1.0,Estados Unidos,Español,760.85,7228.07,10.0,4.8,Efectivo,Completada,G035,Baja,1,2023,cliente1497@gmail.com
RES00131,2022-03-30,Playa del Carmen,Xcaret,Privado,2,0.0,Alemania,Español,1470.89,2941.78,3.4,3.3,Paypal,Cancelada,G009,Alta,3,2022,usuario@
RES02920,2022-05-06,Akumal,Cenote Yalku,Privado,3,1.0,Estados Unidos,Español,1184.57,4145.99,6.1,4.0,Tarjeta credito,Completada,G039,Media,5,2022,@dominio.com
RES03172,2023-01-19,Playa del Carmen,Xel-Ha,Privado,3,1.0,Colombia,Ingles,1012.18,3542.63,4.3,3.8,Efectivo,Completada,G003,Baja,1,2023,cliente885@outlook.com
RES03445,2021-04-19,Tulum,Ruinas de Tulum,Grupal,10,1.0,Canada,Español,1218.0,12789.0,3.7,5.0,Efectivo,Completada,G002,Alta,4,2021,cliente4355@outlook.com
RES05579,2022-05-01,Merida,Centro Historico Merida,Grupal,7,2.0,Estados Unidos,,706.42,5651.36,3.1,4.7,Tarjeta debito,Completada,G015,Media,5,2022,cliente6842@gmail.com
RES04427,2024-02-22,Akumal,Cenote Yalku,Grupal,13,,Brasil,Español,669.41,10710.56,6.5,1.7,Tarjeta credito,Pendiente,G031,Baja,2,2024,usuario@
RES05335,2023-12-19,Cancun,Laguna Nichupte,Grupal,11,2.0,Canada,Aleman,861.92,10343.04,3.1,5.0,Tarjeta credito,Confirmada,G018,Alta,12,2023,cliente6185@yahoo.com
RES00467,2021-11-22,Playa del Carmen,Xcaret,Privado,1,0.0,Brasil,Español,1379.99,1379.99,10.3,3.0,Efectivo,Completada,,Media,11,2021,cliente4140@hotmail.com
RES05735,2022-11-27,Merida,Izamal + Merida,Grupal,14,6.0,,Español,698.06,11867.02,4.0,5.0,Tarjeta credito,Completada,G035,Media,11,2022,cliente5890@yahoo.com
RES03093,2021-05-10,Merida,Centro Historico Merida,Privado,2,0.0,Reino Unido,Ingles,987.22,1974.44,3.3,4.8,Tarjeta credito,Completada,G029,Media,5,2021,cliente9781@hotmail.com
RES03773,2024/03/20,Holbox,Avistamiento Tiburon Ballena,Grupal,6,1.0,Belgica,Español,1379.59,8967.33,8.3,4.7,Tarjeta debito,Completada,G018,Alta,3,2024,cliente241@icloud.com
RES05192,2023-06-13,Playa del Carmen,Quinta Avenida + Cozumel,Privad0,4,2.0,Mexico,Español,1389.44,6947.2,9.3,3.9,Tarjeta debito,Cancelada,G033,Media,6,2023,cliente2864@hotmail.com
RES05227,2022-12-13,Cozumel,Buceo Arrecife Palancar,Grupal,20,9.0,Estados Unidos,Español,1308.42,32056.29,8.0,4.8,Efectivo,Pendiente,G038,Alta,12,2022,cliente3978@gmail.com
RES05391,2023-10-26,Chichen Itza,Valladolid + Chichen Itza,Grupal,20,1.0,Mexico,Ingles,1311.87,26893.33,6.2,4.0,Transferencia,Completada,G017,Media,10,2023,cliente6568@yahoo.com
RES00861,2022-01-21,Akumal,Snorkel Tortugas Akumal,Grupal,10,0.0,Japon,Ingles,741.34,7413.4,4.4,4.0,Tarjeta debito,Completada,G014,Baja,1,2022,cliente6919@yahoo.com
